/Applications/Vibe Island.app/Contents/MacOS/vibe-island (architecture x86_64):
Contents of (__TEXT,__swift5_reflstr) section
0000000100ed8570	6f 72 69 67 69 6e 00 73 69 7a 65 00 78 00 79 00 
0000000100ed8580	72 61 77 56 61 6c 75 65 00 00 00 00 00 00 00 00 
0000000100ed8590	41 72 72 61 79 4c 69 74 65 72 61 6c 45 6c 65 6d 
0000000100ed85a0	65 6e 74 00 45 6c 65 6d 65 6e 74 00 52 61 77 56 
0000000100ed85b0	61 6c 75 65 00 77 69 64 74 68 00 68 65 69 67 68 
0000000100ed85c0	74 00 6d 53 65 6c 65 63 74 6f 72 00 6d 53 63 6f 
0000000100ed85d0	70 65 00 6d 45 6c 65 6d 65 6e 74 00 5f 72 61 77 
0000000100ed85e0	56 61 6c 75 65 00 5f 4f 62 6a 65 63 74 69 76 65 
0000000100ed85f0	43 54 79 70 65 00 69 6e 76 6f 6b 65 00 00 00 00 
0000000100ed8600	73 6f 75 72 63 65 00 64 69 72 65 63 74 6f 72 79 
0000000100ed8610	4e 61 6d 65 00 00 00 00 00 00 00 00 00 00 00 00 
0000000100ed8620	73 65 74 74 69 6e 67 73 46 69 6c 65 4e 61 6d 65 
0000000100ed8630	00 72 65 71 75 69 72 65 64 45 76 65 6e 74 73 00 
0000000100ed8640	72 65 63 6f 6e 63 69 6c 65 4d 61 6e 61 67 65 64 
0000000100ed8650	53 6f 75 72 63 65 00 00 00 00 00 00 00 00 00 00 
0000000100ed8660	6d 61 6a 6f 72 00 6d 69 6e 6f 72 00 70 61 74 63 
0000000100ed8670	68 00 70 72 65 72 65 6c 65 61 73 65 00 65 76 65 
0000000100ed8680	6e 74 4e 61 6d 65 00 74 69 6d 65 6f 75 74 00 6d 
0000000100ed8690	61 74 63 68 65 72 00 00 00 00 00 00 00 00 00 00 
0000000100ed86a0	72 65 71 75 69 72 65 73 55 73 65 72 54 72 75 73 
0000000100ed86b0	74 00 6e 6f 74 52 65 71 75 69 72 65 64 00 00 00 
0000000100ed86c0	6e 6f 48 6f 6f 6b 73 49 6e 73 74 61 6c 6c 65 64 
0000000100ed86d0	00 74 72 75 73 74 65 64 00 75 6e 6b 6e 6f 77 6e 
0000000100ed86e0	00 6c 61 62 65 6c 00 6e 75 6d 62 65 72 00 6c 6f 
0000000100ed86f0	63 6b 00 63 61 63 68 65 64 43 6f 6e 66 69 67 73 
0000000100ed8700	00 69 64 00 70 61 74 68 00 72 6f 6f 74 00 64 65 
0000000100ed8710	65 70 53 65 65 6b 45 76 65 6e 74 00 74 69 6d 65 
0000000100ed8720	6f 75 74 53 65 63 73 00 6d 69 6e 56 65 72 73 69 
0000000100ed8730	6f 6e 00 6d 61 6a 6f 72 00 6d 69 6e 6f 72 00 70 
0000000100ed8740	61 74 63 68 00 64 61 74 61 00 00 00 00 00 00 00 
0000000100ed8750	73 6f 75 72 63 65 00 64 69 72 65 63 74 6f 72 79 
0000000100ed8760	4e 61 6d 65 00 68 6f 6f 6b 73 46 69 6c 65 4e 61 
0000000100ed8770	6d 65 00 72 65 71 75 69 72 65 64 45 76 65 6e 74 
0000000100ed8780	73 00 00 00 00 00 00 00 00 00 00 00 00 00 00 00 
0000000100ed8790	64 65 70 72 65 63 61 74 65 64 45 76 65 6e 74 73 
0000000100ed87a0	00 00 00 00 00 00 00 00 00 00 00 00 00 00 00 00 
0000000100ed87b0	64 65 66 61 75 6c 74 52 6f 6f 74 56 61 6c 75 65 
0000000100ed87c0	73 00 6c 6f 67 50 72 65 66 69 78 00 65 6e 74 72 
0000000100ed87d0	79 42 75 69 6c 64 65 72 00 63 6f 6d 6d 61 6e 64 
0000000100ed87e0	56 61 6c 75 65 73 00 69 73 4d 61 6e 61 67 65 64 
0000000100ed87f0	45 6e 74 72 79 00 65 76 65 6e 74 4e 61 6d 65 00 
0000000100ed8800	6d 61 74 63 68 65 72 00 74 69 6d 65 6f 75 74 00 
0000000100ed8810	63 6f 6e 66 69 67 75 72 61 74 69 6f 6e 46 69 6c 
0000000100ed8820	65 73 00 00 00 00 00 00 00 00 00 00 00 00 00 00 
0000000100ed8830	75 6e 6d 61 6e 61 67 65 64 43 6f 6e 66 69 67 75 
0000000100ed8840	72 61 74 69 6f 6e 52 6f 6f 74 00 00 00 00 00 00 
0000000100ed8850	65 78 74 65 72 6e 61 6c 6c 79 4f 76 65 72 77 72 
0000000100ed8860	69 74 74 65 6e 50 61 74 68 00 66 61 69 6c 75 72 
0000000100ed8870	65 00 73 75 63 63 65 73 73 00 75 72 6c 00 66 6f 
0000000100ed8880	72 6d 61 74 00 70 61 74 68 00 69 64 00 64 69 73 
0000000100ed8890	70 6c 61 79 4e 61 6d 65 00 72 65 71 75 65 73 74 
0000000100ed88a0	49 44 00 6f 75 74 63 6f 6d 65 73 00 69 74 65 6d 
0000000100ed88b0	73 00 00 00 00 00 00 00 00 00 00 00 00 00 00 00 
0000000100ed88c0	69 6e 76 61 6c 69 64 43 6f 6e 66 69 67 75 72 61 
0000000100ed88d0	74 69 6f 6e 00 70 61 74 68 4e 6f 74 57 72 69 74 
0000000100ed88e0	61 62 6c 65 00 00 00 00 00 00 00 00 00 00 00 00 
0000000100ed88f0	65 78 74 65 72 6e 61 6c 6c 79 4f 76 65 72 77 72 
0000000100ed8900	69 74 74 65 6e 00 00 00 00 00 00 00 00 00 00 00 
0000000100ed8910	64 69 61 67 6e 6f 73 74 69 63 52 65 71 75 69 72 
0000000100ed8920	65 64 00 6a 73 6f 6e 00 6f 70 61 71 75 65 00 6e 
0000000100ed8930	61 6d 65 00 74 69 6d 65 6f 75 74 00 6e 61 6d 65 
0000000100ed8940	00 6d 61 74 63 68 65 72 00 6e 61 6d 65 00 74 79 
0000000100ed8950	70 65 00 74 69 6d 65 6f 75 74 00 73 74 72 69 63 
0000000100ed8960	74 00 00 00 00 00 00 00 00 00 00 00 00 00 00 00 
0000000100ed8970	73 65 63 6f 6e 64 73 00 6d 69 6c 6c 69 73 65 63 
0000000100ed8980	6f 6e 64 73 00 73 6f 75 72 63 65 00 64 69 72 65 
0000000100ed8990	63 74 6f 72 79 4e 61 6d 65 00 00 00 00 00 00 00 
0000000100ed89a0	73 65 74 74 69 6e 67 73 46 69 6c 65 4e 61 6d 65 
0000000100ed89b0	00 72 65 71 75 69 72 65 64 45 76 65 6e 74 73 00 
0000000100ed89c0	6d 61 74 63 68 65 72 45 76 65 6e 74 73 00 00 00 
0000000100ed89d0	64 65 66 61 75 6c 74 54 6f 70 4c 65 76 65 6c 56 
0000000100ed89e0	61 6c 75 65 73 00 68 6f 6f 6b 44 65 61 64 6c 69 
0000000100ed89f0	6e 65 73 00 00 00 00 00 00 00 00 00 00 00 00 00 
0000000100ed8a00	6d 61 6e 61 67 65 64 43 6f 6d 6d 61 6e 64 4d 61 
0000000100ed8a10	72 6b 65 72 73 00 00 00 00 00 00 00 00 00 00 00 
0000000100ed8a20	72 65 63 6f 6e 63 69 6c 65 4d 61 6e 61 67 65 64 
0000000100ed8a30	53 6f 75 72 63 65 00 00 00 00 00 00 00 00 00 00 
0000000100ed8a40	72 65 6d 6f 76 65 45 6d 70 74 79 45 76 65 6e 74 
0000000100ed8a50	73 4f 6e 55 6e 69 6e 73 74 61 6c 6c 00 6c 6f 67 
0000000100ed8a60	50 72 65 66 69 78 00 00 00 00 00 00 00 00 00 00 
0000000100ed8a70	70 61 72 73 65 46 61 69 6c 75 72 65 44 69 61 67 
0000000100ed8a80	6e 6f 73 74 69 63 4d 65 73 73 61 67 65 00 00 00 
0000000100ed8a90	73 65 72 69 61 6c 69 7a 65 46 61 69 6c 75 72 65 
0000000100ed8aa0	44 69 61 67 6e 6f 73 74 69 63 4d 65 73 73 61 67 
0000000100ed8ab0	65 00 00 00 00 00 00 00 00 00 00 00 00 00 00 00 
0000000100ed8ac0	77 72 69 74 65 46 61 69 6c 75 72 65 44 69 61 67 
0000000100ed8ad0	6e 6f 73 74 69 63 4d 65 73 73 61 67 65 00 00 00 
0000000100ed8ae0	6c 61 6e 65 73 4c 6f 63 6b 00 6c 61 6e 65 73 00 
0000000100ed8af0	72 65 76 69 73 69 6f 6e 4c 6f 63 6b 00 6f 70 65 
0000000100ed8b00	72 61 74 69 6f 6e 4c 6f 63 6b 00 72 65 76 69 73 
0000000100ed8b10	69 6f 6e 00 69 73 46 69 72 73 74 49 6e 73 74 61 
0000000100ed8b20	6c 6c 00 00 00 00 00 00 00 00 00 00 00 00 00 00 
0000000100ed8b30	77 69 6e 64 6f 77 43 6f 6e 74 72 6f 6c 6c 65 72 
0000000100ed8b40	00 75 70 64 61 74 65 72 00 00 00 00 00 00 00 00 
0000000100ed8b50	75 70 64 61 74 65 55 73 65 72 44 72 69 76 65 72 
0000000100ed8b60	00 00 00 00 00 00 00 00 00 00 00 00 00 00 00 00 
0000000100ed8b70	6f 6e 62 6f 61 72 64 69 6e 67 43 6f 6e 74 72 6f 
0000000100ed8b80	6c 6c 65 72 00 00 00 00 00 00 00 00 00 00 00 00 
0000000100ed8b90	6c 69 63 65 6e 73 65 57 69 6e 64 6f 77 43 6f 6e 
0000000100ed8ba0	74 72 6f 6c 6c 65 72 00 00 00 00 00 00 00 00 00 
0000000100ed8bb0	73 65 74 74 69 6e 67 73 57 69 6e 64 6f 77 43 6f 
0000000100ed8bc0	6e 74 72 6f 6c 6c 65 72 00 00 00 00 00 00 00 00 
0000000100ed8bd0	68 61 73 41 74 74 65 6d 70 74 65 64 4e 6f 74 69 
0000000100ed8be0	66 69 63 61 74 69 6f 6e 41 75 74 68 00 00 00 00 
0000000100ed8bf0	73 63 72 65 65 6e 53 65 6c 65 63 74 69 6f 6e 54 
0000000100ed8c00	61 73 6b 00 76 65 72 69 66 79 54 61 73 6b 00 00 
0000000100ed8c10	72 65 63 72 65 61 74 65 47 65 6e 65 72 61 74 69 
0000000100ed8c20	6f 6e 00 00 00 00 00 00 00 00 00 00 00 00 00 00 
0000000100ed8c30	6c 61 73 74 4e 65 65 64 73 41 74 74 65 6e 74 69 
0000000100ed8c40	6f 6e 00 00 00 00 00 00 00 00 00 00 00 00 00 00 
0000000100ed8c50	61 70 70 41 63 74 69 76 61 74 69 6f 6e 44 65 62 
0000000100ed8c60	6f 75 6e 63 65 00 00 00 00 00 00 00 00 00 00 00 
0000000100ed8c70	66 75 6c 6c 73 63 72 65 65 6e 43 68 65 63 6b 47 
0000000100ed8c80	65 6e 65 72 61 74 69 6f 6e 00 61 70 70 4e 61 70 
0000000100ed8c90	41 63 74 69 76 69 74 79 00 00 00 00 00 00 00 00 
0000000100ed8ca0	68 6f 6f 6b 46 69 6c 65 57 61 74 63 68 65 72 73 
0000000100ed8cb0	00 00 00 00 00 00 00 00 00 00 00 00 00 00 00 00 
0000000100ed8cc0	00 00 00 00 00 00 00 00 00 00 00 00 00 00 00 00 
0000000100ed8cd0	00 00 00 00 00 00 00 00 00 00 00 00 00 00 00 00 
0000000100ed8ce0	65 78 74 65 72 6e 61 6c 6c 79 4f 76 65 72 77 72 
0000000100ed8cf0	69 74 74 65 6e 48 6f 6f 6b 49 44 73 00 00 00 00 
0000000100ed8d00	00 00 00 00 00 00 00 00 00 00 00 00 00 00 00 00 
0000000100ed8d10	00 00 00 00 00 00 00 00 00 00 00 00 00 00 00 00 
0000000100ed8d20	63 6c 69 44 69 73 63 6f 76 65 72 79 54 69 6d 65 
0000000100ed8d30	72 00 00 00 00 00 00 00 00 00 00 00 00 00 00 00 
0000000100ed8d40	63 6c 69 44 69 73 63 6f 76 65 72 79 53 63 61 6e 
0000000100ed8d50	49 6e 46 6c 69 67 68 74 00 5f 61 70 70 44 65 6c 
0000000100ed8d60	65 67 61 74 65 00 73 65 74 74 69 6e 67 73 55 52 
0000000100ed8d70	4c 00 73 6f 75 72 63 65 00 64 65 62 6f 75 6e 63 
0000000100ed8d80	65 00 42 6f 64 79 00 64 65 74 65 63 74 65 64 00 
0000000100ed8d90	66 61 69 6c 65 64 00 6d 61 6a 6f 72 00 6d 69 6e 
0000000100ed8da0	6f 72 00 70 61 74 63 68 00 70 72 65 72 65 6c 65 
0000000100ed8db0	61 73 65 00 70 72 6f 64 75 63 74 00 73 75 72 66 
0000000100ed8dc0	61 63 65 00 73 6f 75 72 63 65 00 64 69 72 65 63 
0000000100ed8dd0	74 6f 72 79 4e 61 6d 65 00 65 76 65 6e 74 73 00 
0000000100ed8de0	6d 69 6e 69 6d 75 6d 56 65 72 73 69 6f 6e 00 69 
0000000100ed8df0	6e 74 65 72 6e 61 74 69 6f 6e 61 6c 00 63 68 69 
0000000100ed8e00	6e 61 00 77 6f 72 6b 00 71 77 65 6e 57 6f 72 6b 
0000000100ed8e10	00 63 6c 69 00 69 64 65 00 64 65 73 6b 74 6f 70 
0000000100ed8e20	00 00 00 00 00 00 00 00 00 00 00 00 00 00 00 00 
0000000100ed8e30	6d 6f 64 65 6c 00 72 65 61 73 6f 6e 69 6e 67 45 
0000000100ed8e40	66 66 6f 72 74 00 6d 6f 64 65 6c 50 72 6f 76 65 
0000000100ed8e50	6e 61 6e 63 65 00 00 00 00 00 00 00 00 00 00 00 
0000000100ed8e60	65 66 66 6f 72 74 50 72 6f 76 65 6e 61 6e 63 65 
0000000100ed8e70	00 69 6e 68 65 72 69 74 65 64 00 73 65 6c 65 63 
0000000100ed8e80	74 6f 72 00 65 78 61 63 74 00 52 61 77 56 61 6c 
0000000100ed8e90	75 65 00 00 00 00 00 00 00 00 00 00 00 00 00 00 
0000000100ed8ea0	69 74 65 72 6d 00 74 65 72 6d 69 6e 61 6c 00 63 
0000000100ed8eb0	6d 75 78 00 73 75 70 61 63 6f 64 65 00 6f 74 74 
0000000100ed8ec0	79 00 68 65 72 64 72 00 77 65 7a 74 65 72 6d 00 
0000000100ed8ed0	67 68 6f 73 74 74 79 00 77 61 72 70 00 69 64 65 
0000000100ed8ee0	43 6f 6e 76 65 72 73 61 74 69 6f 6e 00 00 00 00 
0000000100ed8ef0	63 6f 64 65 78 44 65 73 6b 74 6f 70 54 68 72 65 
0000000100ed8f00	61 64 00 6e 6f 6e 65 00 00 00 00 00 00 00 00 00 
0000000100ed8f10	74 65 61 6d 6d 61 74 65 00 00 00 00 00 00 00 00 
0000000100ed8f20	66 6f 72 65 67 72 6f 75 6e 64 46 61 6e 6f 75 74 
0000000100ed8f30	00 00 00 00 00 00 00 00 00 00 00 00 00 00 00 00 
0000000100ed8f40	62 61 63 6b 67 72 6f 75 6e 64 46 61 6e 6f 75 74 
0000000100ed8f50	00 74 72 69 67 67 65 72 00 73 74 61 72 74 65 64 
0000000100ed8f60	41 74 00 72 65 74 75 72 6e 53 74 61 74 75 73 00 
0000000100ed8f70	61 75 74 6f 6d 61 74 69 63 00 6d 61 6e 75 61 6c 
0000000100ed8f80	00 75 6e 6b 6e 6f 77 6e 00 73 74 61 74 75 73 00 
0000000100ed8f90	61 63 74 69 76 65 00 70 72 65 73 65 6e 74 61 74 
0000000100ed8fa0	69 6f 6e 00 6d 61 6e 75 61 6c 43 6f 6d 70 6c 65 
0000000100ed8fb0	74 65 64 00 00 00 00 00 00 00 00 00 00 00 00 00 
0000000100ed8fc0	74 6f 6f 6c 55 73 65 49 64 00 64 65 73 63 72 69 
0000000100ed8fd0	70 74 69 6f 6e 00 73 75 62 61 67 65 6e 74 54 79 
0000000100ed8fe0	70 65 00 74 65 61 6d 4e 61 6d 65 00 61 67 65 6e 
0000000100ed8ff0	74 4e 61 6d 65 00 73 74 61 72 74 65 64 41 74 00 
0000000100ed9000	69 73 43 6f 6d 70 6c 65 74 65 64 00 63 6f 6d 70 
0000000100ed9010	6c 65 74 65 64 41 74 00 73 75 62 61 67 65 6e 74 
0000000100ed9020	49 64 00 70 61 72 65 6e 74 43 68 69 6c 64 49 44 
0000000100ed9030	00 00 00 00 00 00 00 00 00 00 00 00 00 00 00 00 
0000000100ed9040	70 72 6f 63 65 73 73 49 6e 63 61 72 6e 61 74 69 
0000000100ed9050	6f 6e 00 00 00 00 00 00 00 00 00 00 00 00 00 00 
0000000100ed9060	68 61 73 4c 69 66 65 63 79 63 6c 65 53 69 67 6e 
0000000100ed9070	61 6c 00 63 75 72 72 65 6e 74 41 63 74 69 76 69 
0000000100ed9080	74 79 00 72 75 6e 74 69 6d 65 50 72 6f 66 69 6c 
0000000100ed9090	65 00 73 70 61 77 6e 53 68 61 70 65 00 00 00 00 
0000000100ed90a0	74 65 61 6d 6d 61 74 65 49 64 65 6e 74 69 74 79 
0000000100ed90b0	00 63 75 73 74 6f 6d 54 69 74 6c 65 00 67 65 6e 
0000000100ed90c0	65 72 61 74 65 64 54 69 74 6c 65 00 00 00 00 00 
0000000100ed90d0	66 69 72 73 74 55 73 65 72 4d 65 73 73 61 67 65 
0000000100ed90e0	00 73 75 6d 6d 61 72 79 00 61 69 54 69 74 6c 65 
0000000100ed90f0	00 64 65 73 6b 74 6f 70 54 69 74 6c 65 00 6c 61 
0000000100ed9100	73 74 55 73 65 72 4d 65 73 73 61 67 65 00 00 00 
0000000100ed9110	6c 61 73 74 41 73 73 69 73 74 61 6e 74 4d 65 73 
0000000100ed9120	73 61 67 65 00 00 00 00 00 00 00 00 00 00 00 00 
0000000100ed9130	6c 61 73 74 41 73 73 69 73 74 61 6e 74 4d 65 73 
0000000100ed9140	73 61 67 65 46 75 6c 6c 00 00 00 00 00 00 00 00 
0000000100ed9150	61 70 69 57 61 72 6e 69 6e 67 4d 65 73 73 61 67 
0000000100ed9160	65 00 00 00 00 00 00 00 00 00 00 00 00 00 00 00 
0000000100ed9170	6c 61 73 74 55 73 65 72 4d 65 73 73 61 67 65 46 
0000000100ed9180	72 6f 6d 51 75 65 75 65 00 61 77 61 79 53 75 6d 
0000000100ed9190	6d 61 72 79 00 00 00 00 00 00 00 00 00 00 00 00 
0000000100ed91a0	61 77 61 79 53 75 6d 6d 61 72 79 43 6c 65 61 72 
0000000100ed91b0	52 65 71 75 65 73 74 65 64 00 6d 6f 64 65 6c 00 
0000000100ed91c0	72 65 61 73 6f 6e 69 6e 67 45 66 66 6f 72 74 00 
0000000100ed91d0	49 44 00 73 65 73 73 69 6f 6e 00 75 73 65 64 45 
0000000100ed91e0	76 65 6e 74 53 68 65 6c 6c 00 00 00 00 00 00 00 
0000000100ed91f0	73 74 72 69 6e 67 00 69 6e 74 00 64 6f 75 62 6c 
0000000100ed9200	65 00 62 6f 6f 6c 00 61 72 72 61 79 00 6f 62 6a 
0000000100ed9210	65 63 74 00 6e 75 6c 6c 00 66 69 65 6c 64 73 00 
0000000100ed9220	74 65 72 6d 50 72 6f 67 72 61 6d 00 69 74 65 72 
0000000100ed9230	6d 53 65 73 73 69 6f 6e 49 64 00 74 65 72 6d 53 
0000000100ed9240	65 73 73 69 6f 6e 49 64 00 77 61 72 70 53 65 73 
0000000100ed9250	73 69 6f 6e 49 64 00 00 00 00 00 00 00 00 00 00 
0000000100ed9260	77 61 72 70 54 65 72 6d 69 6e 61 6c 53 65 73 73 
0000000100ed9270	69 6f 6e 55 55 49 44 00 77 61 72 70 46 6f 63 75 
0000000100ed9280	73 55 52 4c 00 74 6d 75 78 00 74 6d 75 78 50 61 
0000000100ed9290	6e 65 00 6b 69 74 74 79 57 69 6e 64 6f 77 49 64 
0000000100ed92a0	00 6b 69 74 74 79 4c 69 73 74 65 6e 4f 6e 00 00 
0000000100ed92b0	7a 65 6c 6c 69 6a 53 65 73 73 69 6f 6e 4e 61 6d 
0000000100ed92c0	65 00 7a 65 6c 6c 69 6a 50 61 6e 65 49 64 00 00 
0000000100ed92d0	63 66 42 75 6e 64 6c 65 49 64 65 6e 74 69 66 69 
0000000100ed92e0	65 72 00 70 61 73 65 6f 41 67 65 6e 74 49 64 00 
0000000100ed92f0	63 75 72 73 6f 72 54 72 61 63 65 49 64 00 00 00 
0000000100ed9300	63 6f 6e 64 75 63 74 6f 72 57 6f 72 6b 73 70 61 
0000000100ed9310	63 65 4e 61 6d 65 00 00 00 00 00 00 00 00 00 00 
0000000100ed9320	63 6f 6e 64 75 63 74 6f 72 57 6f 72 6b 73 70 61 
0000000100ed9330	63 65 49 64 00 00 00 00 00 00 00 00 00 00 00 00 
0000000100ed9340	63 6f 6e 64 75 63 74 6f 72 53 65 73 73 69 6f 6e 
0000000100ed9350	49 64 00 00 00 00 00 00 00 00 00 00 00 00 00 00 
0000000100ed9360	63 6f 6e 64 75 63 74 6f 72 57 6f 72 6b 73 70 61 
0000000100ed9370	63 65 50 61 74 68 00 63 6f 6e 64 75 63 74 6f 72 
0000000100ed9380	50 6f 72 74 00 00 00 00 00 00 00 00 00 00 00 00 
0000000100ed9390	6f 70 65 6e 44 65 73 69 67 6e 50 72 6f 6a 65 63 
0000000100ed93a0	74 49 64 00 00 00 00 00 00 00 00 00 00 00 00 00 
0000000100ed93b0	6f 70 65 6e 44 65 73 69 67 6e 50 72 6f 6a 65 63 
0000000100ed93c0	74 44 69 72 00 00 00 00 00 00 00 00 00 00 00 00 
0000000100ed93d0	6f 70 65 6e 44 65 73 69 67 6e 43 6f 6e 76 65 72 
0000000100ed93e0	73 61 74 69 6f 6e 49 64 00 63 6d 75 78 57 6f 72 
0000000100ed93f0	6b 73 70 61 63 65 49 64 00 63 6d 75 78 53 75 72 
0000000100ed9400	66 61 63 65 49 64 00 63 6d 75 78 53 6f 63 6b 65 
0000000100ed9410	74 50 61 74 68 00 00 00 00 00 00 00 00 00 00 00 
0000000100ed9420	73 75 70 61 63 6f 64 65 57 6f 72 6b 74 72 65 65 
0000000100ed9430	49 64 00 73 75 70 61 63 6f 64 65 54 61 62 49 64 
0000000100ed9440	00 00 00 00 00 00 00 00 00 00 00 00 00 00 00 00 
0000000100ed9450	73 75 70 61 63 6f 64 65 53 75 72 66 61 63 65 49 
0000000100ed9460	64 00 00 00 00 00 00 00 00 00 00 00 00 00 00 00 
0000000100ed9470	73 75 70 61 63 6f 64 65 53 6f 63 6b 65 74 50 61 
0000000100ed9480	74 68 00 00 00 00 00 00 00 00 00 00 00 00 00 00 
0000000100ed9490	73 75 70 65 72 73 65 74 57 6f 72 6b 73 70 61 63 
0000000100ed94a0	65 49 64 00 00 00 00 00 00 00 00 00 00 00 00 00 
0000000100ed94b0	73 75 70 65 72 73 65 74 54 65 72 6d 69 6e 61 6c 
0000000100ed94c0	49 64 00 77 65 7a 74 65 72 6d 53 6f 63 6b 65 74 
0000000100ed94d0	00 77 65 7a 74 65 72 6d 50 61 6e 65 00 6f 74 74 
0000000100ed94e0	79 53 6f 63 6b 65 74 00 6f 74 74 79 50 61 6e 65 
0000000100ed94f0	49 64 00 00 00 00 00 00 00 00 00 00 00 00 00 00 
0000000100ed9500	6f 72 63 61 54 65 72 6d 69 6e 61 6c 48 61 6e 64 
0000000100ed9510	6c 65 00 6f 72 63 61 50 61 6e 65 4b 65 79 00 00 
0000000100ed9520	6f 72 63 61 57 6f 72 6b 73 70 61 63 65 52 6f 6f 
0000000100ed9530	74 00 6f 72 63 61 57 6f 72 6b 74 72 65 65 49 64 
0000000100ed9540	00 68 65 72 64 72 45 6e 76 00 68 65 72 64 72 50 
0000000100ed9550	61 6e 65 49 64 00 68 65 72 64 72 54 61 62 49 64 
0000000100ed9560	00 00 00 00 00 00 00 00 00 00 00 00 00 00 00 00 
0000000100ed9570	68 65 72 64 72 57 6f 72 6b 73 70 61 63 65 49 64 
0000000100ed9580	00 68 65 72 64 72 53 6f 63 6b 65 74 50 61 74 68 
0000000100ed9590	00 63 6c 61 75 64 65 43 6f 6e 66 69 67 44 69 72 
0000000100ed95a0	00 63 6f 64 65 78 48 6f 6d 65 00 73 73 68 43 6f 
0000000100ed95b0	6e 6e 65 63 74 69 6f 6e 00 73 73 68 54 54 59 00 
0000000100ed95c0	6c 65 76 65 6c 00 74 75 72 6e 49 44 00 6d 6f 64 
0000000100ed95d0	65 6c 00 65 66 66 6f 72 74 00 61 70 70 72 6f 76 
0000000100ed95e0	61 6c 50 6f 6c 69 63 79 00 00 00 00 00 00 00 00 
0000000100ed95f0	61 70 70 72 6f 76 61 6c 73 52 65 76 69 65 77 65 
0000000100ed9600	72 00 73 61 6e 64 62 6f 78 50 6f 6c 69 63 79 00 
0000000100ed9610	70 65 72 6d 69 73 73 69 6f 6e 50 72 6f 66 69 6c 
0000000100ed9620	65 00 00 00 00 00 00 00 00 00 00 00 00 00 00 00 
0000000100ed9630	63 6f 6c 6c 61 62 6f 72 61 74 69 6f 6e 4d 6f 64 
0000000100ed9640	65 00 76 61 6c 75 65 00 73 65 73 73 69 6f 6e 49 
0000000100ed9650	64 00 63 77 64 00 74 6f 6f 6c 4e 61 6d 65 00 74 
0000000100ed9660	6f 6f 6c 49 6e 70 75 74 52 61 77 00 74 6f 6f 6c 
0000000100ed9670	52 65 73 70 6f 6e 73 65 52 61 77 00 74 6f 6f 6c 
0000000100ed9680	55 73 65 49 64 00 00 00 00 00 00 00 00 00 00 00 
0000000100ed9690	6e 6f 74 69 66 69 63 61 74 69 6f 6e 54 79 70 65 
0000000100ed96a0	00 6d 65 73 73 61 67 65 00 62 72 69 64 67 65 50 
0000000100ed96b0	6c 61 6e 54 69 74 6c 65 00 00 00 00 00 00 00 00 
0000000100ed96c0	62 72 69 64 67 65 50 6c 61 6e 43 6f 6e 74 65 6e 
0000000100ed96d0	74 00 74 75 72 6e 49 64 00 74 61 73 6b 49 64 00 
0000000100ed96e0	64 65 6c 69 76 65 72 79 45 76 65 6e 74 49 64 00 
0000000100ed96f0	64 65 6c 69 76 65 72 79 41 63 6b 52 65 71 75 65 
0000000100ed9700	73 74 65 64 00 65 6e 76 00 70 70 69 64 00 74 74 
0000000100ed9710	79 00 63 6f 64 65 78 45 76 65 6e 74 54 79 70 65 
0000000100ed9720	00 63 6f 64 65 78 54 68 72 65 61 64 49 64 00 63 
0000000100ed9730	6f 64 65 78 54 75 72 6e 49 64 00 63 6f 64 65 78 
0000000100ed9740	54 69 74 6c 65 00 00 00 00 00 00 00 00 00 00 00 
0000000100ed9750	63 6f 64 65 78 4c 61 73 74 41 73 73 69 73 74 61 
0000000100ed9760	6e 74 4d 65 73 73 61 67 65 00 00 00 00 00 00 00 
0000000100ed9770	63 6f 64 65 78 54 72 61 6e 73 63 72 69 70 74 50 
0000000100ed9780	61 74 68 00 00 00 00 00 00 00 00 00 00 00 00 00 
0000000100ed9790	63 6f 64 65 78 54 75 72 6e 43 6f 6e 74 65 78 74 
0000000100ed97a0	00 63 6f 64 65 78 4d 6f 64 65 6c 00 72 65 61 73 
0000000100ed97b0	6f 6e 69 6e 67 45 66 66 6f 72 74 00 63 68 69 6c 
0000000100ed97c0	64 4d 6f 64 65 6c 00 00 00 00 00 00 00 00 00 00 
0000000100ed97d0	63 68 69 6c 64 52 65 61 73 6f 6e 69 6e 67 45 66 
0000000100ed97e0	66 6f 72 74 00 00 00 00 00 00 00 00 00 00 00 00 
0000000100ed97f0	63 68 69 6c 64 50 72 6f 66 69 6c 65 49 73 45 78 
0000000100ed9800	61 63 74 00 70 72 6f 66 69 6c 65 49 73 45 78 61 
0000000100ed9810	63 74 00 00 00 00 00 00 00 00 00 00 00 00 00 00 
0000000100ed9820	63 6f 64 65 78 50 65 72 6d 69 73 73 69 6f 6e 4d 
0000000100ed9830	6f 64 65 00 00 00 00 00 00 00 00 00 00 00 00 00 
0000000100ed9840	63 6f 64 65 78 53 65 73 73 69 6f 6e 53 74 61 72 
0000000100ed9850	74 53 6f 75 72 63 65 00 00 00 00 00 00 00 00 00 
0000000100ed9860	63 6f 6d 70 61 63 74 69 6f 6e 54 72 69 67 67 65 
0000000100ed9870	72 00 00 00 00 00 00 00 00 00 00 00 00 00 00 00 
0000000100ed9880	63 6c 61 75 64 65 53 65 73 73 69 6f 6e 53 74 61 
0000000100ed9890	72 74 53 6f 75 72 63 65 00 00 00 00 00 00 00 00 
0000000100ed98a0	63 6f 64 65 78 41 70 70 72 6f 76 61 6c 73 52 65 
0000000100ed98b0	76 69 65 77 65 72 43 6f 6e 66 69 67 00 00 00 00 
0000000100ed98c0	63 6f 64 65 78 41 70 70 72 6f 76 61 6c 50 6f 6c 
0000000100ed98d0	69 63 79 54 68 72 65 61 64 43 61 63 68 65 00 00 
0000000100ed98e0	63 6f 64 65 78 41 70 70 72 6f 76 61 6c 73 52 65 
0000000100ed98f0	76 69 65 77 65 72 54 68 72 65 61 64 43 61 63 68 
0000000100ed9900	65 00 00 00 00 00 00 00 00 00 00 00 00 00 00 00 
0000000100ed9910	63 6f 64 65 78 53 61 6e 64 62 6f 78 50 6f 6c 69 
0000000100ed9920	63 79 54 68 72 65 61 64 43 61 63 68 65 00 73 6f 
0000000100ed9930	75 72 63 65 00 68 6f 6f 6b 43 6f 6e 66 69 67 49 
0000000100ed9940	64 00 00 00 00 00 00 00 00 00 00 00 00 00 00 00 
0000000100ed9950	71 6f 64 65 72 49 6e 74 65 72 61 63 74 69 6f 6e 
0000000100ed9960	50 68 61 73 65 00 00 00 00 00 00 00 00 00 00 00 
0000000100ed9970	71 6f 64 65 72 52 65 71 75 65 73 74 65 64 53 63 
0000000100ed9980	68 65 6d 61 52 61 77 00 70 65 72 6d 69 73 73 69 
0000000100ed9990	6f 6e 4d 6f 64 65 00 00 00 00 00 00 00 00 00 00 
0000000100ed99a0	6c 61 73 74 41 73 73 69 73 74 61 6e 74 4d 65 73 
0000000100ed99b0	73 61 67 65 00 00 00 00 00 00 00 00 00 00 00 00 
0000000100ed99c0	70 65 72 6d 69 73 73 69 6f 6e 53 75 67 67 65 73 
0000000100ed99d0	74 69 6f 6e 73 00 00 00 00 00 00 00 00 00 00 00 
0000000100ed99e0	74 6d 75 78 52 65 61 6c 42 75 6e 64 6c 65 49 64 
0000000100ed99f0	00 00 00 00 00 00 00 00 00 00 00 00 00 00 00 00 
0000000100ed9a00	74 6d 75 78 48 61 73 43 43 43 6c 69 65 6e 74 73 
0000000100ed9a10	00 74 6d 75 78 43 6c 69 65 6e 74 54 74 79 00 00 
0000000100ed9a20	67 69 74 49 64 65 6e 74 69 74 79 53 74 61 74 75 
0000000100ed9a30	73 00 72 65 70 6f 4e 61 6d 65 00 77 6f 72 6b 74 
0000000100ed9a40	72 65 65 4e 61 6d 65 00 67 69 74 42 72 61 6e 63 
0000000100ed9a50	68 00 00 00 00 00 00 00 00 00 00 00 00 00 00 00 
0000000100ed9a60	73 6f 75 72 63 65 50 72 6f 6a 65 63 74 4e 61 6d 
0000000100ed9a70	65 00 00 00 00 00 00 00 00 00 00 00 00 00 00 00 
0000000100ed9a80	6f 74 74 79 50 61 6e 65 49 64 49 6e 6a 65 63 74 
0000000100ed9a90	65 64 00 70 72 6f 6d 70 74 00 70 72 6f 6d 70 74 
0000000100ed9aa0	52 65 73 70 6f 6e 73 65 00 00 00 00 00 00 00 00 
0000000100ed9ab0	61 6e 74 69 67 72 61 76 69 74 79 46 75 6c 6c 79 
0000000100ed9ac0	49 64 6c 65 00 00 00 00 00 00 00 00 00 00 00 00 
0000000100ed9ad0	61 6e 74 69 67 72 61 76 69 74 79 54 65 72 6d 69 
0000000100ed9ae0	6e 61 74 69 6f 6e 52 65 61 73 6f 6e 00 00 00 00 
0000000100ed9af0	61 6e 74 69 67 72 61 76 69 74 79 49 6e 76 6f 63 
0000000100ed9b00	61 74 69 6f 6e 4e 75 6d 00 74 65 61 6d 4e 61 6d 
0000000100ed9b10	65 52 61 77 00 61 67 65 6e 74 4e 61 6d 65 00 74 
0000000100ed9b20	65 61 6d 6d 61 74 65 4e 61 6d 65 52 61 77 00 61 
0000000100ed9b30	67 65 6e 74 49 64 00 61 67 65 6e 74 54 79 70 65 
0000000100ed9b40	00 63 68 69 6c 64 50 61 72 65 6e 74 49 44 00 00 
0000000100ed9b50	63 68 69 6c 64 52 75 6e 74 69 6d 65 53 65 73 73 
0000000100ed9b60	69 6f 6e 49 44 00 00 00 00 00 00 00 00 00 00 00 
0000000100ed9b70	63 68 69 6c 64 50 72 6f 63 65 73 73 49 6e 63 61 
0000000100ed9b80	72 6e 61 74 69 6f 6e 00 00 00 00 00 00 00 00 00 
0000000100ed9b90	6f 70 65 6e 63 6f 64 65 52 65 71 75 65 73 74 49 
0000000100ed9ba0	64 00 00 00 00 00 00 00 00 00 00 00 00 00 00 00 
0000000100ed9bb0	6f 70 65 6e 63 6f 64 65 53 65 72 76 65 72 50 6f 
0000000100ed9bc0	72 74 00 00 00 00 00 00 00 00 00 00 00 00 00 00 
0000000100ed9bd0	6f 70 65 6e 63 6f 64 65 50 61 72 65 6e 74 49 44 
0000000100ed9be0	00 00 00 00 00 00 00 00 00 00 00 00 00 00 00 00 
0000000100ed9bf0	6f 70 65 6e 63 6f 64 65 53 74 6f 70 53 6f 75 72 
0000000100ed9c00	63 65 00 6b 69 72 6f 41 67 65 6e 74 4e 61 6d 65 
0000000100ed9c10	00 00 00 00 00 00 00 00 00 00 00 00 00 00 00 00 
0000000100ed9c20	63 75 72 73 6f 72 46 61 69 6c 75 72 65 54 79 70 
0000000100ed9c30	65 00 74 72 61 6e 73 63 72 69 70 74 50 61 74 68 
0000000100ed9c40	00 00 00 00 00 00 00 00 00 00 00 00 00 00 00 00 
0000000100ed9c50	63 75 72 73 6f 72 4e 65 65 64 73 41 70 70 72 6f 
0000000100ed9c60	76 61 6c 00 00 00 00 00 00 00 00 00 00 00 00 00 
0000000100ed9c70	63 75 72 73 6f 72 57 69 6e 64 6f 77 4b 69 6e 64 
0000000100ed9c80	00 69 73 53 53 48 52 65 6d 6f 74 65 00 73 73 68 
0000000100ed9c90	52 65 6d 6f 74 65 48 6f 73 74 49 64 00 00 00 00 
0000000100ed9ca0	73 73 68 52 65 6d 6f 74 65 41 75 74 68 6f 72 69 
0000000100ed9cb0	74 79 54 6f 6b 65 6e 00 00 00 00 00 00 00 00 00 
0000000100ed9cc0	73 73 68 4c 6f 63 61 6c 42 75 6e 64 6c 65 49 64 
0000000100ed9cd0	65 6e 74 69 66 69 65 72 00 00 00 00 00 00 00 00 
0000000100ed9ce0	69 73 4e 61 74 69 76 65 52 6f 75 74 65 64 41 70 
0000000100ed9cf0	70 72 6f 76 61 6c 00 00 00 00 00 00 00 00 00 00 
0000000100ed9d00	69 73 43 6f 64 65 78 44 65 73 6b 74 6f 70 44 75 
0000000100ed9d10	61 6c 53 75 72 66 61 63 65 41 70 70 72 6f 76 61 
0000000100ed9d20	6c 00 00 00 00 00 00 00 00 00 00 00 00 00 00 00 
0000000100ed9d30	63 6f 64 65 78 44 65 73 6b 74 6f 70 44 75 61 6c 
0000000100ed9d40	53 75 72 66 61 63 65 41 70 70 72 6f 76 61 6c 4e 
0000000100ed9d50	6f 6e 63 65 00 00 00 00 00 00 00 00 00 00 00 00 
0000000100ed9d60	63 6f 64 65 78 44 65 73 6b 74 6f 70 4f 77 6e 65 
0000000100ed9d70	72 41 70 70 72 6f 76 61 6c 4b 69 6e 64 00 00 00 
0000000100ed9d80	63 6f 64 65 78 44 65 73 6b 74 6f 70 4f 77 6e 65 
0000000100ed9d90	72 54 6f 6f 6c 4e 61 6d 65 4f 76 65 72 72 69 64 
0000000100ed9da0	65 00 00 00 00 00 00 00 00 00 00 00 00 00 00 00 
0000000100ed9db0	63 6f 64 65 78 44 65 73 6b 74 6f 70 4f 77 6e 65 
0000000100ed9dc0	72 54 6f 6f 6c 49 6e 70 75 74 4f 76 65 72 72 69 
0000000100ed9dd0	64 65 00 00 00 00 00 00 00 00 00 00 00 00 00 00 
0000000100ed9de0	63 6f 64 65 78 44 65 73 6b 74 6f 70 4f 77 6e 65 
0000000100ed9df0	72 4d 43 50 50 72 65 73 65 6e 74 61 74 69 6f 6e 
0000000100ed9e00	00 00 00 00 00 00 00 00 00 00 00 00 00 00 00 00 
0000000100ed9e10	63 6f 64 65 78 44 65 73 6b 74 6f 70 4f 77 6e 65 
0000000100ed9e20	72 54 75 72 6e 49 64 00 00 00 00 00 00 00 00 00 
0000000100ed9e30	68 6f 6f 6b 49 6e 67 72 65 73 73 52 65 76 69 73 
0000000100ed9e40	69 6f 6e 00 00 00 00 00 00 00 00 00 00 00 00 00 
0000000100ed9e50	68 6f 6f 6b 54 6f 67 67 6c 65 52 65 76 69 73 69 
0000000100ed9e60	6f 6e 00 00 00 00 00 00 00 00 00 00 00 00 00 00 
0000000100ed9e70	70 65 72 6d 69 73 73 69 6f 6e 49 6e 67 72 65 73 
0000000100ed9e80	73 52 65 76 69 73 69 6f 6e 00 00 00 00 00 00 00 
0000000100ed9e90	70 65 6e 64 69 6e 67 50 65 72 6d 69 73 73 69 6f 
0000000100ed9ea0	6e 50 75 62 6c 69 63 61 74 69 6f 6e 54 6f 6b 65 
0000000100ed9eb0	6e 00 00 00 00 00 00 00 00 00 00 00 00 00 00 00 
0000000100ed9ec0	70 65 72 6d 69 73 73 69 6f 6e 43 6c 65 61 6e 75 
0000000100ed9ed0	70 43 75 74 6f 66 66 52 65 76 69 73 69 6f 6e 00 
0000000100ed9ee0	73 73 68 48 6f 73 74 00 68 6f 6f 6b 56 65 72 73 
0000000100ed9ef0	69 6f 6e 00 00 00 00 00 00 00 00 00 00 00 00 00 
0000000100ed9f00	72 65 6d 6f 74 65 55 73 61 67 65 52 61 74 65 4c 
0000000100ed9f10	69 6d 69 74 73 52 61 77 00 6c 65 67 61 63 79 50 
0000000100ed9f20	69 64 00 6c 65 67 61 63 79 54 74 79 00 6c 65 67 
0000000100ed9f30	61 63 79 53 74 61 74 75 73 00 6c 65 67 61 63 79 
0000000100ed9f40	54 6f 6f 6c 00 00 00 00 00 00 00 00 00 00 00 00 
0000000100ed9f50	6c 65 67 61 63 79 54 65 72 6d 50 72 6f 67 72 61 
0000000100ed9f60	6d 00 00 00 00 00 00 00 00 00 00 00 00 00 00 00 
0000000100ed9f70	6c 65 67 61 63 79 49 74 65 72 6d 53 65 73 73 69 
0000000100ed9f80	6f 6e 49 64 00 6c 65 67 61 63 79 49 73 54 6d 75 
0000000100ed9f90	78 43 43 00 6c 65 67 61 63 79 54 6d 75 78 50 61 
0000000100ed9fa0	6e 65 00 68 6f 6f 6b 45 76 65 6e 74 4e 61 6d 65 
0000000100ed9fb0	00 6c 65 67 61 63 79 45 76 65 6e 74 00 74 69 74 
0000000100ed9fc0	6c 65 00 6e 6f 6e 65 00 73 75 67 67 65 73 74 69 
0000000100ed9fd0	6f 6e 73 00 65 78 63 6c 75 64 65 00 6f 74 68 65 
0000000100ed9fe0	72 53 74 72 75 63 74 75 72 65 64 00 52 61 77 56 
0000000100ed9ff0	61 6c 75 65 00 00 00 00 00 00 00 00 00 00 00 00 
0000000100eda000	70 65 65 6b 00 62 6c 6f 63 6b 69 6e 67 00 74 72 
0000000100eda010	61 6e 73 69 65 6e 74 00 63 6c 6f 73 65 64 00 6d 
0000000100eda020	61 6e 75 61 6c 45 78 70 61 6e 64 65 64 00 70 65 
0000000100eda030	72 6d 69 73 73 69 6f 6e 00 71 75 65 73 74 69 6f 
0000000100eda040	6e 00 63 6f 6c 6c 61 70 73 65 00 00 00 00 00 00 
0000000100eda050	61 74 74 65 6e 74 69 6f 6e 52 65 6d 69 6e 64 65 
0000000100eda060	72 00 74 61 73 6b 43 6f 6d 70 6c 65 74 65 00 00 
0000000100eda070	63 6f 6d 70 61 63 74 69 6f 6e 43 6f 6d 70 6c 65 
0000000100eda080	74 65 00 73 74 61 74 75 73 57 61 72 6e 69 6e 67 
0000000100eda090	00 64 65 66 65 72 72 65 64 52 65 76 65 61 6c 00 
0000000100eda0a0	74 61 62 4d 69 73 6d 61 74 63 68 00 73 6e 61 70 
0000000100eda0b0	73 68 6f 74 43 68 61 6e 67 65 64 00 6d 61 6e 75 
0000000100eda0c0	61 6c 45 78 70 61 6e 64 00 68 6f 76 65 72 45 78 
0000000100eda0d0	70 61 6e 64 00 70 72 6f 6d 6f 74 65 50 65 65 6b 
0000000100eda0e0	00 70 69 6e 00 61 63 63 65 70 74 65 64 00 72 65 
0000000100eda0f0	61 73 6f 6e 00 6e 65 78 74 53 74 61 74 65 00 66 
0000000100eda100	6f 63 75 73 00 61 63 74 69 76 65 53 65 73 73 69 
0000000100eda110	6f 6e 49 64 00 65 78 70 61 6e 73 69 6f 6e 00 74 
0000000100eda120	69 6d 65 72 50 6f 6c 69 63 79 00 68 6f 76 65 72 
0000000100eda130	50 6f 6c 69 63 79 00 6d 61 6e 75 61 6c 00 61 75 
0000000100eda140	74 6f 54 72 61 6e 73 69 65 6e 74 00 73 79 73 74 
0000000100eda150	65 6d 00 73 65 73 73 69 6f 6e 00 70 6f 6c 69 63 
0000000100eda160	79 00 75 73 65 64 45 76 65 6e 74 53 68 65 6c 6c 
0000000100eda170	00 00 00 00 00 00 00 00 00 00 00 00 00 00 00 00 
0000000100eda180	66 6f 63 75 73 65 64 53 65 73 73 69 6f 6e 49 64 
0000000100eda190	00 73 65 73 73 69 6f 6e 45 78 69 73 74 73 00 69 
0000000100eda1a0	73 48 69 64 64 65 6e 00 73 74 61 74 75 73 00 73 
0000000100eda1b0	65 74 00 75 6e 63 68 61 6e 67 65 64 00 6e 6f 6e 
0000000100eda1c0	65 00 65 78 70 61 6e 64 00 63 61 6e 63 65 6c 00 
0000000100eda1d0	73 68 6f 72 74 43 6f 6f 6c 64 6f 77 6e 00 00 00 
0000000100eda1e0	6c 65 61 73 65 00 74 61 73 6b 00 73 65 73 73 69 
0000000100eda1f0	6f 6e 49 64 00 00 00 00 00 00 00 00 00 00 00 00 
0000000100eda200	72 75 6e 74 69 6d 65 49 6e 73 74 61 6e 63 65 49 
0000000100eda210	64 00 6b 69 6e 64 00 69 64 65 6e 74 69 74 79 00 
0000000100eda220	65 6e 74 65 72 65 64 41 74 00 6f 66 66 00 74 65 
0000000100eda230	6e 4d 69 6e 75 74 65 73 00 74 68 69 72 74 79 4d 
0000000100eda240	69 6e 75 74 65 73 00 6f 6e 65 48 6f 75 72 00 72 
0000000100eda250	61 77 56 61 6c 75 65 00 49 44 00 41 6c 6c 43 61 
0000000100eda260	73 65 73 00 52 61 77 56 61 6c 75 65 00 00 00 00 
0000000100eda270	41 72 72 61 79 4c 69 74 65 72 61 6c 45 6c 65 6d 
0000000100eda280	65 6e 74 00 45 6c 65 6d 65 6e 74 00 61 70 70 72 
0000000100eda290	6f 76 61 6c 00 71 75 65 73 74 69 6f 6e 00 63 6f 
0000000100eda2a0	6d 70 6c 65 74 69 6f 6e 00 00 00 00 00 00 00 00 
0000000100eda2b0	73 65 73 73 69 6f 6e 49 64 00 72 65 71 75 65 73 
0000000100eda2c0	74 4e 6f 6e 63 65 00 73 63 6f 70 65 00 00 00 00 
0000000100eda2d0	72 75 6e 74 69 6d 65 49 6e 73 74 61 6e 63 65 49 
0000000100eda2e0	64 00 73 75 62 6d 69 74 00 6e 6f 74 50 72 69 76 
0000000100eda2f0	61 74 65 00 73 74 61 6c 65 50 72 69 76 61 74 65 
0000000100eda300	00 70 72 6f 76 69 64 65 72 00 77 69 6e 64 6f 77 
0000000100eda310	73 00 64 65 74 65 63 74 65 64 41 74 00 00 00 00 
0000000100eda320	62 75 6e 64 6c 65 49 64 00 69 74 65 72 6d 53 65 
0000000100eda330	73 73 69 6f 6e 49 64 00 69 73 49 6e 54 6d 75 78 
0000000100eda340	00 74 6d 75 78 50 61 6e 65 00 74 6d 75 78 53 6f 
0000000100eda350	63 6b 65 74 50 61 74 68 00 63 6d 75 78 57 6f 72 
0000000100eda360	6b 73 70 61 63 65 49 64 00 63 6d 75 78 53 75 72 
0000000100eda370	66 61 63 65 49 64 00 63 6d 75 78 53 6f 63 6b 65 
0000000100eda380	74 50 61 74 68 00 00 00 00 00 00 00 00 00 00 00 
0000000100eda390	74 65 72 6d 69 6e 61 6c 46 6f 63 75 73 49 64 65 
0000000100eda3a0	6e 74 69 74 79 00 6f 74 74 79 50 61 6e 65 49 64 
0000000100eda3b0	00 6f 74 74 79 53 6f 63 6b 65 74 00 74 74 79 00 
0000000100eda3c0	73 65 73 73 69 6f 6e 49 64 00 63 77 64 00 74 69 
0000000100eda3d0	74 6c 65 00 70 72 65 77 61 72 6d 54 69 74 6c 65 
0000000100eda3e0	00 00 00 00 00 00 00 00 00 00 00 00 00 00 00 00 
0000000100eda3f0	61 73 73 69 73 74 61 6e 74 4d 65 73 73 61 67 65 
0000000100eda400	00 77 61 72 6e 69 6e 67 4d 65 73 73 61 67 65 00 
0000000100eda410	63 68 69 6c 64 54 6f 50 61 72 65 6e 74 00 00 00 
0000000100eda420	70 61 72 65 6e 74 54 6f 43 68 69 6c 64 72 65 6e 
0000000100eda430	00 00 00 00 00 00 00 00 00 00 00 00 00 00 00 00 
0000000100eda440	70 72 6f 76 69 73 69 6f 6e 61 6c 43 68 69 6c 64 
0000000100eda450	49 44 73 00 70 72 69 6f 72 69 74 79 49 64 00 70 
0000000100eda460	72 69 6f 72 69 74 79 53 74 61 74 75 73 00 00 00 
0000000100eda470	70 72 69 6f 72 69 74 79 4d 69 63 72 6f 54 69 74 
0000000100eda480	6c 65 00 00 00 00 00 00 00 00 00 00 00 00 00 00 
0000000100eda490	70 72 69 6f 72 69 74 79 43 6f 6d 70 61 63 74 54 
0000000100eda4a0	69 74 6c 65 00 73 65 73 73 69 6f 6e 43 6f 75 6e 
0000000100eda4b0	74 00 00 00 00 00 00 00 00 00 00 00 00 00 00 00 
0000000100eda4c0	70 65 6e 64 69 6e 67 41 70 70 72 6f 76 61 6c 43 
0000000100eda4d0	6f 75 6e 74 00 00 00 00 00 00 00 00 00 00 00 00 
0000000100eda4e0	6c 6f 63 6b 00 6f 77 6e 65 72 73 00 5f 73 65 73 
0000000100eda4f0	73 69 6f 6e 73 00 5f 74 65 61 6d 47 72 6f 75 70 
0000000100eda500	69 6e 67 00 00 00 00 00 00 00 00 00 00 00 00 00 
0000000100eda510	5f 61 63 74 69 76 65 53 65 73 73 69 6f 6e 49 64 
0000000100eda520	00 5f 70 69 6c 6c 53 6e 61 70 73 68 6f 74 00 5f 
0000000100eda530	6e 6f 74 63 68 53 74 61 74 75 73 00 5f 64 69 73 
0000000100eda540	70 6c 61 79 53 74 61 74 65 00 5f 69 73 50 69 6e 
0000000100eda550	6e 65 64 00 00 00 00 00 00 00 00 00 00 00 00 00 
0000000100eda560	5f 6e 65 65 64 73 4b 65 79 62 6f 61 72 64 46 6f 
0000000100eda570	63 75 73 00 00 00 00 00 00 00 00 00 00 00 00 00 
0000000100eda580	5f 6f 6e 62 6f 61 72 64 69 6e 67 47 6c 6f 77 49 
0000000100eda590	6e 74 65 6e 73 69 74 79 00 00 00 00 00 00 00 00 
0000000100eda5a0	5f 6f 6e 62 6f 61 72 64 69 6e 67 47 6c 6f 77 52 
0000000100eda5b0	6f 74 61 74 69 6f 6e 00 00 00 00 00 00 00 00 00 
0000000100eda5c0	5f 6f 6e 62 6f 61 72 64 69 6e 67 43 6f 72 6e 65 
0000000100eda5d0	72 42 6f 75 6e 63 65 00 00 00 00 00 00 00 00 00 
0000000100eda5e0	5f 69 73 4f 6e 62 6f 61 72 64 69 6e 67 47 6c 6f 
0000000100eda5f0	77 41 63 74 69 76 65 00 00 00 00 00 00 00 00 00 
0000000100eda600	5f 69 73 4f 6e 62 6f 61 72 64 69 6e 67 48 69 64 
0000000100eda610	69 6e 67 4e 6f 74 63 68 00 00 00 00 00 00 00 00 
0000000100eda620	5f 73 68 6f 77 46 69 72 73 74 49 6e 73 74 61 6c 
0000000100eda630	6c 52 65 73 74 61 72 74 42 61 6e 6e 65 72 00 00 
0000000100eda640	5f 70 65 6e 64 69 6e 67 49 44 45 45 78 74 65 6e 
0000000100eda650	73 69 6f 6e 49 6e 73 74 61 6c 6c 00 00 00 00 00 
0000000100eda660	5f 70 65 6e 64 69 6e 67 4b 69 74 74 79 43 6f 6e 
0000000100eda670	66 69 67 49 6e 73 74 61 6c 6c 00 00 00 00 00 00 
0000000100eda680	5f 6b 69 74 74 79 43 6f 6e 66 69 67 52 65 73 74 
0000000100eda690	61 72 74 48 69 6e 74 56 69 73 69 62 6c 65 00 00 
0000000100eda6a0	5f 63 6f 64 65 78 48 6f 6f 6b 54 72 75 73 74 50 
0000000100eda6b0	72 6f 6d 70 74 46 69 6e 67 65 72 70 72 69 6e 74 
0000000100eda6c0	00 00 00 00 00 00 00 00 00 00 00 00 00 00 00 00 
0000000100eda6d0	5f 69 73 4f 6e 62 6f 61 72 64 69 6e 67 44 65 6d 
0000000100eda6e0	6f 00 00 00 00 00 00 00 00 00 00 00 00 00 00 00 
0000000100eda6f0	5f 64 65 6d 6f 41 63 74 69 76 65 53 65 73 73 69 
0000000100eda700	6f 6e 49 64 73 00 00 00 00 00 00 00 00 00 00 00 
0000000100eda710	5f 65 78 69 74 50 6c 61 6e 46 65 65 64 62 61 63 
0000000100eda720	6b 44 72 61 66 74 73 00 00 00 00 00 00 00 00 00 
0000000100eda730	71 75 65 73 74 69 6f 6e 44 72 61 66 74 53 74 6f 
0000000100eda740	72 65 00 00 00 00 00 00 00 00 00 00 00 00 00 00 
0000000100eda750	5f 66 6f 63 75 73 65 64 53 65 73 73 69 6f 6e 49 
0000000100eda760	64 00 00 00 00 00 00 00 00 00 00 00 00 00 00 00 
0000000100eda770	5f 64 65 66 65 72 72 65 64 53 65 73 73 69 6f 6e 
0000000100eda780	49 64 73 00 00 00 00 00 00 00 00 00 00 00 00 00 
0000000100eda790	5f 6c 6f 63 61 6c 6c 79 42 79 70 61 73 73 65 64 
0000000100eda7a0	53 65 73 73 69 6f 6e 49 64 73 00 00 00 00 00 00 
0000000100eda7b0	5f 72 6f 6f 74 52 65 73 70 6f 6e 73 65 4e 6f 74 
0000000100eda7c0	69 66 69 63 61 74 69 6f 6e 43 6f 6f 72 64 69 6e 
0000000100eda7d0	61 74 6f 72 00 00 00 00 00 00 00 00 00 00 00 00 
0000000100eda7e0	5f 70 65 6e 64 69 6e 67 43 6f 64 65 78 44 65 73 
0000000100eda7f0	6b 74 6f 70 52 65 61 64 73 00 00 00 00 00 00 00 
0000000100eda800	5f 6d 65 61 73 75 72 65 64 43 6f 6e 74 65 6e 74 
0000000100eda810	48 65 69 67 68 74 00 5f 66 61 6c 6c 62 61 63 6b 
0000000100eda820	53 63 72 65 65 6e 00 5f 63 6c 65 61 6e 75 70 54 
0000000100eda830	69 6d 65 72 00 00 00 00 00 00 00 00 00 00 00 00 
0000000100eda840	5f 61 70 70 72 6f 76 61 6c 43 68 65 63 6b 54 69 
0000000100eda850	6d 65 72 00 00 00 00 00 00 00 00 00 00 00 00 00 
0000000100eda860	5f 61 75 74 6f 43 6f 6c 6c 61 70 73 65 54 69 6d 
0000000100eda870	65 72 00 00 00 00 00 00 00 00 00 00 00 00 00 00 
0000000100eda880	5f 61 75 74 6f 43 6f 6c 6c 61 70 73 65 47 65 6e 
0000000100eda890	65 72 61 74 69 6f 6e 00 00 00 00 00 00 00 00 00 
0000000100eda8a0	5f 63 6f 64 65 78 48 6f 6f 6b 54 72 75 73 74 52 
0000000100eda8b0	65 66 72 65 73 68 47 65 6e 65 72 61 74 69 6f 6e 
0000000100eda8c0	00 00 00 00 00 00 00 00 00 00 00 00 00 00 00 00 
0000000100eda8d0	5f 63 6f 64 65 78 48 6f 6f 6b 54 72 75 73 74 50 
0000000100eda8e0	72 6f 62 65 49 6e 46 6c 69 67 68 74 00 00 00 00 
0000000100eda8f0	5f 63 6f 64 65 78 48 6f 6f 6b 54 72 75 73 74 46 
0000000100eda900	6f 72 63 65 64 52 65 66 72 65 73 68 50 65 6e 64 
0000000100eda910	69 6e 67 00 00 00 00 00 00 00 00 00 00 00 00 00 
0000000100eda920	5f 6c 61 73 74 43 6f 64 65 78 48 6f 6f 6b 54 72 
0000000100eda930	75 73 74 52 65 66 72 65 73 68 41 74 00 00 00 00 
0000000100eda940	5f 6c 61 73 74 43 6f 64 65 78 48 6f 6f 6b 54 72 
0000000100eda950	75 73 74 50 72 6f 62 65 41 74 00 00 00 00 00 00 
0000000100eda960	5f 63 6f 64 65 78 44 65 73 6b 74 6f 70 54 75 72 
0000000100eda970	6e 42 79 70 61 73 73 41 63 74 69 6f 6e 73 49 6e 
0000000100eda980	46 6c 69 67 68 74 00 00 00 00 00 00 00 00 00 00 
0000000100eda990	5f 63 6f 64 65 78 44 65 73 6b 74 6f 70 54 75 72 
0000000100eda9a0	6e 42 79 70 61 73 73 50 72 65 73 65 6e 74 61 74 
0000000100eda9b0	69 6f 6e 73 00 00 00 00 00 00 00 00 00 00 00 00 
0000000100eda9c0	5f 64 65 66 65 72 72 65 64 52 65 63 68 65 63 6b 
0000000100eda9d0	54 69 6d 65 72 00 5f 61 75 74 6f 45 78 70 61 6e 
0000000100eda9e0	64 65 64 41 74 00 5f 65 78 70 61 6e 64 65 64 41 
0000000100eda9f0	74 00 00 00 00 00 00 00 00 00 00 00 00 00 00 00 
0000000100edaa00	5f 72 65 76 65 61 6c 65 64 53 74 61 74 75 73 57 
0000000100edaa10	61 72 6e 69 6e 67 4b 65 79 73 00 00 00 00 00 00 
0000000100edaa20	5f 72 65 76 65 61 6c 65 64 43 6f 64 65 78 52 6f 
0000000100edaa30	6c 6c 6f 75 74 43 6f 6d 70 6c 65 74 69 6f 6e 4b 
0000000100edaa40	65 79 73 00 00 00 00 00 00 00 00 00 00 00 00 00 
0000000100edaa50	5f 72 65 76 65 61 6c 65 64 55 73 61 67 65 4c 69 
0000000100edaa60	6d 69 74 50 65 65 6b 4b 65 79 73 00 00 00 00 00 
0000000100edaa70	5f 72 65 76 65 61 6c 65 64 55 73 61 67 65 54 68 
0000000100edaa80	72 65 73 68 6f 6c 64 50 65 65 6b 4b 65 79 73 00 
0000000100edaa90	5f 72 65 76 65 61 6c 65 64 55 73 61 67 65 52 65 
0000000100edaaa0	73 65 74 50 65 65 6b 4b 65 79 73 00 00 00 00 00 
0000000100edaab0	5f 75 73 61 67 65 4c 69 6d 69 74 52 65 73 65 74 
0000000100edaac0	50 65 65 6b 54 61 73 6b 73 00 00 00 00 00 00 00 
0000000100edaad0	5f 63 6f 64 65 78 48 61 72 64 52 65 73 65 74 43 
0000000100edaae0	61 6e 64 69 64 61 74 65 00 00 00 00 00 00 00 00 
0000000100edaaf0	5f 63 6f 64 65 78 48 61 72 64 52 65 73 65 74 56 
0000000100edab00	65 72 69 66 69 63 61 74 69 6f 6e 54 61 73 6b 00 
0000000100edab10	5f 63 6f 64 65 78 52 65 73 65 74 43 72 65 64 69 
0000000100edab20	74 73 00 00 00 00 00 00 00 00 00 00 00 00 00 00 
0000000100edab30	5f 63 6f 64 65 78 52 65 73 65 74 43 72 65 64 69 
0000000100edab40	74 4c 65 64 67 65 72 00 00 00 00 00 00 00 00 00 
0000000100edab50	5f 63 6f 64 65 78 52 6f 6c 6c 6f 75 74 46 61 6c 
0000000100edab60	6c 62 61 63 6b 43 6f 6d 70 6c 65 74 69 6f 6e 54 
0000000100edab70	69 6d 65 73 00 00 00 00 00 00 00 00 00 00 00 00 
0000000100edab80	5f 73 77 69 74 63 68 65 72 48 69 67 68 6c 69 67 
0000000100edab90	68 74 65 64 49 64 00 5f 63 61 6e 63 65 6c 6c 61 
0000000100edaba0	62 6c 65 73 00 00 00 00 00 00 00 00 00 00 00 00 
0000000100edabb0	5f 71 75 65 75 65 43 68 65 63 6b 54 61 73 6b 73 
0000000100edabc0	00 00 00 00 00 00 00 00 00 00 00 00 00 00 00 00 
0000000100edabd0	68 6f 6f 6b 45 76 65 6e 74 54 61 73 6b 54 61 69 
0000000100edabe0	6c 73 00 00 00 00 00 00 00 00 00 00 00 00 00 00 
0000000100edabf0	68 6f 6f 6b 45 76 65 6e 74 54 61 69 6c 47 65 6e 
0000000100edac00	65 72 61 74 69 6f 6e 73 00 00 00 00 00 00 00 00 
0000000100edac10	61 74 74 65 6e 74 69 6f 6e 52 65 6d 69 6e 64 65 
0000000100edac20	72 54 61 73 6b 73 00 00 00 00 00 00 00 00 00 00 
0000000100edac30	73 65 74 74 6c 65 64 41 74 74 65 6e 74 69 6f 6e 
0000000100edac40	52 65 6d 69 6e 64 65 72 4c 65 61 73 65 73 00 00 
0000000100edac50	61 74 74 65 6e 74 69 6f 6e 52 65 6d 69 6e 64 65 
0000000100edac60	72 50 72 6f 62 65 4c 65 61 73 65 73 00 00 00 00 
0000000100edac70	5f 6b 69 72 6f 50 65 72 6d 69 73 73 69 6f 6e 48 
0000000100edac80	69 6e 74 54 61 73 6b 73 00 00 00 00 00 00 00 00 
0000000100edac90	5f 6d 61 6e 75 61 6c 6c 79 45 78 70 61 6e 64 65 
0000000100edaca0	64 49 64 73 00 5f 69 73 48 6f 76 65 72 69 6e 67 
0000000100edacb0	00 00 00 00 00 00 00 00 00 00 00 00 00 00 00 00 
0000000100edacc0	5f 69 73 4d 6f 75 73 65 49 6e 4d 65 6e 75 42 61 
0000000100edacd0	72 5a 6f 6e 65 00 00 00 00 00 00 00 00 00 00 00 
0000000100edace0	5f 69 73 4d 6f 75 73 65 49 6e 45 78 70 61 6e 64 
0000000100edacf0	65 64 50 61 6e 65 6c 00 00 00 00 00 00 00 00 00 
0000000100edad00	5f 69 73 50 72 65 76 69 65 77 69 6e 67 44 69 6d 
0000000100edad10	65 6e 73 69 6f 6e 73 00 00 00 00 00 00 00 00 00 
0000000100edad20	5f 69 73 50 72 65 76 69 65 77 69 6e 67 43 6f 6d 
0000000100edad30	70 6c 65 74 69 6f 6e 43 61 72 64 00 00 00 00 00 
0000000100edad40	5f 70 72 65 76 69 65 77 44 65 6d 6f 43 6f 6d 70 
0000000100edad50	6c 65 74 69 6f 6e 53 65 73 73 69 6f 6e 00 00 00 
0000000100edad60	5f 70 72 65 76 69 65 77 45 6e 64 54 69 6d 65 72 
0000000100edad70	00 5f 68 6f 76 65 72 54 69 6d 65 72 00 00 00 00 
0000000100edad80	5f 68 6f 76 65 72 43 6f 6f 6c 64 6f 77 6e 55 6e 
0000000100edad90	74 69 6c 00 00 00 00 00 00 00 00 00 00 00 00 00 
0000000100edada0	5f 6d 6f 75 73 65 4c 65 61 76 65 54 69 6d 65 72 
0000000100edadb0	00 00 00 00 00 00 00 00 00 00 00 00 00 00 00 00 
0000000100edadc0	63 6f 6c 6c 61 70 73 65 64 50 69 6c 6c 48 69 74 
0000000100edadd0	50 72 6f 62 65 00 5f 69 73 4d 69 6e 69 6d 69 7a 
0000000100edade0	65 64 00 5f 69 64 6c 65 43 68 65 63 6b 54 69 6d 
0000000100edadf0	65 72 00 5f 6c 61 79 6f 75 74 4d 6f 64 65 00 00 
0000000100edae00	5f 68 6f 76 65 72 54 6f 45 78 70 61 6e 64 45 6e 
0000000100edae10	61 62 6c 65 64 00 00 00 00 00 00 00 00 00 00 00 
0000000100edae20	5f 68 6f 76 65 72 45 78 70 61 6e 64 44 65 6c 61 
0000000100edae30	79 00 00 00 00 00 00 00 00 00 00 00 00 00 00 00 
0000000100edae40	5f 61 75 74 6f 43 6f 6c 6c 61 70 73 65 4f 6e 4d 
0000000100edae50	6f 75 73 65 4c 65 61 76 65 00 00 00 00 00 00 00 
0000000100edae60	5f 74 72 61 6e 73 69 65 6e 74 52 65 76 65 61 6c 
0000000100edae70	44 77 65 6c 6c 53 65 63 6f 6e 64 73 00 00 00 00 
0000000100edae80	5f 64 69 73 6d 69 73 73 54 72 61 6e 73 69 65 6e 
0000000100edae90	74 52 65 76 65 61 6c 4f 6e 4f 75 74 73 69 64 65 
0000000100edaea0	43 6c 69 63 6b 00 00 00 00 00 00 00 00 00 00 00 
0000000100edaeb0	5f 63 68 69 6c 64 41 67 65 6e 74 4e 6f 74 69 66 
0000000100edaec0	69 63 61 74 69 6f 6e 54 69 6d 69 6e 67 00 00 00 
0000000100edaed0	5f 61 74 74 65 6e 74 69 6f 6e 52 65 6d 69 6e 64 
0000000100edaee0	65 72 44 65 6c 61 79 00 00 00 00 00 00 00 00 00 
0000000100edaef0	5f 61 74 74 65 6e 74 69 6f 6e 52 65 6d 69 6e 64 
0000000100edaf00	65 72 53 63 6f 70 65 73 00 00 00 00 00 00 00 00 
0000000100edaf10	5f 61 75 74 6f 45 78 70 61 6e 64 4f 6e 54 61 73 
0000000100edaf20	6b 43 6f 6d 70 6c 65 74 65 00 00 00 00 00 00 00 
0000000100edaf30	5f 63 6f 6d 70 6c 65 74 69 6f 6e 46 6c 61 73 68 
0000000100edaf40	54 69 63 6b 00 00 00 00 00 00 00 00 00 00 00 00 
0000000100edaf50	5f 63 6f 6d 70 6c 65 74 69 6f 6e 4f 76 65 72 76 
0000000100edaf60	69 65 77 53 65 65 6e 00 00 00 00 00 00 00 00 00 
0000000100edaf70	5f 71 75 69 65 74 53 63 65 6e 65 43 6f 6d 70 6c 
0000000100edaf80	65 74 69 6f 6e 50 65 6e 64 69 6e 67 00 00 00 00 
0000000100edaf90	5f 64 69 73 61 62 6c 65 43 6c 69 63 6b 54 6f 4a 
0000000100edafa0	75 6d 70 00 00 00 00 00 00 00 00 00 00 00 00 00 
0000000100edafb0	5f 63 6f 6e 74 65 6e 74 46 6f 6e 74 53 69 7a 65 
0000000100edafc0	00 00 00 00 00 00 00 00 00 00 00 00 00 00 00 00 
0000000100edafd0	5f 63 6f 6d 70 6c 65 74 69 6f 6e 43 61 72 64 4d 
0000000100edafe0	61 78 48 65 69 67 68 74 00 00 00 00 00 00 00 00 
0000000100edaff0	5f 6d 61 78 45 78 70 61 6e 64 65 64 48 65 69 67 
0000000100edb000	68 74 00 00 00 00 00 00 00 00 00 00 00 00 00 00 
0000000100edb010	5f 6d 61 78 45 78 70 61 6e 64 65 64 57 69 64 74 
0000000100edb020	68 00 00 00 00 00 00 00 00 00 00 00 00 00 00 00 
0000000100edb030	5f 6e 6f 74 63 68 48 65 69 67 68 74 4f 66 66 73 
0000000100edb040	65 74 00 00 00 00 00 00 00 00 00 00 00 00 00 00 
0000000100edb050	5f 6e 6f 74 63 68 57 69 64 74 68 4f 66 66 73 65 
0000000100edb060	74 00 00 00 00 00 00 00 00 00 00 00 00 00 00 00 
0000000100edb070	5f 68 69 64 65 49 6e 46 75 6c 6c 73 63 72 65 65 
0000000100edb080	6e 00 00 00 00 00 00 00 00 00 00 00 00 00 00 00 
0000000100edb090	5f 69 73 49 6e 46 75 6c 6c 73 63 72 65 65 6e 53 
0000000100edb0a0	70 61 63 65 00 00 00 00 00 00 00 00 00 00 00 00 
0000000100edb0b0	5f 61 75 74 6f 48 69 64 65 57 68 65 6e 49 64 6c 
0000000100edb0c0	65 00 5f 69 73 41 75 74 6f 48 69 64 64 65 6e 00 
0000000100edb0d0	5f 61 75 74 6f 48 69 64 65 54 61 73 6b 00 00 00 
0000000100edb0e0	5f 75 73 61 67 65 41 63 63 6f 75 6e 74 53 74 6f 
0000000100edb0f0	72 65 00 00 00 00 00 00 00 00 00 00 00 00 00 00 
0000000100edb100	5f 75 73 65 72 53 65 6c 65 63 74 65 64 55 73 61 
0000000100edb110	67 65 50 72 6f 76 69 64 65 72 00 00 00 00 00 00 
0000000100edb120	5f 74 72 61 6e 73 69 65 6e 74 55 73 61 67 65 50 
0000000100edb130	72 6f 76 69 64 65 72 00 00 00 00 00 00 00 00 00 
0000000100edb140	74 72 61 6e 73 69 65 6e 74 55 73 61 67 65 50 72 
0000000100edb150	6f 76 69 64 65 72 52 65 73 65 74 54 61 73 6b 00 
0000000100edb160	5f 75 73 61 67 65 46 65 74 63 68 54 61 73 6b 00 
0000000100edb170	75 73 61 67 65 50 72 6f 76 69 64 65 72 52 65 66 
0000000100edb180	72 65 73 68 50 6c 61 6e 6e 65 72 00 00 00 00 00 
0000000100edb190	5f 70 65 6e 64 69 6e 67 46 65 74 63 68 44 65 6c 
0000000100edb1a0	61 79 00 5f 73 68 6f 77 55 73 61 67 65 00 00 00 
0000000100edb1b0	5f 75 73 61 67 65 54 68 72 65 73 68 6f 6c 64 50 
0000000100edb1c0	65 65 6b 45 6e 61 62 6c 65 64 00 00 00 00 00 00 
0000000100edb1d0	5f 75 73 61 67 65 54 68 72 65 73 68 6f 6c 64 50 
0000000100edb1e0	65 65 6b 50 65 72 63 65 6e 74 00 00 00 00 00 00 
0000000100edb1f0	5f 75 73 61 67 65 41 63 74 69 76 61 74 65 64 54 
0000000100edb200	68 69 73 53 65 73 73 69 6f 6e 00 00 00 00 00 00 
0000000100edb210	5f 69 73 55 73 61 67 65 41 63 74 69 76 61 74 69 
0000000100edb220	6e 67 00 00 00 00 00 00 00 00 00 00 00 00 00 00 
0000000100edb230	5f 75 73 61 67 65 44 69 73 70 6c 61 79 53 74 79 
0000000100edb240	6c 65 00 5f 75 73 61 67 65 56 61 6c 75 65 4d 6f 
0000000100edb250	64 65 00 00 00 00 00 00 00 00 00 00 00 00 00 00 
0000000100edb260	5f 24 6f 62 73 65 72 76 61 74 69 6f 6e 52 65 67 
0000000100edb270	69 73 74 72 61 72 00 69 64 00 74 69 74 6c 65 00 
0000000100edb280	64 65 74 61 69 6c 00 70 72 6f 76 69 64 65 72 00 
0000000100edb290	6c 65 76 65 6c 00 73 6f 75 72 63 65 55 52 4c 00 
0000000100edb2a0	61 74 74 65 6e 74 69 6f 6e 52 65 6d 69 6e 64 65 
0000000100edb2b0	72 00 74 61 73 6b 43 6f 6d 70 6c 65 74 65 00 00 
0000000100edb2c0	63 6f 6d 70 61 63 74 69 6f 6e 43 6f 6d 70 6c 65 
0000000100edb2d0	74 65 00 73 74 61 74 75 73 57 61 72 6e 69 6e 67 
0000000100edb2e0	00 75 73 61 67 65 4c 69 6d 69 74 00 63 6c 6f 73 
0000000100edb2f0	65 64 00 70 65 65 6b 00 65 78 70 61 6e 64 65 64 
0000000100edb300	00 6f 62 73 65 72 76 65 64 41 74 00 00 00 00 00 
0000000100edb310	72 75 6e 74 69 6d 65 49 6e 73 74 61 6e 63 65 49 
0000000100edb320	64 00 74 6f 6b 65 6e 00 74 61 73 6b 00 63 6f 6d 
0000000100edb330	70 61 63 74 00 6e 6f 72 6d 61 6c 00 68 65 61 64 
0000000100edb340	65 72 49 6e 6c 69 6e 65 00 69 6e 66 6f 42 61 72 
0000000100edb350	00 72 69 6e 67 42 61 64 67 65 00 75 73 65 64 00 
0000000100edb360	72 65 6d 61 69 6e 69 6e 67 00 52 61 77 56 61 6c 
0000000100edb370	75 65 00 41 6c 6c 43 61 73 65 73 00 69 6e 66 6f 
0000000100edb380	00 77 61 72 6e 69 6e 67 00 63 72 69 74 69 63 61 
0000000100edb390	6c 00 00 00 00 00 00 00 00 00 00 00 00 00 00 00 
0000000100edb3a0	5f 64 72 61 66 74 73 00 5f 73 75 62 6d 69 74 74 
0000000100edb3b0	69 6e 67 00 00 00 00 00 00 00 00 00 00 00 00 00 
0000000100edb3c0	5f 24 6f 62 73 65 72 76 61 74 69 6f 6e 52 65 67 
0000000100edb3d0	69 73 74 72 61 72 00 73 65 73 73 69 6f 6e 49 64 
0000000100edb3e0	00 00 00 00 00 00 00 00 00 00 00 00 00 00 00 00 
0000000100edb3f0	72 75 6e 74 69 6d 65 49 6e 73 74 61 6e 63 65 49 
0000000100edb400	64 00 72 65 71 75 65 73 74 49 64 00 63 75 72 72 
0000000100edb410	65 6e 74 49 6e 64 65 78 00 72 65 73 70 6f 6e 73 
0000000100edb420	65 73 00 73 65 6c 65 63 74 65 64 4c 61 62 65 6c 
0000000100edb430	73 00 63 75 73 74 6f 6d 54 65 78 74 00 00 00 00 
0000000100edb440	73 74 61 74 65 73 00 72 6f 6f 74 52 65 73 70 6f 
0000000100edb450	6e 73 65 73 00 00 00 00 00 00 00 00 00 00 00 00 
0000000100edb460	61 6c 6c 43 68 69 6c 64 72 65 6e 46 69 6e 69 73 
0000000100edb470	68 65 64 00 00 00 00 00 00 00 00 00 00 00 00 00 
0000000100edb480	65 76 65 72 79 43 68 69 6c 64 43 6f 6d 70 6c 65 
0000000100edb490	74 69 6f 6e 00 41 6c 6c 43 61 73 65 73 00 52 61 
0000000100edb4a0	77 56 61 6c 75 65 00 00 00 00 00 00 00 00 00 00 
0000000100edb4b0	72 75 6e 74 69 6d 65 49 6e 73 74 61 6e 63 65 49 
0000000100edb4c0	64 00 00 00 00 00 00 00 00 00 00 00 00 00 00 00 
0000000100edb4d0	72 65 73 70 6f 6e 73 65 52 65 76 69 73 69 6f 6e 
0000000100edb4e0	00 00 00 00 00 00 00 00 00 00 00 00 00 00 00 00 
0000000100edb4f0	6c 61 73 74 52 65 73 70 6f 6e 73 65 49 64 65 6e 
0000000100edb500	74 69 74 79 00 00 00 00 00 00 00 00 00 00 00 00 
0000000100edb510	6c 61 73 74 4e 6f 74 69 66 69 65 64 52 65 76 69 
0000000100edb520	73 69 6f 6e 00 00 00 00 00 00 00 00 00 00 00 00 
0000000100edb530	6c 61 73 74 56 69 65 77 65 64 52 65 76 69 73 69 
0000000100edb540	6f 6e 00 62 65 63 61 6d 65 55 6e 72 65 61 64 41 
0000000100edb550	74 00 00 00 00 00 00 00 00 00 00 00 00 00 00 00 
0000000100edb560	72 6f 6f 74 54 75 72 6e 47 65 6e 65 72 61 74 69 
0000000100edb570	6f 6e 00 00 00 00 00 00 00 00 00 00 00 00 00 00 
0000000100edb580	66 69 6e 61 6c 4e 6f 74 69 66 69 65 64 43 68 69 
0000000100edb590	6c 64 47 65 6e 65 72 61 74 69 6f 6e 00 00 00 00 
0000000100edb5a0	66 69 6e 61 6c 4e 6f 74 69 66 69 65 64 52 6f 6f 
0000000100edb5b0	74 54 75 72 6e 47 65 6e 65 72 61 74 69 6f 6e 00 
0000000100edb5c0	72 65 76 69 73 69 6f 6e 00 73 65 73 73 69 6f 6e 
0000000100edb5d0	49 64 00 00 00 00 00 00 00 00 00 00 00 00 00 00 
0000000100edb5e0	72 65 73 70 6f 6e 73 65 49 64 65 6e 74 69 74 79 
0000000100edb5f0	00 6d 6f 64 65 00 00 00 00 00 00 00 00 00 00 00 
0000000100edb600	63 68 69 6c 64 54 72 65 65 47 65 6e 65 72 61 74 
0000000100edb610	69 6f 6e 00 00 00 00 00 00 00 00 00 00 00 00 00 
0000000100edb620	63 68 69 6c 64 4c 69 66 65 63 79 63 6c 65 52 65 
0000000100edb630	76 69 73 69 6f 6e 00 00 00 00 00 00 00 00 00 00 
0000000100edb640	63 68 69 6c 64 54 72 65 65 48 61 73 41 75 74 68 
0000000100edb650	6f 72 69 74 61 74 69 76 65 43 68 69 6c 64 72 65 
0000000100edb660	6e 00 00 00 00 00 00 00 00 00 00 00 00 00 00 00 
0000000100edb670	72 75 6e 6e 69 6e 67 41 75 74 68 6f 72 69 74 61 
0000000100edb680	74 69 76 65 43 68 69 6c 64 43 6f 75 6e 74 00 00 
0000000100edb690	68 61 73 53 61 6d 65 54 72 65 65 41 74 74 65 6e 
0000000100edb6a0	74 69 6f 6e 00 72 65 76 65 61 6c 50 72 6f 67 72 
0000000100edb6b0	65 73 73 00 72 65 76 65 61 6c 46 69 6e 61 6c 00 
0000000100edb6c0	75 70 64 61 74 65 4f 6e 6c 79 00 00 00 00 00 00 
0000000100edb6d0	64 65 66 65 72 46 6f 72 41 74 74 65 6e 74 69 6f 
0000000100edb6e0	6e 00 64 75 70 6c 69 63 61 74 65 00 00 00 00 00 
0000000100edb6f0	72 65 76 65 61 6c 43 68 69 6c 64 50 72 6f 67 72 
0000000100edb700	65 73 73 00 75 70 64 61 74 65 43 68 69 6c 64 4f 
0000000100edb710	6e 6c 79 00 00 00 00 00 00 00 00 00 00 00 00 00 
0000000100edb720	5f 61 76 61 69 6c 61 62 6c 65 53 63 72 65 65 6e 
0000000100edb730	73 00 5f 73 65 6c 65 63 74 65 64 53 63 72 65 65 
0000000100edb740	6e 00 5f 74 61 72 67 65 74 00 5f 74 69 70 44 69 
0000000100edb750	73 6d 69 73 73 65 64 00 5f 74 69 70 53 68 6f 77 
0000000100edb760	6e 41 74 00 5f 73 63 72 65 65 6e 4f 62 73 65 72 
0000000100edb770	76 65 72 00 00 00 00 00 00 00 00 00 00 00 00 00 
0000000100edb780	5f 73 63 72 65 65 6e 43 68 61 6e 67 65 54 61 73 
0000000100edb790	6b 00 5f 66 6f 63 75 73 4f 62 73 65 72 76 65 72 
0000000100edb7a0	00 00 00 00 00 00 00 00 00 00 00 00 00 00 00 00 
0000000100edb7b0	5f 66 6f 63 75 73 44 65 62 6f 75 6e 63 65 54 61 
0000000100edb7c0	73 6b 00 00 00 00 00 00 00 00 00 00 00 00 00 00 
0000000100edb7d0	5f 6c 61 73 74 53 63 72 65 65 6e 43 6f 75 6e 74 
0000000100edb7e0	00 00 00 00 00 00 00 00 00 00 00 00 00 00 00 00 
0000000100edb7f0	5f 6c 61 73 74 53 65 6c 65 63 74 65 64 46 72 61 
0000000100edb800	6d 65 00 00 00 00 00 00 00 00 00 00 00 00 00 00 
0000000100edb810	5f 6c 61 73 74 53 65 6c 65 63 74 65 64 44 69 73 
0000000100edb820	70 6c 61 79 49 44 00 00 00 00 00 00 00 00 00 00 
0000000100edb830	5f 24 6f 62 73 65 72 76 61 74 69 6f 6e 52 65 67 
0000000100edb840	69 73 74 72 61 72 00 70 69 6e 6e 65 64 00 6d 61 
0000000100edb850	69 6e 44 69 73 70 6c 61 79 00 66 6f 6c 6c 6f 77 
0000000100edb860	46 6f 63 75 73 00 68 65 61 64 65 72 00 71 75 65 
0000000100edb870	73 74 69 6f 6e 00 6f 70 74 69 6f 6e 73 00 6d 75 
0000000100edb880	6c 74 69 53 65 6c 65 63 74 00 69 73 53 65 63 72 
0000000100edb890	65 74 00 00 00 00 00 00 00 00 00 00 00 00 00 00 
0000000100edb8a0	69 64 00 00 00 00 00 00 00 00 00 00 00 00 00 00 
0000000100edb8b0	72 75 6e 74 69 6d 65 49 6e 73 74 61 6e 63 65 49 
0000000100edb8c0	64 00 00 00 00 00 00 00 00 00 00 00 00 00 00 00 
0000000100edb8d0	6c 61 73 74 50 72 6f 63 65 73 73 65 64 48 6f 6f 
0000000100edb8e0	6b 49 6e 67 72 65 73 73 52 65 76 69 73 69 6f 6e 
0000000100edb8f0	00 00 00 00 00 00 00 00 00 00 00 00 00 00 00 00 
0000000100edb900	6c 61 73 74 50 72 6f 63 65 73 73 65 64 50 65 72 
0000000100edb910	6d 69 73 73 69 6f 6e 49 6e 67 72 65 73 73 52 65 
0000000100edb920	76 69 73 69 6f 6e 00 63 72 65 61 74 65 64 41 74 
0000000100edb930	00 6c 61 73 74 41 63 74 69 76 69 74 79 41 74 00 
0000000100edb940	73 74 61 74 75 73 00 00 00 00 00 00 00 00 00 00 
0000000100edb950	71 75 65 73 74 69 6f 6e 4f 63 63 75 72 72 65 6e 
0000000100edb960	63 65 52 65 76 69 73 69 6f 6e 00 63 77 64 00 72 
0000000100edb970	65 70 6f 4e 61 6d 65 00 77 6f 72 6b 74 72 65 65 
0000000100edb980	4e 61 6d 65 00 67 69 74 42 72 61 6e 63 68 00 66 
0000000100edb990	69 72 73 74 43 77 64 00 61 6e 63 68 6f 72 52 65 
0000000100edb9a0	70 6f 4e 61 6d 65 00 00 00 00 00 00 00 00 00 00 
0000000100edb9b0	73 6f 75 72 63 65 50 72 6f 6a 65 63 74 4e 61 6d 
0000000100edb9c0	65 00 63 75 72 72 65 6e 74 54 6f 6f 6c 00 74 6f 
0000000100edb9d0	6f 6c 54 61 72 67 65 74 00 74 6f 6f 6c 49 6e 70 
0000000100edb9e0	75 74 00 00 00 00 00 00 00 00 00 00 00 00 00 00 
0000000100edb9f0	71 75 65 73 74 69 6f 6e 54 6f 6f 6c 55 73 65 49 
0000000100edba00	64 00 00 00 00 00 00 00 00 00 00 00 00 00 00 00 
0000000100edba10	61 6e 74 69 67 72 61 76 69 74 79 41 74 74 65 6e 
0000000100edba20	74 69 6f 6e 53 74 65 70 49 6e 64 65 78 00 63 61 
0000000100edba30	63 68 65 64 51 75 65 73 74 69 6f 6e 73 00 70 69 
0000000100edba40	64 00 74 74 79 00 74 65 72 6d 50 72 6f 67 72 61 
0000000100edba50	6d 00 00 00 00 00 00 00 00 00 00 00 00 00 00 00 
0000000100edba60	68 6f 73 74 57 6f 72 6b 73 70 61 63 65 44 69 73 
0000000100edba70	70 6c 61 79 4e 61 6d 65 00 69 74 65 72 6d 53 65 
0000000100edba80	73 73 69 6f 6e 49 64 00 00 00 00 00 00 00 00 00 
0000000100edba90	69 74 65 72 6d 53 65 73 73 69 6f 6e 49 64 53 6f 
0000000100edbaa0	75 72 63 65 00 74 65 72 6d 53 65 73 73 69 6f 6e 
0000000100edbab0	49 64 00 69 73 54 6d 75 78 43 43 00 69 73 49 6e 
0000000100edbac0	54 6d 75 78 00 74 6d 75 78 50 61 6e 65 00 74 6d 
0000000100edbad0	75 78 53 6f 63 6b 65 74 50 61 74 68 00 00 00 00 
0000000100edbae0	74 6d 75 78 48 6f 73 74 43 6f 6e 66 69 72 6d 65 
0000000100edbaf0	64 00 6b 69 74 74 79 57 69 6e 64 6f 77 49 64 00 
0000000100edbb00	6b 69 74 74 79 4c 69 73 74 65 6e 4f 6e 00 00 00 
0000000100edbb10	7a 65 6c 6c 69 6a 53 65 73 73 69 6f 6e 4e 61 6d 
0000000100edbb20	65 00 7a 65 6c 6c 69 6a 50 61 6e 65 49 64 00 69 
0000000100edbb30	73 49 6e 48 65 72 64 72 00 68 65 72 64 72 50 61 
0000000100edbb40	6e 65 49 64 00 68 65 72 64 72 54 61 62 49 64 00 
0000000100edbb50	68 65 72 64 72 57 6f 72 6b 73 70 61 63 65 49 64 
0000000100edbb60	00 68 65 72 64 72 53 6f 63 6b 65 74 50 61 74 68 
0000000100edbb70	00 00 00 00 00 00 00 00 00 00 00 00 00 00 00 00 
0000000100edbb80	62 75 6e 64 6c 65 49 64 65 6e 74 69 66 69 65 72 
0000000100edbb90	00 70 61 73 65 6f 41 67 65 6e 74 49 64 00 00 00 
0000000100edbba0	61 64 6d 69 73 73 69 6f 6e 42 75 6e 64 6c 65 49 
0000000100edbbb0	64 65 6e 74 69 66 69 65 72 73 00 69 64 65 57 69 
0000000100edbbc0	6e 64 6f 77 49 64 00 00 00 00 00 00 00 00 00 00 
0000000100edbbd0	63 75 72 73 6f 72 57 69 6e 64 6f 77 4b 69 6e 64 
0000000100edbbe0	00 63 6d 75 78 57 6f 72 6b 73 70 61 63 65 49 64 
0000000100edbbf0	00 63 6d 75 78 53 75 72 66 61 63 65 49 64 00 63 
0000000100edbc00	6d 75 78 53 6f 63 6b 65 74 50 61 74 68 00 00 00 
0000000100edbc10	74 65 72 6d 69 6e 61 6c 46 6f 63 75 73 49 64 65 
0000000100edbc20	6e 74 69 74 79 00 77 65 7a 74 65 72 6d 53 6f 63 
0000000100edbc30	6b 65 74 00 77 65 7a 74 65 72 6d 50 61 6e 65 00 
0000000100edbc40	77 65 7a 74 65 72 6d 57 69 6e 64 6f 77 49 64 00 
0000000100edbc50	6f 74 74 79 53 6f 63 6b 65 74 00 6f 74 74 79 50 
0000000100edbc60	61 6e 65 49 64 00 77 61 72 70 50 61 6e 65 55 55 
0000000100edbc70	49 44 00 77 61 72 70 46 6f 63 75 73 55 52 4c 00 
0000000100edbc80	69 73 50 65 6e 64 69 6e 67 46 69 72 73 74 41 63 
0000000100edbc90	74 69 76 69 74 79 00 69 73 52 65 73 74 6f 72 65 
0000000100edbca0	64 00 00 00 00 00 00 00 00 00 00 00 00 00 00 00 
0000000100edbcb0	77 61 73 52 65 73 74 6f 72 65 64 46 72 6f 6d 44 
0000000100edbcc0	69 73 6b 00 69 73 49 6e 74 65 72 72 75 70 74 65 
0000000100edbcd0	64 00 00 00 00 00 00 00 00 00 00 00 00 00 00 00 
0000000100edbce0	73 74 61 74 75 73 57 61 72 6e 69 6e 67 4d 65 73 
0000000100edbcf0	73 61 67 65 00 00 00 00 00 00 00 00 00 00 00 00 
0000000100edbd00	73 74 61 74 75 73 57 61 72 6e 69 6e 67 4f 63 63 
0000000100edbd10	75 72 72 65 6e 63 65 52 65 76 69 73 69 6f 6e 00 
0000000100edbd20	69 73 53 53 48 52 65 6d 6f 74 65 00 73 73 68 52 
0000000100edbd30	65 6d 6f 74 65 48 6f 73 74 49 64 00 00 00 00 00 
0000000100edbd40	73 73 68 52 65 6d 6f 74 65 41 75 74 68 6f 72 69 
0000000100edbd50	74 79 47 65 6e 65 72 61 74 69 6f 6e 00 00 00 00 
0000000100edbd60	69 73 43 6f 6d 70 61 63 74 43 6f 6d 70 6c 65 74 
0000000100edbd70	65 00 00 00 00 00 00 00 00 00 00 00 00 00 00 00 
0000000100edbd80	61 63 74 69 76 65 43 6f 6d 70 61 63 74 69 6f 6e 
0000000100edbd90	00 00 00 00 00 00 00 00 00 00 00 00 00 00 00 00 
0000000100edbda0	63 6f 6d 70 61 63 74 69 6e 67 53 74 61 72 74 65 
0000000100edbdb0	64 41 74 00 00 00 00 00 00 00 00 00 00 00 00 00 
0000000100edbdc0	69 73 4d 61 79 4e 65 65 64 41 74 74 65 6e 74 69 
0000000100edbdd0	6f 6e 00 00 00 00 00 00 00 00 00 00 00 00 00 00 
0000000100edbde0	63 6f 64 65 78 48 6f 6f 6b 50 65 72 6d 69 73 73 
0000000100edbdf0	69 6f 6e 41 63 74 69 76 65 00 00 00 00 00 00 00 
0000000100edbe00	63 6f 64 65 78 44 65 73 6b 74 6f 70 4e 61 74 69 
0000000100edbe10	76 65 41 70 70 72 6f 76 61 6c 54 68 72 65 61 64 
0000000100edbe20	49 64 00 00 00 00 00 00 00 00 00 00 00 00 00 00 
0000000100edbe30	63 6f 64 65 78 44 65 73 6b 74 6f 70 4e 61 74 69 
0000000100edbe40	76 65 41 70 70 72 6f 76 61 6c 54 75 72 6e 49 64 
0000000100edbe50	00 00 00 00 00 00 00 00 00 00 00 00 00 00 00 00 
0000000100edbe60	63 6f 64 65 78 44 65 73 6b 74 6f 70 4e 61 74 69 
0000000100edbe70	76 65 41 70 70 72 6f 76 61 6c 52 65 71 75 65 73 
0000000100edbe80	74 4e 6f 6e 63 65 00 00 00 00 00 00 00 00 00 00 
0000000100edbe90	63 6f 64 65 78 44 65 73 6b 74 6f 70 4e 61 74 69 
0000000100edbea0	76 65 41 70 70 72 6f 76 61 6c 4f 77 6e 65 72 52 
0000000100edbeb0	65 61 64 79 00 00 00 00 00 00 00 00 00 00 00 00 
0000000100edbec0	63 6f 64 65 78 44 65 73 6b 74 6f 70 4e 61 74 69 
0000000100edbed0	76 65 41 70 70 72 6f 76 61 6c 53 75 62 6d 69 73 
0000000100edbee0	73 69 6f 6e 54 6f 6b 65 6e 00 00 00 00 00 00 00 
0000000100edbef0	63 6f 64 65 78 44 65 73 6b 74 6f 70 4e 61 74 69 
0000000100edbf00	76 65 41 70 70 72 6f 76 61 6c 4b 69 6e 64 00 00 
0000000100edbf10	63 6f 64 65 78 44 65 73 6b 74 6f 70 4e 61 74 69 
0000000100edbf20	76 65 4d 43 50 50 72 65 73 65 6e 74 61 74 69 6f 
0000000100edbf30	6e 00 00 00 00 00 00 00 00 00 00 00 00 00 00 00 
0000000100edbf40	6c 61 73 74 49 6e 74 65 72 72 75 70 74 55 75 69 
0000000100edbf50	64 00 73 6f 75 72 63 65 00 68 6f 6f 6b 43 6f 6e 
0000000100edbf60	66 69 67 49 64 00 74 65 61 6d 4e 61 6d 65 00 61 
0000000100edbf70	67 65 6e 74 4e 61 6d 65 00 00 00 00 00 00 00 00 
0000000100edbf80	73 70 61 77 6e 65 64 54 65 61 6d 6d 61 74 65 50 
0000000100edbf90	61 6e 65 73 00 00 00 00 00 00 00 00 00 00 00 00 
0000000100edbfa0	69 6e 66 65 72 72 65 64 50 61 72 65 6e 74 49 64 
0000000100edbfb0	00 61 63 74 69 76 65 53 75 62 61 67 65 6e 74 73 
0000000100edbfc0	00 00 00 00 00 00 00 00 00 00 00 00 00 00 00 00 
0000000100edbfd0	63 68 69 6c 64 54 72 65 65 47 65 6e 65 72 61 74 
0000000100edbfe0	69 6f 6e 00 00 00 00 00 00 00 00 00 00 00 00 00 
0000000100edbff0	63 68 69 6c 64 4c 69 66 65 63 79 63 6c 65 52 65 
0000000100edc000	76 69 73 69 6f 6e 00 00 00 00 00 00 00 00 00 00 
0000000100edc010	63 68 69 6c 64 54 72 65 65 48 61 73 41 75 74 68 
0000000100edc020	6f 72 69 74 61 74 69 76 65 43 68 69 6c 64 72 65 
0000000100edc030	6e 00 6b 69 72 6f 41 67 65 6e 74 4e 61 6d 65 00 
0000000100edc040	6f 70 65 6e 63 6f 64 65 52 65 71 75 65 73 74 49 
0000000100edc050	64 00 00 00 00 00 00 00 00 00 00 00 00 00 00 00 
0000000100edc060	6f 70 65 6e 63 6f 64 65 53 65 72 76 65 72 50 6f 
0000000100edc070	72 74 00 00 00 00 00 00 00 00 00 00 00 00 00 00 
0000000100edc080	6f 70 65 6e 43 6f 64 65 50 61 72 65 6e 74 49 44 
0000000100edc090	00 63 6f 64 65 78 4f 72 69 67 69 6e 61 74 6f 72 
0000000100edc0a0	00 00 00 00 00 00 00 00 00 00 00 00 00 00 00 00 
0000000100edc0b0	63 6f 64 65 78 54 68 72 65 61 64 53 6f 75 72 63 
0000000100edc0c0	65 00 00 00 00 00 00 00 00 00 00 00 00 00 00 00 
0000000100edc0d0	63 6f 64 65 78 4e 6f 74 69 66 79 54 68 72 65 61 
0000000100edc0e0	64 49 64 00 00 00 00 00 00 00 00 00 00 00 00 00 
0000000100edc0f0	63 6f 64 65 78 52 6f 6c 6c 6f 75 74 50 61 74 68 
0000000100edc100	00 63 6f 64 65 78 57 72 69 74 65 72 50 69 64 00 
0000000100edc110	63 6f 64 65 78 4f 72 69 67 69 6e 00 00 00 00 00 
0000000100edc120	61 6e 74 69 67 72 61 76 69 74 79 54 72 61 6e 73 
0000000100edc130	63 72 69 70 74 50 61 74 68 00 63 6c 61 75 64 65 
0000000100edc140	4f 72 69 67 69 6e 00 00 00 00 00 00 00 00 00 00 
0000000100edc150	63 6f 77 6f 72 6b 43 6c 69 53 65 73 73 69 6f 6e 
0000000100edc160	49 64 00 00 00 00 00 00 00 00 00 00 00 00 00 00 
0000000100edc170	63 6f 64 65 78 53 75 62 61 67 65 6e 74 4b 69 6e 
0000000100edc180	64 00 00 00 00 00 00 00 00 00 00 00 00 00 00 00 
0000000100edc190	63 6f 64 65 78 53 75 62 61 67 65 6e 74 50 61 72 
0000000100edc1a0	65 6e 74 54 68 72 65 61 64 49 64 00 00 00 00 00 
0000000100edc1b0	63 6f 64 65 78 53 75 62 61 67 65 6e 74 4e 69 63 
0000000100edc1c0	6b 6e 61 6d 65 00 00 00 00 00 00 00 00 00 00 00 
0000000100edc1d0	63 6f 64 65 78 53 75 62 61 67 65 6e 74 52 6f 6c 
0000000100edc1e0	65 00 00 00 00 00 00 00 00 00 00 00 00 00 00 00 
0000000100edc1f0	69 73 41 77 61 69 74 69 6e 67 45 78 70 6c 69 63 
0000000100edc200	69 74 55 73 65 72 54 75 72 6e 00 00 00 00 00 00 
0000000100edc210	64 65 73 6b 74 6f 70 43 6f 6e 76 65 72 73 61 74 
0000000100edc220	69 6f 6e 46 69 6e 67 65 72 70 72 69 6e 74 00 00 
0000000100edc230	6f 70 65 6e 44 65 73 69 67 6e 52 65 70 6c 61 63 
0000000100edc240	65 6d 65 6e 74 4b 65 79 00 00 00 00 00 00 00 00 
0000000100edc250	63 6c 61 75 64 65 44 65 73 6b 74 6f 70 53 65 73 
0000000100edc260	73 69 6f 6e 49 64 00 00 00 00 00 00 00 00 00 00 
0000000100edc270	63 6c 61 75 64 65 44 65 73 6b 74 6f 70 43 6f 6d 
0000000100edc280	70 6c 65 74 65 64 54 75 72 6e 73 00 73 65 6e 73 
0000000100edc290	6f 72 79 50 6f 6c 69 63 79 00 77 69 6e 64 6f 77 
0000000100edc2a0	49 6e 64 65 78 00 74 61 62 49 6e 64 65 78 00 74 
0000000100edc2b0	61 62 4e 61 6d 65 00 73 65 73 73 69 6f 6e 4e 61 
0000000100edc2c0	6d 65 00 00 00 00 00 00 00 00 00 00 00 00 00 00 
0000000100edc2d0	61 70 70 72 6f 76 61 6c 45 6e 74 65 72 65 64 41 
0000000100edc2e0	74 00 00 00 00 00 00 00 00 00 00 00 00 00 00 00 
0000000100edc2f0	61 70 70 72 6f 76 61 6c 4a 73 6f 6e 6c 4d 6f 64 
0000000100edc300	54 69 6d 65 00 00 00 00 00 00 00 00 00 00 00 00 
0000000100edc310	61 70 70 72 6f 76 61 6c 4d 74 69 6d 65 43 68 61 
0000000100edc320	6e 67 65 43 6f 75 6e 74 00 00 00 00 00 00 00 00 
0000000100edc330	63 6f 64 65 78 48 6f 6f 6b 50 65 72 6d 69 73 73 
0000000100edc340	69 6f 6e 54 6f 6f 6c 55 73 65 49 64 00 00 00 00 
0000000100edc350	63 6c 61 75 64 65 4e 61 74 69 76 65 50 65 72 6d 
0000000100edc360	69 73 73 69 6f 6e 4d 6f 64 65 00 00 00 00 00 00 
0000000100edc370	63 6c 61 75 64 65 50 65 72 6d 69 73 73 69 6f 6e 
0000000100edc380	4d 6f 64 65 42 65 66 6f 72 65 50 6c 61 6e 00 72 
0000000100edc390	75 6e 74 69 6d 65 50 72 6f 66 69 6c 65 00 00 00 
0000000100edc3a0	63 6f 64 65 78 52 65 76 69 65 77 65 72 43 6f 6e 
0000000100edc3b0	66 69 67 00 74 75 72 6e 43 6f 75 6e 74 00 74 6f 
0000000100edc3c0	6f 6c 55 73 65 43 6f 75 6e 74 00 00 00 00 00 00 
0000000100edc3d0	6f 62 73 65 72 76 65 64 43 6f 64 65 78 54 6f 6f 
0000000100edc3e0	6c 43 61 6c 6c 49 64 73 00 00 00 00 00 00 00 00 
0000000100edc3f0	73 65 73 73 69 6f 6e 41 70 70 72 6f 76 61 6c 43 
0000000100edc400	6f 75 6e 74 00 65 76 65 72 42 79 70 61 73 73 65 
0000000100edc410	64 00 00 00 00 00 00 00 00 00 00 00 00 00 00 00 
0000000100edc420	63 6f 6e 76 65 72 73 61 74 69 6f 6e 49 6e 66 6f 
0000000100edc430	00 74 61 73 6b 53 6e 61 70 73 68 6f 74 00 61 6c 
0000000100edc440	6c 6f 77 65 64 50 72 6f 6d 70 74 73 00 70 6c 61 
0000000100edc450	6e 54 69 74 6c 65 00 70 6c 61 6e 43 6f 6e 74 65 
0000000100edc460	6e 74 00 00 00 00 00 00 00 00 00 00 00 00 00 00 
0000000100edc470	70 65 72 6d 69 73 73 69 6f 6e 53 75 67 67 65 73 
0000000100edc480	74 69 6f 6e 73 00 73 75 72 66 61 63 65 00 63 6f 
0000000100edc490	6e 6e 65 63 74 6f 72 4e 61 6d 65 00 74 61 72 67 
0000000100edc4a0	65 74 00 70 65 72 73 69 73 74 4d 6f 64 65 73 00 
0000000100edc4b0	49 44 00 68 6f 6f 6b 45 6e 76 69 72 6f 6e 6d 65 
0000000100edc4c0	6e 74 00 74 6d 75 78 50 61 6e 65 4d 61 70 70 69 
0000000100edc4d0	6e 67 00 63 6f 6d 6d 61 6e 64 00 66 69 6c 65 43 
0000000100edc4e0	68 61 6e 67 65 00 6d 63 70 54 6f 6f 6c 43 61 6c 
0000000100edc4f0	6c 00 70 65 72 6d 69 73 73 69 6f 6e 73 00 64 65 
0000000100edc500	73 6b 74 6f 70 00 63 6c 69 00 65 78 65 63 00 73 
0000000100edc510	75 62 61 67 65 6e 74 00 61 70 70 53 65 72 76 65 
0000000100edc520	72 00 75 6e 6b 6e 6f 77 6e 00 63 6f 77 6f 72 6b 
0000000100edc530	00 73 65 73 73 69 6f 6e 00 61 6c 77 61 79 73 00 
0000000100edc540	67 65 6e 65 72 69 63 00 62 72 6f 77 73 65 72 4f 
0000000100edc550	72 69 67 69 6e 00 63 6f 6d 70 75 74 65 72 55 73 
0000000100edc560	65 00 61 67 65 6e 74 53 6f 75 72 63 65 00 6d 6f 
0000000100edc570	64 65 6c 46 61 6d 69 6c 79 00 70 65 72 6d 69 73 
0000000100edc580	73 69 6f 6e 4d 6f 64 65 00 63 6f 64 65 78 52 65 
0000000100edc590	76 69 65 77 65 72 00 6d 75 6c 74 69 70 6c 65 78 
0000000100edc5a0	65 72 00 69 73 49 44 45 45 78 74 65 6e 73 69 6f 
0000000100edc5b0	6e 00 69 73 54 65 61 6d 4d 65 6d 62 65 72 00 77 
0000000100edc5c0	61 73 52 65 73 74 6f 72 65 64 00 64 75 72 61 74 
0000000100edc5d0	69 6f 6e 53 65 63 6f 6e 64 73 00 74 61 73 6b 43 
0000000100edc5e0	6f 75 6e 74 00 61 70 70 72 6f 76 61 6c 43 6f 75 
0000000100edc5f0	6e 74 00 73 75 62 61 67 65 6e 74 43 6f 75 6e 74 
0000000100edc600	00 52 61 77 56 61 6c 75 65 00 00 00 00 00 00 00 
0000000100edc610	77 61 69 74 69 6e 67 46 6f 72 49 6e 70 75 74 00 
0000000100edc620	70 72 6f 63 65 73 73 69 6e 67 00 74 68 69 6e 6b 
0000000100edc630	69 6e 67 00 72 75 6e 6e 69 6e 67 54 6f 6f 6c 00 
0000000100edc640	77 61 69 74 69 6e 67 46 6f 72 41 70 70 72 6f 76 
0000000100edc650	61 6c 00 71 75 65 73 74 69 6f 6e 00 63 6f 6d 70 
0000000100edc660	61 63 74 69 6e 67 00 65 6e 64 65 64 00 75 6e 6b 
0000000100edc670	6e 6f 77 6e 00 52 61 77 56 61 6c 75 65 00 69 64 
0000000100edc680	00 74 61 73 6b 52 6f 6f 74 55 52 4c 00 73 75 62 
0000000100edc690	6a 65 63 74 00 64 65 73 63 72 69 70 74 69 6f 6e 
0000000100edc6a0	00 73 74 61 74 75 73 00 61 63 74 69 76 65 46 6f 
0000000100edc6b0	72 6d 00 62 6c 6f 63 6b 65 64 42 79 00 6f 77 6e 
0000000100edc6c0	65 72 00 69 64 00 73 6e 61 70 73 68 6f 74 00 72 
0000000100edc6d0	65 6a 65 63 74 65 64 00 6e 6f 74 48 61 6e 64 6c 
0000000100edc6e0	65 64 00 70 72 6f 64 75 63 65 72 49 44 00 72 65 
0000000100edc6f0	61 73 6f 6e 00 69 74 65 6d 73 00 70 72 6f 64 75 
0000000100edc700	63 65 72 49 44 00 69 64 00 73 75 62 6a 65 63 74 
0000000100edc710	00 64 65 73 63 72 69 70 74 69 6f 6e 00 73 74 61 
0000000100edc720	74 75 73 00 61 63 74 69 76 65 46 6f 72 6d 00 62 
0000000100edc730	6c 6f 63 6b 65 64 42 79 00 6f 77 6e 65 72 00 49 
0000000100edc740	44 00 70 65 6e 64 69 6e 67 00 69 6e 50 72 6f 67 
0000000100edc750	72 65 73 73 00 63 6f 6d 70 6c 65 74 65 64 00 52 
0000000100edc760	61 77 56 61 6c 75 65 00 69 64 00 73 75 70 61 63 
0000000100edc770	6f 64 65 00 6f 72 63 61 00 73 75 70 65 72 73 65 
0000000100edc780	74 00 63 6f 6e 64 75 63 74 6f 72 00 77 6f 72 6b 
0000000100edc790	73 70 61 63 65 49 64 00 73 65 73 73 69 6f 6e 49 
0000000100edc7a0	64 00 77 6f 72 6b 73 70 61 63 65 50 61 74 68 00 
0000000100edc7b0	74 65 72 6d 69 6e 61 6c 49 64 00 77 6f 72 6b 74 
0000000100edc7c0	72 65 65 49 64 00 74 61 62 49 64 00 73 75 72 66 
0000000100edc7d0	61 63 65 49 64 00 73 6f 63 6b 65 74 50 61 74 68 
0000000100edc7e0	00 74 65 72 6d 69 6e 61 6c 48 61 6e 64 6c 65 00 
0000000100edc7f0	70 61 6e 65 4b 65 79 00 77 6f 72 6b 73 70 61 63 
0000000100edc800	65 52 6f 6f 74 00 00 00 00 00 00 00 00 00 00 00 
0000000100edc810	6d 6f 75 73 65 43 6c 69 63 6b 53 75 62 6a 65 63 
0000000100edc820	74 00 00 00 00 00 00 00 00 00 00 00 00 00 00 00 
0000000100edc830	67 6c 6f 62 61 6c 43 6c 69 63 6b 4d 6f 6e 69 74 
0000000100edc840	6f 72 00 00 00 00 00 00 00 00 00 00 00 00 00 00 
0000000100edc850	68 6f 6f 6b 52 65 63 65 69 76 65 64 00 00 00 00 
0000000100edc860	70 65 72 6d 69 73 73 69 6f 6e 41 70 70 72 6f 76 
0000000100edc870	65 64 00 00 00 00 00 00 00 00 00 00 00 00 00 00 
0000000100edc880	70 65 72 6d 69 73 73 69 6f 6e 44 65 6e 69 65 64 
0000000100edc890	00 00 00 00 00 00 00 00 00 00 00 00 00 00 00 00 
0000000100edc8a0	70 65 72 6d 69 73 73 69 6f 6e 53 6f 63 6b 65 74 
0000000100edc8b0	46 61 69 6c 65 64 00 00 00 00 00 00 00 00 00 00 
0000000100edc8c0	71 75 65 73 74 69 6f 6e 41 6e 73 77 65 72 65 64 
0000000100edc8d0	00 73 65 73 73 69 6f 6e 45 6e 64 65 64 00 00 00 
0000000100edc8e0	63 6f 64 65 78 53 65 73 73 69 6f 6e 53 74 61 72 
0000000100edc8f0	74 00 00 00 00 00 00 00 00 00 00 00 00 00 00 00 
0000000100edc900	63 6f 64 65 78 53 74 61 74 75 73 43 68 61 6e 67 
0000000100edc910	65 00 00 00 00 00 00 00 00 00 00 00 00 00 00 00 
0000000100edc920	63 6f 64 65 78 54 6f 6f 6c 4f 62 73 65 72 76 65 
0000000100edc930	64 00 63 6f 64 65 78 49 6e 66 6f 55 70 64 61 74 
0000000100edc940	65 00 00 00 00 00 00 00 00 00 00 00 00 00 00 00 
0000000100edc950	63 6f 64 65 78 53 74 61 74 75 73 57 61 72 6e 69 
0000000100edc960	6e 67 00 00 00 00 00 00 00 00 00 00 00 00 00 00 
0000000100edc970	63 6f 64 65 78 52 75 6e 74 69 6d 65 50 72 6f 66 
0000000100edc980	69 6c 65 55 70 64 61 74 65 00 00 00 00 00 00 00 
0000000100edc990	63 6f 64 65 78 54 69 74 6c 65 55 70 64 61 74 65 
0000000100edc9a0	00 00 00 00 00 00 00 00 00 00 00 00 00 00 00 00 
0000000100edc9b0	63 6f 64 65 78 53 65 74 4d 61 79 4e 65 65 64 41 
0000000100edc9c0	74 74 65 6e 74 69 6f 6e 00 00 00 00 00 00 00 00 
0000000100edc9d0	63 6c 61 75 64 65 43 6f 77 6f 72 6b 55 70 64 61 
0000000100edc9e0	74 65 00 00 00 00 00 00 00 00 00 00 00 00 00 00 
0000000100edc9f0	6f 70 65 6e 63 6f 64 65 53 65 73 73 69 6f 6e 53 
0000000100edca00	74 61 72 74 00 00 00 00 00 00 00 00 00 00 00 00 
0000000100edca10	6f 70 65 6e 63 6f 64 65 53 74 61 74 75 73 43 68 
0000000100edca20	61 6e 67 65 00 00 00 00 00 00 00 00 00 00 00 00 
0000000100edca30	6f 70 65 6e 63 6f 64 65 54 69 74 6c 65 55 70 64 
0000000100edca40	61 74 65 00 00 00 00 00 00 00 00 00 00 00 00 00 
0000000100edca50	6f 70 65 6e 63 6f 64 65 4d 6f 64 65 6c 55 70 64 
0000000100edca60	61 74 65 00 00 00 00 00 00 00 00 00 00 00 00 00 
0000000100edca70	6f 70 65 6e 63 6f 64 65 50 65 72 6d 69 73 73 69 
0000000100edca80	6f 6e 41 73 6b 65 64 00 00 00 00 00 00 00 00 00 
0000000100edca90	6f 70 65 6e 63 6f 64 65 51 75 65 73 74 69 6f 6e 
0000000100edcaa0	41 73 6b 65 64 00 00 00 00 00 00 00 00 00 00 00 
0000000100edcab0	63 6c 65 61 6e 75 70 52 65 71 75 65 73 74 65 64 
0000000100edcac0	00 00 00 00 00 00 00 00 00 00 00 00 00 00 00 00 
0000000100edcad0	72 75 6e 74 69 6d 65 49 6e 73 74 61 6e 63 65 49 
0000000100edcae0	64 00 6c 61 73 74 41 63 74 69 76 69 74 79 41 74 
0000000100edcaf0	00 73 74 61 74 75 73 00 00 00 00 00 00 00 00 00 
0000000100edcb00	68 6f 6f 6b 49 6e 67 72 65 73 73 52 65 76 69 73 
0000000100edcb10	69 6f 6e 00 00 00 00 00 00 00 00 00 00 00 00 00 
0000000100edcb20	72 61 77 48 6f 6f 6b 49 6e 67 72 65 73 73 43 75 
0000000100edcb30	74 6f 66 66 00 00 00 00 00 00 00 00 00 00 00 00 
0000000100edcb40	70 65 72 6d 69 73 73 69 6f 6e 49 6e 67 72 65 73 
0000000100edcb50	73 52 65 76 69 73 69 6f 6e 00 00 00 00 00 00 00 
0000000100edcb60	72 61 77 50 65 72 6d 69 73 73 69 6f 6e 49 6e 67 
0000000100edcb70	72 65 73 73 43 75 74 6f 66 66 00 00 00 00 00 00 
0000000100edcb80	74 72 61 63 6b 73 00 69 73 57 61 74 63 68 69 6e 
0000000100edcb90	67 00 00 00 00 00 00 00 00 00 00 00 00 00 00 00 
0000000100edcba0	69 73 50 61 75 73 65 64 46 6f 72 53 6c 65 65 70 
0000000100edcbb0	00 69 73 50 6f 6c 6c 69 6e 67 00 70 6f 6c 6c 54 
0000000100edcbc0	69 6d 65 72 00 00 00 00 00 00 00 00 00 00 00 00 
0000000100edcbd0	73 6c 65 65 70 4f 62 73 65 72 76 65 72 54 6f 6b 
0000000100edcbe0	65 6e 00 73 74 61 74 75 73 00 6c 61 73 74 54 69 
0000000100edcbf0	6d 65 73 74 61 6d 70 00 73 65 73 73 69 6f 6e 49 
0000000100edcc00	64 00 61 75 64 69 74 50 61 74 68 00 63 77 64 00 
0000000100edcc10	74 69 74 6c 65 00 63 6c 69 53 65 73 73 69 6f 6e 
0000000100edcc20	49 64 00 69 73 41 72 63 68 69 76 65 64 00 6d 74 
0000000100edcc30	69 6d 65 00 00 00 00 00 00 00 00 00 00 00 00 00 
0000000100edcc40	64 65 73 6b 74 6f 70 53 65 73 73 69 6f 6e 49 64 
0000000100edcc50	73 00 63 6c 69 53 65 73 73 69 6f 6e 49 64 73 00 
0000000100edcc60	64 65 73 6b 74 6f 70 53 65 73 73 69 6f 6e 49 64 
0000000100edcc70	42 79 43 4c 49 00 52 61 77 56 61 6c 75 65 00 00 
0000000100edcc80	64 65 62 6f 75 6e 63 65 54 61 73 6b 00 61 63 74 
0000000100edcc90	69 76 65 00 61 72 63 68 69 76 65 64 00 00 00 00 
0000000100edcca0	64 65 73 6b 74 6f 70 53 65 73 73 69 6f 6e 49 64 
0000000100edccb0	00 63 6c 69 53 65 73 73 69 6f 6e 49 64 00 74 69 
0000000100edccc0	74 6c 65 00 63 6f 6d 70 6c 65 74 65 64 54 75 72 
0000000100edccd0	6e 73 00 73 65 73 73 69 6f 6e 49 64 00 69 73 41 
0000000100edcce0	72 63 68 69 76 65 64 00 73 65 73 73 69 6f 6e 73 
0000000100edccf0	00 00 00 00 00 00 00 00 00 00 00 00 00 00 00 00 
0000000100edcd00	61 72 63 68 69 76 65 64 53 65 73 73 69 6f 6e 73 
0000000100edcd10	00 00 00 00 00 00 00 00 00 00 00 00 00 00 00 00 
0000000100edcd20	6c 61 73 74 54 75 72 6e 54 79 70 65 00 69 73 45 
0000000100edcd30	72 72 6f 72 00 6c 61 73 74 55 73 65 72 4d 65 73 
0000000100edcd40	73 61 67 65 00 00 00 00 00 00 00 00 00 00 00 00 
0000000100edcd50	6c 61 73 74 41 73 73 69 73 74 61 6e 74 4d 65 73 
0000000100edcd60	73 61 67 65 00 6c 61 74 65 73 74 54 69 6d 65 73 
0000000100edcd70	74 61 6d 70 00 68 61 73 41 6e 79 54 75 72 6e 00 
0000000100edcd80	70 65 6e 64 69 6e 67 51 75 65 73 74 69 6f 6e 49 
0000000100edcd90	6e 70 75 74 00 74 65 78 74 00 00 00 00 00 00 00 
0000000100edcda0	61 73 6b 51 75 65 73 74 69 6f 6e 49 6e 70 75 74 
0000000100edcdb0	00 72 6f 6c 65 00 63 6f 6e 74 65 6e 74 00 74 79 
0000000100edcdc0	70 65 00 6d 65 73 73 61 67 65 00 72 65 73 75 6c 
0000000100edcdd0	74 00 61 75 64 69 74 54 69 6d 65 73 74 61 6d 70 
0000000100edcde0	00 74 69 74 6c 65 00 63 77 64 00 6d 6f 64 65 6c 
0000000100edcdf0	00 63 6c 69 53 65 73 73 69 6f 6e 49 64 00 69 73 
0000000100edce00	41 72 63 68 69 76 65 64 00 6c 61 73 74 41 63 74 
0000000100edce10	69 76 69 74 79 41 74 00 6e 61 6d 65 00 69 6e 70 
0000000100edce20	75 74 00 52 61 77 56 61 6c 75 65 00 00 00 00 00 
0000000100edce30	24 64 65 66 61 75 6c 74 41 63 74 6f 72 00 77 65 
0000000100edce40	62 53 6f 63 6b 65 74 54 61 73 6b 00 75 72 6c 53 
0000000100edce50	65 73 73 69 6f 6e 00 72 65 63 65 69 76 65 4c 6f 
0000000100edce60	6f 70 54 61 73 6b 00 68 65 61 72 74 62 65 61 74 
0000000100edce70	54 61 73 6b 00 69 73 43 6f 6e 6e 65 63 74 65 64 
0000000100edce80	00 6e 65 78 74 52 65 71 75 65 73 74 49 64 00 70 
0000000100edce90	65 6e 64 69 6e 67 52 65 71 75 65 73 74 73 00 00 
0000000100edcea0	72 65 71 75 65 73 74 54 69 6d 65 6f 75 74 53 65 
0000000100edceb0	63 6f 6e 64 73 00 00 00 00 00 00 00 00 00 00 00 
0000000100edcec0	68 65 61 72 74 62 65 61 74 49 6e 74 65 72 76 61 
0000000100edced0	6c 53 65 63 6f 6e 64 73 00 6f 6e 4e 6f 74 69 66 
0000000100edcee0	69 63 61 74 69 6f 6e 00 00 00 00 00 00 00 00 00 
0000000100edcef0	6f 6e 41 70 70 72 6f 76 61 6c 52 65 71 75 65 73 
0000000100edcf00	74 00 6f 6e 44 69 73 63 6f 6e 6e 65 63 74 00 69 
0000000100edcf10	6e 74 00 73 74 72 69 6e 67 00 00 00 00 00 00 00 
0000000100edcf20	69 6e 69 74 69 61 6c 69 7a 65 46 61 69 6c 65 64 
0000000100edcf30	00 72 65 71 75 65 73 74 54 69 6d 65 6f 75 74 00 
0000000100edcf40	73 65 72 76 65 72 45 72 72 6f 72 00 6e 6f 74 43 
0000000100edcf50	6f 6e 6e 65 63 74 65 64 00 69 6e 76 61 6c 69 64 
0000000100edcf60	52 65 73 70 6f 6e 73 65 00 77 65 62 53 6f 63 6b 
0000000100edcf70	65 74 43 6c 6f 73 65 64 00 65 6e 63 6f 64 69 6e 
0000000100edcf80	67 46 61 69 6c 65 64 00 00 00 00 00 00 00 00 00 
0000000100edcf90	5f 69 73 52 75 6e 6e 69 6e 67 00 5f 69 73 43 6f 
0000000100edcfa0	6e 6e 65 63 74 65 64 00 5f 70 6f 72 74 00 00 00 
0000000100edcfb0	5f 63 6f 6e 6e 65 63 74 69 6f 6e 45 72 72 6f 72 
0000000100edcfc0	00 63 6c 69 65 6e 74 00 00 00 00 00 00 00 00 00 
0000000100edcfd0	5f 73 74 64 69 6f 55 73 61 67 65 43 6c 69 65 6e 
0000000100edcfe0	74 00 5f 61 63 63 6f 75 6e 74 49 6e 66 6f 00 5f 
0000000100edcff0	72 61 74 65 4c 69 6d 69 74 73 00 5f 72 65 73 65 
0000000100edd000	74 43 72 65 64 69 74 73 00 00 00 00 00 00 00 00 
0000000100edd010	5f 73 70 61 72 6b 52 61 74 65 4c 69 6d 69 74 73 
0000000100edd020	00 5f 74 68 72 65 61 64 73 00 5f 62 69 6e 61 72 
0000000100edd030	79 50 61 74 68 00 5f 6d 61 6e 61 67 65 64 50 72 
0000000100edd040	6f 63 65 73 73 00 5f 72 65 73 74 61 72 74 43 6f 
0000000100edd050	75 6e 74 00 00 00 00 00 00 00 00 00 00 00 00 00 
0000000100edd060	6d 61 78 52 65 73 74 61 72 74 41 74 74 65 6d 70 
0000000100edd070	74 73 00 5f 63 6f 6e 6e 65 63 74 65 64 53 69 6e 
0000000100edd080	63 65 00 5f 72 75 6e 4d 6f 64 65 00 5f 72 61 74 
0000000100edd090	65 4c 69 6d 69 74 54 69 6d 65 72 00 00 00 00 00 
0000000100edd0a0	5f 74 68 72 65 61 64 4c 69 73 74 54 69 6d 65 72 
0000000100edd0b0	00 00 00 00 00 00 00 00 00 00 00 00 00 00 00 00 
0000000100edd0c0	5f 75 73 61 67 65 57 61 72 6d 53 74 6f 70 54 61 
0000000100edd0d0	73 6b 00 00 00 00 00 00 00 00 00 00 00 00 00 00 
0000000100edd0e0	5f 69 73 53 74 61 72 74 69 6e 67 46 6f 72 55 73 
0000000100edd0f0	61 67 65 00 00 00 00 00 00 00 00 00 00 00 00 00 
0000000100edd100	5f 75 73 61 67 65 53 65 63 75 72 69 74 79 43 6f 
0000000100edd110	6f 6c 64 6f 77 6e 00 00 00 00 00 00 00 00 00 00 
0000000100edd120	5f 75 73 61 67 65 41 75 74 68 46 69 6c 65 53 74 
0000000100edd130	61 6d 70 00 5f 69 73 53 74 6f 70 70 69 6e 67 00 
0000000100edd140	5f 69 73 50 61 75 73 65 64 46 6f 72 53 6c 65 65 
0000000100edd150	70 00 00 00 00 00 00 00 00 00 00 00 00 00 00 00 
0000000100edd160	5f 73 6c 65 65 70 4f 62 73 65 72 76 65 72 54 6f 
0000000100edd170	6b 65 6e 00 00 00 00 00 00 00 00 00 00 00 00 00 
0000000100edd180	5f 73 74 61 72 74 65 64 46 6f 72 55 73 61 67 65 
0000000100edd190	00 00 00 00 00 00 00 00 00 00 00 00 00 00 00 00 
0000000100edd1a0	5f 24 6f 62 73 65 72 76 61 74 69 6f 6e 52 65 67 
0000000100edd1b0	69 73 74 72 61 72 00 6c 6f 63 6b 00 62 75 66 66 
0000000100edd1c0	65 72 00 68 61 73 52 65 73 75 6d 65 64 00 65 6d 
0000000100edd1d0	61 69 6c 00 70 6c 61 6e 54 79 70 65 00 69 64 00 
0000000100edd1e0	70 72 65 76 69 65 77 00 6e 61 6d 65 00 73 6f 75 
0000000100edd1f0	72 63 65 00 63 77 64 00 73 74 61 74 75 73 00 63 
0000000100edd200	72 65 61 74 65 64 41 74 00 75 70 64 61 74 65 64 
0000000100edd210	41 74 00 6d 6f 64 65 6c 00 66 75 6c 6c 00 75 73 
0000000100edd220	61 67 65 4f 6e 6c 79 00 49 44 00 00 00 00 00 00 
0000000100edd230	70 72 6f 63 65 73 73 45 78 69 74 65 64 42 65 66 
0000000100edd240	6f 72 65 52 65 61 64 79 00 00 00 00 00 00 00 00 
0000000100edd250	70 6f 72 74 50 61 72 73 65 54 69 6d 65 6f 75 74 
0000000100edd260	00 6f 75 74 70 75 74 00 6c 61 75 6e 63 68 46 61 
0000000100edd270	69 6c 65 64 00 65 6d 70 74 79 00 52 61 77 56 61 
0000000100edd280	6c 75 65 00 66 69 6c 65 4e 75 6d 62 65 72 00 73 
0000000100edd290	69 7a 65 00 6d 6f 64 69 66 69 65 64 41 74 00 72 
0000000100edd2a0	65 73 6f 6c 76 65 00 61 62 61 6e 64 6f 6e 00 61 
0000000100edd2b0	70 70 72 6f 76 61 6c 73 00 6e 61 74 69 76 65 48 
0000000100edd2c0	61 6e 64 6f 66 66 73 00 00 00 00 00 00 00 00 00 
0000000100edd2d0	69 6f 51 75 65 75 65 00 70 65 6e 64 69 6e 67 00 
0000000100edd2e0	61 64 6d 69 73 73 69 6f 6e 53 65 71 75 65 6e 63 
0000000100edd2f0	65 00 00 00 00 00 00 00 00 00 00 00 00 00 00 00 
0000000100edd300	73 75 62 6d 69 74 74 65 64 49 64 65 6e 74 69 74 
0000000100edd310	69 65 73 00 00 00 00 00 00 00 00 00 00 00 00 00 
0000000100edd320	69 73 50 61 75 73 65 64 46 6f 72 53 6c 65 65 70 
0000000100edd330	00 00 00 00 00 00 00 00 00 00 00 00 00 00 00 00 
0000000100edd340	73 6c 65 65 70 4f 62 73 65 72 76 65 72 54 6f 6b 
0000000100edd350	65 6e 00 00 00 00 00 00 00 00 00 00 00 00 00 00 
0000000100edd360	73 65 73 73 69 6f 6e 49 64 00 72 65 71 75 65 73 
0000000100edd370	74 4e 6f 6e 63 65 00 6b 65 79 00 00 00 00 00 00 
0000000100edd380	61 64 6d 69 73 73 69 6f 6e 53 65 71 75 65 6e 63 
0000000100edd390	65 00 73 65 65 64 45 76 65 6e 74 00 74 68 72 65 
0000000100edd3a0	61 64 49 64 00 74 75 72 6e 49 64 00 74 6f 6f 6c 
0000000100edd3b0	55 73 65 49 64 00 6f 77 6e 65 72 4b 69 6e 64 46 
0000000100edd3c0	69 6c 74 65 72 00 68 6f 6f 6b 6c 65 73 73 43 61 
0000000100edd3d0	6c 6c 49 64 00 74 75 72 6e 42 79 70 61 73 73 53 
0000000100edd3e0	63 6f 70 65 00 70 72 65 70 61 72 61 74 69 6f 6e 
0000000100edd3f0	00 68 6f 6f 6b 52 65 6c 65 61 73 65 64 00 63 61 
0000000100edd400	72 64 50 75 62 6c 69 73 68 65 64 00 00 00 00 00 
0000000100edd410	6e 61 74 69 76 65 48 61 6e 64 6f 66 66 43 61 72 
0000000100edd420	64 50 75 62 6c 69 73 68 65 64 00 72 65 71 75 65 
0000000100edd430	73 74 53 74 61 74 65 00 6f 77 6e 65 72 52 65 71 
0000000100edd440	75 65 73 74 73 00 6e 61 74 69 76 65 48 61 6e 64 
0000000100edd450	6f 66 66 00 00 00 00 00 00 00 00 00 00 00 00 00 
0000000100edd460	6e 61 74 69 76 65 48 61 6e 64 6f 66 66 4d 69 73 
0000000100edd470	73 65 73 00 63 6f 6e 6e 65 63 74 69 6f 6e 00 72 
0000000100edd480	65 61 64 53 6f 75 72 63 65 00 67 65 6e 65 72 61 
0000000100edd490	74 69 6f 6e 00 63 6f 6e 6e 65 63 74 69 6e 67 00 
0000000100edd4a0	72 65 63 6f 6e 6e 65 63 74 41 74 74 65 6d 70 74 
0000000100edd4b0	00 72 65 63 6f 6e 6e 65 63 74 54 61 73 6b 00 72 
0000000100edd4c0	65 66 72 65 73 68 41 74 74 65 6d 70 74 00 72 65 
0000000100edd4d0	66 72 65 73 68 54 61 73 6b 00 00 00 00 00 00 00 
0000000100edd4e0	72 65 61 64 69 6e 65 73 73 47 65 6e 65 72 61 74 
0000000100edd4f0	69 6f 6e 00 72 65 61 64 69 6e 65 73 73 54 61 73 
0000000100edd500	6b 00 00 00 00 00 00 00 00 00 00 00 00 00 00 00 
0000000100edd510	74 75 72 6e 42 79 70 61 73 73 53 75 62 6d 69 73 
0000000100edd520	73 69 6f 6e 41 74 74 65 6d 70 74 00 6c 69 6d 69 
0000000100edd530	74 00 6f 72 64 65 72 00 69 64 65 6e 74 69 74 69 
0000000100edd540	65 73 00 68 6f 6f 6b 51 75 65 75 65 00 6e 61 74 
0000000100edd550	69 76 65 4f 6e 6c 79 00 00 00 00 00 00 00 00 00 
0000000100edd560	6f 77 6e 65 72 53 74 72 65 61 6d 52 65 61 64 79 
0000000100edd570	00 72 65 71 75 65 73 74 4b 65 79 00 6d 65 74 68 
0000000100edd580	6f 64 00 72 65 66 72 65 73 68 00 69 6e 69 74 69 
0000000100edd590	61 6c 00 00 00 00 00 00 00 00 00 00 00 00 00 00 
0000000100edd5a0	73 75 62 6d 69 73 73 69 6f 6e 00 00 00 00 00 00 
0000000100edd5b0	63 6f 6e 73 65 63 75 74 69 76 65 4d 69 73 73 65 
0000000100edd5c0	73 00 69 73 53 75 62 6d 69 74 74 69 6e 67 00 69 
0000000100edd5d0	73 43 6c 61 69 6d 61 62 6c 65 00 00 00 00 00 00 
0000000100edd5e0	69 73 41 77 61 69 74 69 6e 67 41 70 70 72 6f 76 
0000000100edd5f0	61 6c 00 00 00 00 00 00 00 00 00 00 00 00 00 00 
0000000100edd600	61 70 70 72 6f 76 61 6c 53 65 73 73 69 6f 6e 49 
0000000100edd610	64 00 70 72 65 76 69 6f 75 73 53 74 61 74 75 73 
0000000100edd620	00 73 63 61 6e 54 69 6d 65 72 00 70 72 6f 62 65 
0000000100edd630	54 69 6d 65 72 00 6c 61 73 74 4b 6e 6f 77 6e 50 
0000000100edd640	69 64 00 69 73 52 75 6e 6e 69 6e 67 00 69 73 53 
0000000100edd650	63 61 6e 49 6e 46 6c 69 67 68 74 00 73 63 61 6e 
0000000100edd660	47 65 6e 65 72 61 74 69 6f 6e 00 00 00 00 00 00 
0000000100edd670	69 73 50 61 75 73 65 64 46 6f 72 53 6c 65 65 70 
0000000100edd680	00 00 00 00 00 00 00 00 00 00 00 00 00 00 00 00 
0000000100edd690	73 6c 65 65 70 4f 62 73 65 72 76 65 72 54 6f 6b 
0000000100edd6a0	65 6e 00 00 00 00 00 00 00 00 00 00 00 00 00 00 
0000000100edd6b0	6c 61 73 74 43 6f 64 65 78 41 63 74 69 76 69 74 
0000000100edd6c0	79 00 00 00 00 00 00 00 00 00 00 00 00 00 00 00 
0000000100edd6d0	6c 61 73 74 54 6f 6f 6c 41 63 74 69 76 69 74 79 
0000000100edd6e0	00 00 00 00 00 00 00 00 00 00 00 00 00 00 00 00 
0000000100edd6f0	6c 61 73 74 53 68 61 6c 6c 6f 77 54 65 78 74 73 
0000000100edd700	00 00 00 00 00 00 00 00 00 00 00 00 00 00 00 00 
0000000100edd710	6c 61 73 74 56 69 65 77 69 6e 67 55 70 64 61 74 
0000000100edd720	65 54 69 6d 65 00 74 68 72 65 61 64 49 64 00 74 
0000000100edd730	75 72 6e 49 64 00 72 65 71 75 65 73 74 4b 65 79 
0000000100edd740	00 6d 65 74 68 6f 64 00 73 75 62 6d 69 73 73 69 
0000000100edd750	6f 6e 00 6b 69 6e 64 00 74 6f 6f 6c 4e 61 6d 65 
0000000100edd760	00 74 6f 6f 6c 49 6e 70 75 74 00 63 6f 6d 6d 61 
0000000100edd770	6e 64 00 72 65 61 73 6f 6e 00 67 72 61 6e 74 52 
0000000100edd780	6f 6f 74 00 6d 63 70 50 72 65 73 65 6e 74 61 74 
0000000100edd790	69 6f 6e 00 69 74 65 6d 49 64 00 72 65 73 70 6f 
0000000100edd7a0	6e 73 65 50 61 79 6c 6f 61 64 00 00 00 00 00 00 
0000000100edd7b0	72 65 71 75 65 73 74 49 64 00 72 65 71 75 65 73 
0000000100edd7c0	74 4b 65 79 00 69 74 65 6d 49 64 00 6d 65 74 68 
0000000100edd7d0	6f 64 00 72 65 73 70 6f 6e 73 65 50 61 79 6c 6f 
0000000100edd7e0	61 64 00 00 00 00 00 00 00 00 00 00 00 00 00 00 
0000000100edd7f0	61 6c 6c 6f 77 65 64 4d 43 50 50 65 72 73 69 73 
0000000100edd800	74 4d 6f 64 65 73 00 73 74 72 69 6e 67 00 69 6e 
0000000100edd810	74 65 67 65 72 00 70 65 72 6d 69 73 73 69 6f 6e 
0000000100edd820	73 00 64 65 63 69 73 69 6f 6e 00 6d 63 70 54 6f 
0000000100edd830	6f 6c 41 70 70 72 6f 76 61 6c 00 00 00 00 00 00 
0000000100edd840	61 63 63 65 70 74 50 65 72 73 69 73 74 69 6e 67 
0000000100edd850	00 61 63 63 65 70 74 00 64 65 63 6c 69 6e 65 00 
0000000100edd860	75 6e 61 76 61 69 6c 61 62 6c 65 00 00 00 00 00 
0000000100edd870	61 6d 62 69 67 75 6f 75 73 46 61 69 6c 75 72 65 
0000000100edd880	00 75 6e 73 75 70 70 6f 72 74 65 64 00 73 75 62 
0000000100edd890	6d 69 74 74 65 64 00 00 00 00 00 00 00 00 00 00 
0000000100edd8a0	64 65 73 63 72 69 70 74 6f 72 00 77 72 69 74 65 
0000000100edd8b0	4c 6f 63 6b 00 73 74 72 65 61 6d 52 65 61 64 4c 
0000000100edd8c0	6f 63 6b 00 63 6c 69 65 6e 74 49 64 4c 6f 63 6b 
0000000100edd8d0	00 73 74 72 65 61 6d 42 75 66 66 65 72 00 63 6c 
0000000100edd8e0	69 65 6e 74 49 64 53 74 6f 72 61 67 65 00 69 6e 
0000000100edd8f0	76 61 6c 69 64 45 6e 64 70 6f 69 6e 74 00 70 65 
0000000100edd900	65 72 4d 69 73 6d 61 74 63 68 00 6d 61 6c 66 6f 
0000000100edd910	72 6d 65 64 46 72 61 6d 65 00 6f 76 65 72 73 69 
0000000100edd920	7a 65 64 46 72 61 6d 65 00 6e 6f 43 6c 69 65 6e 
0000000100edd930	74 00 76 65 72 73 69 6f 6e 4d 69 73 6d 61 74 63 
0000000100edd940	68 00 72 65 71 75 65 73 74 4e 6f 74 46 6f 75 6e 
0000000100edd950	64 00 00 00 00 00 00 00 00 00 00 00 00 00 00 00 
0000000100edd960	73 65 6e 73 69 74 69 76 65 52 65 71 75 65 73 74 
0000000100edd970	00 00 00 00 00 00 00 00 00 00 00 00 00 00 00 00 
0000000100edd980	74 69 6d 65 6f 75 74 41 66 74 65 72 57 72 69 74 
0000000100edd990	65 00 00 00 00 00 00 00 00 00 00 00 00 00 00 00 
0000000100edd9a0	63 6f 6e 6e 65 63 74 69 6f 6e 4c 6f 73 74 41 66 
0000000100edd9b0	74 65 72 57 72 69 74 65 00 69 6f 00 52 61 77 56 
0000000100edd9c0	61 6c 75 65 00 00 00 00 00 00 00 00 00 00 00 00 
0000000100edd9d0	72 65 71 75 65 73 74 49 64 00 72 65 73 70 6f 6e 
0000000100edd9e0	73 65 00 73 75 62 6d 69 73 73 69 6f 6e 00 73 65 
0000000100edd9f0	6e 73 69 74 69 76 65 00 68 65 61 64 65 72 00 74 
0000000100edda00	65 78 74 00 6f 70 74 69 6f 6e 73 00 69 73 53 65 
0000000100edda10	63 72 65 74 00 75 6e 61 76 61 69 6c 61 62 6c 65 
0000000100edda20	00 00 00 00 00 00 00 00 00 00 00 00 00 00 00 00 
0000000100edda30	61 6d 62 69 67 75 6f 75 73 46 61 69 6c 75 72 65 
0000000100edda40	00 62 6c 6f 63 6b 65 64 00 73 75 62 6d 69 74 74 
0000000100edda50	65 64 00 00 00 00 00 00 00 00 00 00 00 00 00 00 
0000000100edda60	6d 69 73 73 69 6e 67 41 6e 73 77 65 72 00 00 00 
0000000100edda70	61 6d 62 69 67 75 6f 75 73 51 75 65 73 74 69 6f 
0000000100edda80	6e 49 64 65 6e 74 69 74 79 00 00 00 00 00 00 00 
0000000100edda90	61 6d 62 69 67 75 6f 75 73 4f 70 74 69 6f 6e 49 
0000000100eddaa0	64 65 6e 74 69 74 79 00 00 00 00 00 00 00 00 00 
0000000100eddab0	75 6e 73 75 70 70 6f 72 74 65 64 4d 75 6c 74 69 
0000000100eddac0	53 65 6c 65 63 74 00 00 00 00 00 00 00 00 00 00 
0000000100eddad0	75 6e 73 75 70 70 6f 72 74 65 64 4f 70 74 69 6f 
0000000100eddae0	6e 43 6f 75 6e 74 00 00 00 00 00 00 00 00 00 00 
0000000100eddaf0	75 6e 73 75 70 70 6f 72 74 65 64 43 75 73 74 6f 
0000000100eddb00	6d 41 6e 73 77 65 72 00 73 65 6c 65 63 74 4f 70 
0000000100eddb10	74 69 6f 6e 00 73 75 62 6d 69 74 4f 74 68 65 72 
0000000100eddb20	00 74 68 72 65 61 64 49 64 00 74 69 74 6c 65 00 
0000000100eddb30	61 63 74 69 76 65 4b 65 79 73 00 73 74 6f 70 70 
0000000100eddb40	65 64 4b 65 79 73 00 72 65 73 6f 6c 76 65 64 4b 
0000000100eddb50	65 79 73 00 00 00 00 00 00 00 00 00 00 00 00 00 
0000000100eddb60	72 65 73 6f 6c 75 74 69 6f 6e 57 61 69 74 65 72 
0000000100eddb70	73 00 00 00 00 00 00 00 00 00 00 00 00 00 00 00 
0000000100eddb80	61 63 74 69 76 61 74 69 6f 6e 52 65 76 69 73 69 
0000000100eddb90	6f 6e 00 00 00 00 00 00 00 00 00 00 00 00 00 00 
0000000100eddba0	61 63 74 69 76 61 74 69 6f 6e 4f 62 73 65 72 76 
0000000100eddbb0	65 72 00 73 65 73 73 69 6f 6e 49 64 00 63 61 6c 
0000000100eddbc0	6c 49 64 00 63 75 72 72 65 6e 74 56 69 73 69 62 
0000000100eddbd0	6c 65 00 6e 65 78 74 56 69 73 69 62 6c 65 00 63 
0000000100eddbe0	6f 6d 70 6c 65 74 65 64 00 76 69 73 69 74 65 64 
0000000100eddbf0	4e 6f 64 65 73 00 65 6c 61 70 73 65 64 4d 73 00 
0000000100eddc00	71 75 65 73 74 69 6f 6e 00 6f 70 74 69 6f 6e 4c 
0000000100eddc10	61 62 65 6c 73 00 00 00 00 00 00 00 00 00 00 00 
0000000100eddc20	66 6f 75 6e 64 00 66 61 69 6c 65 64 00 65 6c 65 
0000000100eddc30	6d 65 6e 74 00 61 63 74 69 76 61 74 65 64 00 00 
0000000100eddc40	77 69 6e 64 6f 77 55 6e 61 76 61 69 6c 61 62 6c 
0000000100eddc50	65 00 6d 69 73 73 69 6e 67 00 61 6d 62 69 67 75 
0000000100eddc60	6f 75 73 00 73 63 61 6e 49 6e 63 6f 6d 70 6c 65 
0000000100eddc70	74 65 00 00 00 00 00 00 00 00 00 00 00 00 00 00 
0000000100eddc80	6d 65 73 73 61 67 69 6e 67 54 69 6d 65 6f 75 74 
0000000100eddc90	55 6e 61 76 61 69 6c 61 62 6c 65 00 66 6f 63 75 
0000000100eddca0	73 46 61 69 6c 65 64 00 73 74 61 6c 65 56 61 6c 
0000000100eddcb0	75 65 00 52 61 77 56 61 6c 75 65 00 00 00 00 00 
0000000100eddcc0	6f 6e 54 72 61 6e 73 69 74 69 6f 6e 73 00 6f 6e 
0000000100eddcd0	42 61 73 65 6c 69 6e 65 52 65 73 65 74 00 73 74 
0000000100eddce0	61 74 65 55 52 4c 00 00 00 00 00 00 00 00 00 00 
0000000100eddcf0	64 65 62 6f 75 6e 63 65 4e 61 6e 6f 73 65 63 6f 
0000000100eddd00	6e 64 73 00 73 74 61 74 65 52 65 61 64 65 72 00 
0000000100eddd10	6e 6f 77 00 00 00 00 00 00 00 00 00 00 00 00 00 
0000000100eddd20	74 72 61 6e 73 69 74 69 6f 6e 50 6f 6c 69 63 79 
0000000100eddd30	00 00 00 00 00 00 00 00 00 00 00 00 00 00 00 00 
0000000100eddd40	63 61 63 68 65 64 53 74 61 74 65 53 61 6d 70 6c 
0000000100eddd50	65 00 64 69 72 65 63 74 6f 72 79 53 6f 75 72 63 
0000000100eddd60	65 00 63 6f 6e 74 61 69 6e 65 72 53 6f 75 72 63 
0000000100eddd70	65 00 00 00 00 00 00 00 00 00 00 00 00 00 00 00 
0000000100eddd80	77 61 74 63 68 65 64 44 69 72 65 63 74 6f 72 79 
0000000100eddd90	49 64 65 6e 74 69 74 79 00 00 00 00 00 00 00 00 
0000000100eddda0	73 63 68 65 64 75 6c 65 64 52 65 66 72 65 73 68 
0000000100edddb0	00 00 00 00 00 00 00 00 00 00 00 00 00 00 00 00 
0000000100edddc0	73 6c 65 65 70 4f 62 73 65 72 76 65 72 54 6f 6b 
0000000100edddd0	65 6e 00 67 65 6e 65 72 61 74 69 6f 6e 00 00 00 
0000000100eddde0	69 73 52 65 66 72 65 73 68 49 6e 46 6c 69 67 68 
0000000100edddf0	74 00 00 00 00 00 00 00 00 00 00 00 00 00 00 00 
0000000100edde00	6e 65 65 64 73 52 65 66 72 65 73 68 41 66 74 65 
0000000100edde10	72 43 75 72 72 65 6e 74 00 00 00 00 00 00 00 00 
0000000100edde20	6f 62 73 65 72 76 61 74 69 6f 6e 52 65 71 75 65 
0000000100edde30	73 74 65 64 00 69 73 53 6c 65 65 70 69 6e 67 00 
0000000100edde40	6c 61 73 74 55 6e 61 76 61 69 6c 61 62 6c 65 52 
0000000100edde50	65 61 73 6f 6e 00 73 69 67 6e 61 74 75 72 65 00 
0000000100edde60	73 74 61 74 65 00 64 65 76 69 63 65 00 69 6e 6f 
0000000100edde70	64 65 00 73 69 7a 65 00 6d 6f 64 69 66 69 65 64 
0000000100edde80	53 65 63 6f 6e 64 73 00 00 00 00 00 00 00 00 00 
0000000100edde90	6d 6f 64 69 66 69 65 64 4e 61 6e 6f 73 65 63 6f 
0000000100eddea0	6e 64 73 00 64 65 73 63 72 69 70 74 6f 72 00 69 
0000000100eddeb0	64 65 6e 74 69 74 79 00 00 00 00 00 00 00 00 00 
0000000100eddec0	74 69 74 6c 65 00 65 6c 65 6d 65 6e 74 00 69 64 
0000000100edded0	65 6e 74 69 74 79 00 73 6e 61 70 73 68 6f 74 00 
0000000100eddee0	74 69 74 6c 65 73 00 63 6f 6d 70 6c 65 74 65 64 
0000000100eddef0	00 76 69 73 69 74 65 64 4e 6f 64 65 73 00 65 6c 
0000000100eddf00	61 70 73 65 64 4d 73 00 66 6f 75 6e 64 00 66 61 
0000000100eddf10	69 6c 65 64 00 66 6f 63 75 73 65 64 00 00 00 00 
0000000100eddf20	61 63 63 65 73 73 69 62 69 6c 69 74 79 55 6e 61 
0000000100eddf30	76 61 69 6c 61 62 6c 65 00 00 00 00 00 00 00 00 
0000000100eddf40	64 65 73 6b 74 6f 70 55 6e 61 76 61 69 6c 61 62 
0000000100eddf50	6c 65 00 00 00 00 00 00 00 00 00 00 00 00 00 00 
0000000100eddf60	77 69 6e 64 6f 77 55 6e 61 76 61 69 6c 61 62 6c 
0000000100eddf70	65 00 6d 69 73 73 69 6e 67 00 61 6d 62 69 67 75 
0000000100eddf80	6f 75 73 00 00 00 00 00 00 00 00 00 00 00 00 00 
0000000100eddf90	6d 65 73 73 61 67 69 6e 67 54 69 6d 65 6f 75 74 
0000000100eddfa0	55 6e 61 76 61 69 6c 61 62 6c 65 00 70 72 65 73 
0000000100eddfb0	73 46 61 69 6c 65 64 00 52 61 77 56 61 6c 75 65 
0000000100eddfc0	00 6c 6f 63 6b 00 65 6e 74 72 69 65 73 00 73 65 
0000000100eddfd0	71 75 65 6e 63 65 00 73 65 73 73 69 6f 6e 49 64 
0000000100eddfe0	00 74 68 72 65 61 64 49 64 00 74 75 72 6e 49 64 
0000000100eddff0	00 69 64 00 69 73 41 63 74 69 76 65 00 63 6c 61 
0000000100ede000	69 6d 65 64 00 73 75 62 6d 69 74 74 65 64 00 72 
0000000100ede010	65 71 75 65 73 74 4b 65 79 00 69 74 65 6d 49 64 
0000000100ede020	00 6d 65 74 68 6f 64 00 73 63 6f 70 65 00 00 00 
0000000100ede030	62 65 63 61 6d 65 52 65 61 64 00 62 65 63 61 6d 
0000000100ede040	65 55 6e 72 65 61 64 00 61 76 61 69 6c 61 62 6c 
0000000100ede050	65 00 75 6e 61 76 61 69 6c 61 62 6c 65 00 62 61 
0000000100ede060	73 65 6c 69 6e 65 00 00 00 00 00 00 00 00 00 00 
0000000100ede070	69 6e 76 61 6c 69 64 61 74 65 64 54 68 72 65 61 
0000000100ede080	64 49 44 73 00 00 00 00 00 00 00 00 00 00 00 00 
0000000100ede090	72 65 74 69 72 65 41 66 74 65 72 53 61 6d 70 6c 
0000000100ede0a0	65 54 68 72 65 61 64 49 44 73 00 66 69 6c 65 4d 
0000000100ede0b0	69 73 73 69 6e 67 00 72 65 61 64 46 61 69 6c 65 
0000000100ede0c0	64 00 6d 61 6c 66 6f 72 6d 65 64 4a 53 4f 4e 00 
0000000100ede0d0	6d 69 73 73 69 6e 67 50 65 72 73 69 73 74 65 64 
0000000100ede0e0	41 74 6f 6d 53 74 61 74 65 00 00 00 00 00 00 00 
0000000100ede0f0	6d 69 73 73 69 6e 67 55 6e 72 65 61 64 42 79 48 
0000000100ede100	6f 73 74 00 6d 69 73 73 69 6e 67 4c 6f 63 61 6c 
0000000100ede110	00 00 00 00 00 00 00 00 00 00 00 00 00 00 00 00 
0000000100ede120	69 6e 76 61 6c 69 64 4c 6f 63 61 6c 54 79 70 65 
0000000100ede130	00 69 6e 76 61 6c 69 64 54 68 72 65 61 64 49 44 
0000000100ede140	00 52 61 77 56 61 6c 75 65 00 00 00 00 00 00 00 
0000000100ede150	24 64 65 66 61 75 6c 74 41 63 74 6f 72 00 00 00 
0000000100ede160	63 6f 64 65 78 56 65 72 73 69 6f 6e 54 6f 6f 4f 
0000000100ede170	6c 64 00 00 00 00 00 00 00 00 00 00 00 00 00 00 
0000000100ede180	61 70 70 53 65 72 76 65 72 53 70 61 77 6e 46 61 
0000000100ede190	69 6c 65 64 00 00 00 00 00 00 00 00 00 00 00 00 
0000000100ede1a0	61 70 70 53 65 72 76 65 72 4e 6f 74 52 65 61 64 
0000000100ede1b0	79 00 72 70 63 46 61 69 6c 65 64 00 00 00 00 00 
0000000100ede1c0	68 6f 6f 6b 73 4c 69 73 74 52 65 70 6f 72 74 65 
0000000100ede1d0	64 49 73 73 75 65 73 00 00 00 00 00 00 00 00 00 
0000000100ede1e0	76 65 72 69 66 69 63 61 74 69 6f 6e 46 61 69 6c 
0000000100ede1f0	65 64 00 00 00 00 00 00 00 00 00 00 00 00 00 00 
0000000100ede200	63 6f 64 65 78 42 69 6e 61 72 79 4d 69 73 73 69 
0000000100ede210	6e 67 00 00 00 00 00 00 00 00 00 00 00 00 00 00 
0000000100ede220	6e 6f 56 69 62 65 49 73 6c 61 6e 64 48 6f 6f 6b 
0000000100ede230	73 46 6f 75 6e 64 00 6b 65 79 00 63 75 72 72 65 
0000000100ede240	6e 74 48 61 73 68 00 65 76 65 6e 74 4e 61 6d 65 
0000000100ede250	00 74 72 75 73 74 53 74 61 74 75 73 00 6f 72 69 
0000000100ede260	67 69 6e 00 63 77 64 00 73 6f 75 72 63 65 50 61 
0000000100ede270	74 68 00 63 61 6e 64 69 64 61 74 65 73 00 73 65 
0000000100ede280	65 6e 43 61 6c 6c 49 64 73 00 73 65 73 73 69 6f 
0000000100ede290	6e 49 64 00 63 61 6c 6c 49 64 00 6b 65 79 00 74 
0000000100ede2a0	68 72 65 61 64 49 64 00 74 75 72 6e 49 64 00 69 
0000000100ede2b0	6e 67 72 65 73 73 43 6c 61 69 6d 00 70 68 61 73 
0000000100ede2c0	65 00 73 65 74 74 6c 69 6e 67 00 61 63 74 69 76 
0000000100ede2d0	65 00 00 00 00 00 00 00 00 00 00 00 00 00 00 00 
0000000100ede2e0	70 72 6f 6d 70 74 73 00 73 65 65 6e 43 61 6c 6c 
0000000100ede2f0	49 64 73 00 73 65 73 73 69 6f 6e 49 64 00 63 61 
0000000100ede300	6c 6c 49 64 00 6b 65 79 00 74 6f 6f 6c 49 6e 70 
0000000100ede310	75 74 00 69 6e 67 72 65 73 73 43 6c 61 69 6d 00 
0000000100ede320	70 68 61 73 65 00 6e 6f 6e 65 00 00 00 00 00 00 
0000000100ede330	63 61 6e 63 65 6c 65 64 42 65 66 6f 72 65 44 69 
0000000100ede340	73 70 6c 61 79 00 63 6c 65 61 72 44 69 73 70 6c 
0000000100ede350	61 79 65 64 00 61 6c 72 65 61 64 79 52 65 73 6f 
0000000100ede360	6c 76 65 64 00 73 65 74 74 6c 69 6e 67 00 64 69 
0000000100ede370	73 70 6c 61 79 65 64 00 00 00 00 00 00 00 00 00 
0000000100ede380	61 76 61 69 6c 61 62 6c 65 43 6f 75 6e 74 00 63 
0000000100ede390	72 65 64 69 74 73 00 66 65 74 63 68 65 64 41 74 
0000000100ede3a0	00 00 00 00 00 00 00 00 00 00 00 00 00 00 00 00 
0000000100ede3b0	6c 61 73 74 41 76 61 69 6c 61 62 6c 65 43 6f 75 
0000000100ede3c0	6e 74 00 73 65 65 6e 43 72 65 64 69 74 49 44 73 
0000000100ede3d0	00 69 64 00 72 65 73 65 74 54 79 70 65 00 73 74 
0000000100ede3e0	61 74 75 73 00 67 72 61 6e 74 65 64 41 74 00 65 
0000000100ede3f0	78 70 69 72 65 73 41 74 00 74 69 74 6c 65 00 64 
0000000100ede400	65 73 63 72 69 70 74 69 6f 6e 00 63 6f 75 6e 74 
0000000100ede410	00 6e 65 78 74 45 78 70 69 72 79 00 61 76 61 69 
0000000100ede420	6c 61 62 6c 65 00 75 6e 61 76 61 69 6c 61 62 6c 
0000000100ede430	65 00 49 44 00 75 6e 6b 6e 6f 77 6e 00 72 65 64 
0000000100ede440	65 65 6d 65 64 00 65 78 70 69 72 65 64 00 5f 30 
0000000100ede450	00 00 00 00 00 00 00 00 00 00 00 00 00 00 00 00 
0000000100ede460	77 61 74 63 68 65 64 50 61 74 68 73 00 68 61 6e 
0000000100ede470	64 6c 65 72 00 63 61 6c 6c 62 61 63 6b 51 75 65 
0000000100ede480	75 65 00 63 61 6c 6c 62 61 63 6b 42 6f 78 00 73 
0000000100ede490	74 72 65 61 6d 00 70 61 74 68 73 00 00 00 00 00 
0000000100ede4a0	72 65 71 75 69 72 65 73 52 65 63 6f 76 65 72 79 
0000000100ede4b0	53 63 61 6e 00 24 64 65 66 61 75 6c 74 41 63 74 
0000000100ede4c0	6f 72 00 66 69 6c 65 55 52 4c 00 63 61 63 68 65 
0000000100ede4d0	64 54 69 74 6c 65 73 00 63 61 63 68 65 64 55 70 
0000000100ede4e0	64 61 74 65 64 41 74 00 63 61 63 68 65 64 4d 6f 
0000000100ede4f0	64 44 61 74 65 00 63 61 63 68 65 64 53 69 7a 65 
0000000100ede500	00 69 64 00 74 68 72 65 61 64 4e 61 6d 65 00 75 
0000000100ede510	70 64 61 74 65 64 41 74 00 52 61 77 56 61 6c 75 
0000000100ede520	65 00 00 00 00 00 00 00 00 00 00 00 00 00 00 00 
0000000100ede530	6c 6f 63 6b 00 00 00 00 00 00 00 00 00 00 00 00 
0000000100ede540	61 63 74 69 76 65 47 65 6e 65 72 61 74 69 6f 6e 
0000000100ede550	00 70 61 74 68 4c 65 61 73 65 73 00 70 61 74 68 
0000000100ede560	52 65 76 69 73 69 6f 6e 73 00 64 61 74 61 00 66 
0000000100ede570	69 6c 65 4f 66 66 73 65 74 73 00 00 00 00 00 00 
0000000100ede580	73 75 62 61 67 65 6e 74 42 6f 6f 74 73 74 72 61 
0000000100ede590	70 47 61 74 65 00 00 00 00 00 00 00 00 00 00 00 
0000000100ede5a0	61 63 74 69 76 65 53 65 73 73 69 6f 6e 46 69 6c 
0000000100ede5b0	65 73 00 00 00 00 00 00 00 00 00 00 00 00 00 00 
0000000100ede5c0	72 6f 6c 6c 6f 75 74 50 61 74 68 41 75 74 68 6f 
0000000100ede5d0	72 69 74 69 65 73 00 00 00 00 00 00 00 00 00 00 
0000000100ede5e0	72 6f 6c 6c 6f 75 74 50 61 74 68 43 6f 6e 66 69 
0000000100ede5f0	67 49 64 73 00 00 00 00 00 00 00 00 00 00 00 00 
0000000100ede600	66 69 6c 65 4c 61 73 74 41 63 74 69 76 69 74 79 
0000000100ede610	41 74 00 00 00 00 00 00 00 00 00 00 00 00 00 00 
0000000100ede620	66 69 6c 65 4c 69 66 65 63 79 63 6c 65 53 74 61 
0000000100ede630	74 65 73 00 00 00 00 00 00 00 00 00 00 00 00 00 
0000000100ede640	61 63 74 69 76 65 46 69 6c 65 54 69 6d 65 6f 75 
0000000100ede650	74 00 69 73 57 61 74 63 68 69 6e 67 00 00 00 00 
0000000100ede660	69 73 50 61 75 73 65 64 46 6f 72 53 6c 65 65 70 
0000000100ede670	00 00 00 00 00 00 00 00 00 00 00 00 00 00 00 00 
0000000100ede680	73 6c 65 65 70 4f 62 73 65 72 76 65 72 54 6f 6b 
0000000100ede690	65 6e 00 66 61 73 74 50 6f 6c 6c 54 69 6d 65 72 
0000000100ede6a0	00 73 6c 6f 77 50 6f 6c 6c 54 69 6d 65 72 00 00 
0000000100ede6b0	72 6f 6c 6c 6f 75 74 46 69 6c 65 45 76 65 6e 74 
0000000100ede6c0	4d 6f 6e 69 74 6f 72 00 00 00 00 00 00 00 00 00 
0000000100ede6d0	70 65 6e 64 69 6e 67 44 69 73 63 6f 76 65 72 65 
0000000100ede6e0	64 52 6f 6c 6c 6f 75 74 73 00 00 00 00 00 00 00 
0000000100ede6f0	64 69 73 63 6f 76 65 72 79 44 72 61 69 6e 47 61 
0000000100ede700	74 65 00 00 00 00 00 00 00 00 00 00 00 00 00 00 
0000000100ede710	72 65 63 6f 76 65 72 79 53 63 61 6e 52 65 71 75 
0000000100ede720	65 73 74 65 64 00 00 00 00 00 00 00 00 00 00 00 
0000000100ede730	6c 61 73 74 52 65 63 6f 76 65 72 79 53 63 61 6e 
0000000100ede740	41 74 00 00 00 00 00 00 00 00 00 00 00 00 00 00 
0000000100ede750	72 65 70 6f 72 74 65 64 45 76 65 6e 74 4d 6f 6e 
0000000100ede760	69 74 6f 72 46 61 6c 6c 62 61 63 6b 50 61 74 68 
0000000100ede770	73 00 77 61 74 63 68 47 65 6e 65 72 61 74 69 6f 
0000000100ede780	6e 00 6c 61 73 74 4b 6e 6f 77 6e 53 69 7a 65 73 
0000000100ede790	00 6c 61 73 74 4b 6e 6f 77 6e 49 6e 6f 64 65 73 
0000000100ede7a0	00 74 6f 6d 62 73 74 6f 6e 65 73 00 00 00 00 00 
0000000100ede7b0	73 63 61 6e 52 65 6a 65 63 74 69 6f 6e 54 6f 6d 
0000000100ede7c0	62 73 74 6f 6e 65 73 00 74 6f 6d 62 73 74 6f 6e 
0000000100ede7d0	65 54 54 4c 00 6c 61 73 74 57 72 69 74 65 54 69 
0000000100ede7e0	6d 65 00 00 00 00 00 00 00 00 00 00 00 00 00 00 
0000000100ede7f0	63 75 72 72 65 6e 74 50 6f 6c 6c 49 6e 74 65 72 
0000000100ede800	76 61 6c 00 66 69 6c 65 52 65 6d 61 69 6e 64 65 
0000000100ede810	72 73 00 00 00 00 00 00 00 00 00 00 00 00 00 00 
0000000100ede820	73 74 61 72 74 75 70 42 6f 6f 74 73 74 72 61 70 
0000000100ede830	53 6e 61 70 73 68 6f 74 73 00 00 00 00 00 00 00 
0000000100ede840	69 6e 76 61 6c 69 64 61 74 65 64 53 74 61 72 74 
0000000100ede850	75 70 42 6f 6f 74 73 74 72 61 70 52 6f 6f 74 73 
0000000100ede860	00 00 00 00 00 00 00 00 00 00 00 00 00 00 00 00 
0000000100ede870	73 74 61 72 74 75 70 42 6f 6f 74 73 74 72 61 70 
0000000100ede880	50 72 65 70 61 72 61 74 69 6f 6e 47 61 74 65 00 
0000000100ede890	73 74 61 72 74 75 70 42 6f 6f 74 73 74 72 61 70 
0000000100ede8a0	50 72 65 70 61 72 61 74 69 6f 6e 54 61 73 6b 00 
0000000100ede8b0	73 6c 6f 77 50 6f 6c 6c 52 75 6e 6e 69 6e 67 47 
0000000100ede8c0	65 6e 65 72 61 74 69 6f 6e 00 00 00 00 00 00 00 
0000000100ede8d0	66 61 73 74 50 6f 6c 6c 52 75 6e 6e 69 6e 67 47 
0000000100ede8e0	65 6e 65 72 61 74 69 6f 6e 00 72 6f 6c 6c 6f 75 
0000000100ede8f0	74 52 65 61 64 47 61 74 65 00 00 00 00 00 00 00 
0000000100ede900	70 65 6e 64 69 6e 67 52 65 70 6c 61 79 4d 6f 64 
0000000100ede910	65 73 00 69 64 6c 65 54 69 6d 65 72 73 00 61 74 
0000000100ede920	74 65 6e 74 69 6f 6e 54 69 6d 65 72 73 00 00 00 
0000000100ede930	61 74 74 65 6e 74 69 6f 6e 54 69 6d 65 72 43 6f 
0000000100ede940	6e 74 65 78 74 73 00 00 00 00 00 00 00 00 00 00 
0000000100ede950	72 65 71 75 65 73 74 55 73 65 72 49 6e 70 75 74 
0000000100ede960	50 72 6f 6d 70 74 54 72 61 63 6b 65 72 00 00 00 
0000000100ede970	72 65 71 75 65 73 74 55 73 65 72 49 6e 70 75 74 
0000000100ede980	43 6f 6e 66 69 72 6d 61 74 69 6f 6e 54 61 73 6b 
0000000100ede990	73 00 00 00 00 00 00 00 00 00 00 00 00 00 00 00 
0000000100ede9a0	68 6f 6f 6b 6c 65 73 73 4f 77 6e 65 72 57 61 6b 
0000000100ede9b0	65 54 72 61 63 6b 65 72 00 00 00 00 00 00 00 00 
0000000100ede9c0	68 6f 6f 6b 6c 65 73 73 4f 77 6e 65 72 57 61 6b 
0000000100ede9d0	65 54 61 73 6b 73 00 63 75 72 72 65 6e 74 54 75 
0000000100ede9e0	72 6e 49 64 73 00 00 00 00 00 00 00 00 00 00 00 
0000000100ede9f0	63 6f 64 65 78 44 65 73 6b 74 6f 70 53 65 73 73 
0000000100edea00	69 6f 6e 49 64 73 00 00 00 00 00 00 00 00 00 00 
0000000100edea10	63 6f 64 65 78 4c 69 6d 69 74 46 69 6e 67 65 72 
0000000100edea20	70 72 69 6e 74 43 61 63 68 65 00 00 00 00 00 00 
0000000100edea30	69 64 6c 65 46 61 6c 6c 62 61 63 6b 43 6f 6e 74 
0000000100edea40	65 78 74 73 00 00 00 00 00 00 00 00 00 00 00 00 
0000000100edea50	69 64 6c 65 46 61 6c 6c 62 61 63 6b 52 65 63 6f 
0000000100edea60	76 65 72 69 65 73 00 6a 73 6f 6e 44 65 63 6f 64 
0000000100edea70	65 72 00 00 00 00 00 00 00 00 00 00 00 00 00 00 
0000000100edea80	6d 61 78 52 65 6d 61 69 6e 64 65 72 53 69 7a 65 
0000000100edea90	00 00 00 00 00 00 00 00 00 00 00 00 00 00 00 00 
0000000100edeaa0	72 65 70 6f 72 74 65 64 52 6f 6c 6c 6f 75 74 44 
0000000100edeab0	65 63 6f 64 65 46 61 69 6c 75 72 65 73 00 77 72 
0000000100edeac0	69 74 65 72 49 6e 66 6f 43 61 63 68 65 00 68 61 
0000000100edead0	73 43 72 65 64 69 74 73 00 75 6e 6c 69 6d 69 74 
0000000100edeae0	65 64 00 62 61 6c 61 6e 63 65 00 6c 69 6d 69 74 
0000000100edeaf0	49 64 00 6c 69 6d 69 74 4e 61 6d 65 00 70 6c 61 
0000000100edeb00	6e 54 79 70 65 00 70 72 69 6d 61 72 79 00 73 65 
0000000100edeb10	63 6f 6e 64 61 72 79 00 63 72 65 64 69 74 73 00 
0000000100edeb20	72 61 74 65 4c 69 6d 69 74 52 65 61 63 68 65 64 
0000000100edeb30	54 79 70 65 00 69 64 00 61 75 74 68 6f 72 69 74 
0000000100edeb40	79 00 63 6f 6e 66 69 67 49 64 00 74 6f 67 67 6c 
0000000100edeb50	65 52 65 76 69 73 69 6f 6e 00 68 6f 6f 6b 45 76 
0000000100edeb60	69 64 65 6e 63 65 00 73 74 61 74 65 73 00 64 69 
0000000100edeb70	73 63 6f 76 65 72 79 00 68 6f 6f 6b 00 69 6e 50 
0000000100edeb80	72 6f 67 72 65 73 73 00 74 65 72 6d 69 6e 61 6c 
0000000100edeb90	00 66 69 6c 65 50 61 74 68 00 65 76 69 64 65 6e 
0000000100edeba0	63 65 00 73 65 73 73 69 6f 6e 49 64 00 00 00 00 
0000000100edebb0	72 75 6e 74 69 6d 65 49 6e 73 74 61 6e 63 65 49 
0000000100edebc0	64 00 00 00 00 00 00 00 00 00 00 00 00 00 00 00 
0000000100edebd0	68 6f 6f 6b 49 6e 67 72 65 73 73 52 65 76 69 73 
0000000100edebe0	69 6f 6e 00 00 00 00 00 00 00 00 00 00 00 00 00 
0000000100edebf0	68 61 73 46 69 6c 65 53 79 73 74 65 6d 45 76 69 
0000000100edec00	64 65 6e 63 65 00 68 6f 6f 6b 48 69 6e 74 00 00 
0000000100edec10	72 75 6e 6e 69 6e 67 47 65 6e 65 72 61 74 69 6f 
0000000100edec20	6e 00 69 6e 6f 64 65 00 73 69 7a 65 00 6d 6f 64 
0000000100edec30	44 61 74 65 00 72 65 6d 6f 76 65 64 41 74 00 69 
0000000100edec40	73 50 72 65 70 61 72 65 64 00 69 73 4c 6f 61 64 
0000000100edec50	69 6e 67 00 65 6e 74 72 69 65 73 00 67 6c 6f 62 
0000000100edec60	61 6c 52 65 76 69 73 69 6f 6e 00 6c 69 76 65 00 
0000000100edec70	69 6e 69 74 69 61 6c 46 75 6c 6c 52 65 70 6c 61 
0000000100edec80	79 00 61 72 6d 65 64 41 74 00 64 65 6c 61 79 00 
0000000100edec90	6c 65 61 73 65 00 74 69 6d 65 72 54 6f 6b 65 6e 
0000000100edeca0	00 73 6f 75 72 63 65 00 74 65 72 6d 69 6e 61 6c 
0000000100edecb0	54 75 72 6e 49 64 00 00 00 00 00 00 00 00 00 00 
0000000100edecc0	64 69 61 67 6e 6f 73 74 69 63 43 6f 6d 70 6c 65 
0000000100edecd0	74 69 6f 6e 46 61 6c 6c 62 61 63 6b 00 66 61 6c 
0000000100edece0	6c 62 61 63 6b 41 74 00 69 6e 66 6f 00 63 61 63 
0000000100edecf0	68 65 64 41 74 00 75 73 65 64 50 65 72 63 65 6e 
0000000100eded00	74 00 77 69 6e 64 6f 77 4d 69 6e 75 74 65 73 00 
0000000100eded10	72 65 73 65 74 73 41 74 00 72 65 73 65 74 73 49 
0000000100eded20	6e 53 65 63 6f 6e 64 73 00 70 68 61 73 65 00 6c 
0000000100eded30	69 6e 65 43 6f 75 6e 74 00 62 79 74 65 43 6f 75 
0000000100eded40	6e 74 00 72 65 74 72 79 52 65 71 75 65 73 74 65 
0000000100eded50	64 00 74 69 6d 65 73 74 61 6d 70 00 74 79 70 65 
0000000100eded60	00 70 61 79 6c 6f 61 64 00 63 77 64 00 63 6c 69 
0000000100eded70	56 65 72 73 69 6f 6e 00 6f 72 69 67 69 6e 61 74 
0000000100eded80	6f 72 00 73 75 62 61 67 65 6e 74 4b 69 6e 64 00 
0000000100eded90	73 75 62 61 67 65 6e 74 50 61 72 65 6e 74 54 68 
0000000100ededa0	72 65 61 64 49 64 00 00 00 00 00 00 00 00 00 00 
0000000100ededb0	73 75 62 61 67 65 6e 74 4e 69 63 6b 6e 61 6d 65 
0000000100ededc0	00 73 75 62 61 67 65 6e 74 52 6f 6c 65 00 6e 61 
0000000100ededd0	6d 65 00 61 72 67 75 6d 65 6e 74 73 00 69 6e 70 
0000000100edede0	75 74 00 63 61 6c 6c 49 64 00 6f 75 74 70 75 74 
0000000100ededf0	00 74 65 78 74 00 6d 65 73 73 61 67 65 00 74 75 
0000000100edee00	72 6e 49 64 00 00 00 00 00 00 00 00 00 00 00 00 
0000000100edee10	6c 61 73 74 41 67 65 6e 74 4d 65 73 73 61 67 65 
0000000100edee20	00 74 72 69 67 67 65 72 54 75 72 6e 00 6d 6f 64 
0000000100edee30	65 6c 00 65 66 66 6f 72 74 00 61 70 70 72 6f 76 
0000000100edee40	61 6c 50 6f 6c 69 63 79 00 00 00 00 00 00 00 00 
0000000100edee50	61 70 70 72 6f 76 61 6c 73 52 65 76 69 65 77 65 
0000000100edee60	72 00 73 61 6e 64 62 6f 78 50 6f 6c 69 63 79 00 
0000000100edee70	70 65 72 6d 69 73 73 69 6f 6e 50 72 6f 66 69 6c 
0000000100edee80	65 00 00 00 00 00 00 00 00 00 00 00 00 00 00 00 
0000000100edee90	63 6f 6c 6c 61 62 6f 72 61 74 69 6f 6e 4d 6f 64 
0000000100edeea0	65 00 72 65 61 73 6f 6e 00 72 61 74 65 4c 69 6d 
0000000100edeeb0	69 74 73 00 00 00 00 00 00 00 00 00 00 00 00 00 
0000000100edeec0	63 72 65 64 69 74 50 6f 6f 6c 45 78 68 61 75 73 
0000000100edeed0	74 65 64 00 00 00 00 00 00 00 00 00 00 00 00 00 
0000000100edeee0	70 72 69 6d 61 72 79 57 69 6e 64 6f 77 46 75 6c 
0000000100edeef0	6c 00 00 00 00 00 00 00 00 00 00 00 00 00 00 00 
0000000100edef00	73 65 63 6f 6e 64 61 72 79 57 69 6e 64 6f 77 46 
0000000100edef10	75 6c 6c 00 00 00 00 00 00 00 00 00 00 00 00 00 
0000000100edef20	65 78 70 6c 69 63 69 74 6c 79 52 65 61 63 68 65 
0000000100edef30	64 00 68 6f 6f 6b 45 76 65 6e 74 4e 61 6d 65 00 
0000000100edef40	74 6f 6f 6c 4e 61 6d 65 00 74 6f 6f 6c 49 6e 70 
0000000100edef50	75 74 00 74 6f 6f 6c 55 73 65 49 64 00 68 6f 6f 
0000000100edef60	6b 43 6f 6e 66 69 67 49 64 00 74 6f 6b 65 6e 00 
0000000100edef70	67 65 6e 65 72 61 74 69 6f 6e 00 62 61 73 65 4f 
0000000100edef80	66 66 73 65 74 00 62 61 73 65 52 65 6d 61 69 6e 
0000000100edef90	64 65 72 00 70 61 74 68 52 65 76 69 73 69 6f 6e 
0000000100edefa0	00 70 61 74 68 00 6b 69 6e 64 00 63 75 72 72 65 
0000000100edefb0	6e 74 49 6e 6f 64 65 00 00 00 00 00 00 00 00 00 
0000000100edefc0	6c 61 74 65 73 74 4c 69 66 65 63 79 63 6c 65 53 
0000000100edefd0	74 61 74 65 00 6e 65 77 4f 66 66 73 65 74 00 72 
0000000100edefe0	65 6d 61 69 6e 64 65 72 00 6c 69 6e 65 73 00 62 
0000000100edeff0	79 74 65 73 52 65 61 64 00 64 75 72 61 74 69 6f 
0000000100edf000	6e 4d 73 00 74 74 79 00 70 69 64 00 00 00 00 00 
0000000100edf010	74 65 72 6d 69 6e 61 6c 42 75 6e 64 6c 65 49 64 
0000000100edf020	00 00 00 00 00 00 00 00 00 00 00 00 00 00 00 00 
0000000100edf030	61 64 6d 69 73 73 69 6f 6e 44 65 6e 69 65 64 41 
0000000100edf040	6e 63 65 73 74 6f 72 42 75 6e 64 6c 65 49 64 00 
0000000100edf050	6f 75 74 63 6f 6d 65 00 70 61 74 68 4c 65 61 73 
0000000100edf060	65 49 64 00 52 61 77 56 61 6c 75 65 00 63 61 6e 
0000000100edf070	64 69 64 61 74 65 00 00 00 00 00 00 00 00 00 00 
0000000100edf080	73 6b 69 70 70 69 6e 67 49 6e 68 65 72 69 74 65 
0000000100edf090	64 48 69 73 74 6f 72 79 00 72 65 70 6c 61 63 65 
0000000100edf0a0	64 00 74 72 75 6e 63 61 74 65 64 00 67 72 6f 77 
0000000100edf0b0	6e 00 66 69 72 73 74 53 65 65 6e 00 73 75 63 63 
0000000100edf0c0	65 73 73 00 63 6f 6e 66 69 72 6d 65 64 4e 6f 54 
0000000100edf0d0	54 59 00 74 72 61 6e 73 69 65 6e 74 00 72 65 76 
0000000100edf0e0	69 73 69 6f 6e 00 61 67 65 6e 74 4e 69 63 6b 6e 
0000000100edf0f0	61 6d 65 00 61 67 65 6e 74 52 6f 6c 65 00 6d 6f 
0000000100edf100	64 65 00 74 68 72 65 61 64 53 70 61 77 6e 00 70 
0000000100edf110	61 72 65 6e 74 54 68 72 65 61 64 49 64 00 61 67 
0000000100edf120	65 6e 74 50 61 74 68 00 73 75 62 61 67 65 6e 74 
0000000100edf130	00 6f 74 68 65 72 00 00 00 00 00 00 00 00 00 00 
0000000100edf140	24 64 65 66 61 75 6c 74 41 63 74 6f 72 00 65 78 
0000000100edf150	65 63 75 74 61 62 6c 65 50 61 74 68 00 61 72 67 
0000000100edf160	75 6d 65 6e 74 73 00 65 6e 76 69 72 6f 6e 6d 65 
0000000100edf170	6e 74 00 70 72 6f 63 65 73 73 00 73 74 64 69 6e 
0000000100edf180	50 69 70 65 00 73 74 64 6f 75 74 50 69 70 65 00 
0000000100edf190	73 74 64 65 72 72 50 69 70 65 00 6e 65 78 74 52 
0000000100edf1a0	65 71 75 65 73 74 49 64 00 70 65 6e 64 69 6e 67 
0000000100edf1b0	52 65 71 75 65 73 74 73 00 73 74 64 6f 75 74 42 
0000000100edf1c0	75 66 66 65 72 00 73 74 64 65 72 72 42 75 66 66 
0000000100edf1d0	65 72 00 00 00 00 00 00 00 00 00 00 00 00 00 00 
0000000100edf1e0	72 65 71 75 65 73 74 54 69 6d 65 6f 75 74 53 65 
0000000100edf1f0	63 6f 6e 64 73 00 73 70 61 77 6e 46 61 69 6c 65 
0000000100edf200	64 00 6e 6f 74 52 65 61 64 79 00 00 00 00 00 00 
0000000100edf210	6c 6f 63 6b 00 63 61 70 61 63 69 74 79 00 65 6e 
0000000100edf220	74 72 69 65 73 00 6f 72 64 65 72 00 74 68 72 65 
0000000100edf230	61 64 49 44 00 74 75 72 6e 49 44 00 73 6e 61 70 
0000000100edf240	73 68 6f 74 00 00 00 00 00 00 00 00 00 00 00 00 
0000000100edf250	68 61 73 52 65 76 69 65 77 65 72 43 6f 6e 66 6c 
0000000100edf260	69 63 74 00 00 00 00 00 00 00 00 00 00 00 00 00 
0000000100edf270	68 61 73 50 6f 6c 69 63 79 43 6f 6e 66 6c 69 63 
0000000100edf280	74 00 61 70 70 72 6f 76 61 6c 50 6f 6c 69 63 79 
0000000100edf290	00 72 65 76 69 65 77 65 72 00 73 61 6e 64 62 6f 
0000000100edf2a0	78 50 6f 6c 69 63 79 00 00 00 00 00 00 00 00 00 
0000000100edf2b0	70 65 72 6d 69 73 73 69 6f 6e 50 72 6f 66 69 6c 
0000000100edf2c0	65 00 00 00 00 00 00 00 00 00 00 00 00 00 00 00 
0000000100edf2d0	63 6f 6c 6c 61 62 6f 72 61 74 69 6f 6e 4d 6f 64 
0000000100edf2e0	65 00 73 6f 75 72 63 65 00 75 6e 6b 6e 6f 77 6e 
0000000100edf2f0	00 75 73 65 72 00 61 75 74 6f 52 65 76 69 65 77 
0000000100edf300	00 6c 6f 63 61 6c 52 6f 6c 6c 6f 75 74 00 68 6f 
0000000100edf310	6f 6b 54 72 61 6e 73 63 72 69 70 74 00 52 61 77 
0000000100edf320	56 61 6c 75 65 00 6c 6f 63 61 6c 42 72 69 64 67 
0000000100edf330	65 00 72 65 6d 6f 74 65 48 6f 6f 6b 00 00 00 00 
0000000100edf340	24 64 65 66 61 75 6c 74 41 63 74 6f 72 00 61 75 
0000000100edf350	64 69 74 4c 6f 67 55 52 4c 73 00 63 68 65 63 6b 
0000000100edf360	70 6f 69 6e 74 55 52 4c 73 00 70 6f 6c 6c 49 6e 
0000000100edf370	74 65 72 76 61 6c 00 6d 61 78 52 65 61 64 42 79 
0000000100edf380	74 65 73 00 00 00 00 00 00 00 00 00 00 00 00 00 
0000000100edf390	6d 61 78 43 68 65 63 6b 70 6f 69 6e 74 42 79 74 
0000000100edf3a0	65 73 00 00 00 00 00 00 00 00 00 00 00 00 00 00 
0000000100edf3b0	6d 61 78 43 68 65 63 6b 70 6f 69 6e 74 41 67 65 
0000000100edf3c0	00 70 6f 6c 6c 54 61 73 6b 00 61 75 64 69 74 54 
0000000100edf3d0	61 69 6c 53 74 61 74 65 73 00 00 00 00 00 00 00 
0000000100edf3e0	6c 61 73 74 43 68 65 63 6b 70 6f 69 6e 74 53 69 
0000000100edf3f0	67 6e 61 74 75 72 65 73 00 72 65 63 65 6e 74 45 
0000000100edf400	76 65 6e 74 4b 65 79 73 00 00 00 00 00 00 00 00 
0000000100edf410	72 65 63 65 6e 74 45 76 65 6e 74 4b 65 79 53 65 
0000000100edf420	74 00 00 00 00 00 00 00 00 00 00 00 00 00 00 00 
0000000100edf430	68 61 73 49 6e 69 74 69 61 6c 69 7a 65 64 4f 66 
0000000100edf440	66 73 65 74 00 6c 61 73 74 4f 66 66 73 65 74 00 
0000000100edf450	70 65 6e 64 69 6e 67 46 72 61 67 6d 65 6e 74 00 
0000000100edf460	66 69 6c 65 4d 6f 64 69 66 69 65 64 41 74 00 66 
0000000100edf470	69 6c 65 53 69 7a 65 00 72 61 77 53 65 73 73 69 
0000000100edf480	6f 6e 49 64 00 77 6f 72 6b 73 70 61 63 65 00 74 
0000000100edf490	6f 6f 6c 55 73 65 49 64 00 74 6f 6f 6c 49 6e 70 
0000000100edf4a0	75 74 00 63 68 65 63 6b 70 6f 69 6e 74 50 61 74 
0000000100edf4b0	68 00 6d 65 73 73 61 67 65 49 6e 64 65 78 00 70 
0000000100edf4c0	61 72 74 49 6e 64 65 78 00 69 64 00 6d 65 74 61 
0000000100edf4d0	64 61 74 61 00 6d 65 73 73 61 67 65 73 00 74 79 
0000000100edf4e0	70 65 00 6e 61 6d 65 00 69 6e 70 75 74 00 65 76 
0000000100edf4f0	65 6e 74 00 64 65 74 61 69 6c 73 00 74 6f 6f 6c 
0000000100edf500	4e 61 6d 65 00 64 65 73 63 72 69 70 74 69 6f 6e 
0000000100edf510	00 73 65 73 73 69 6f 6e 49 64 00 6d 6f 64 65 00 
0000000100edf520	63 6f 6e 74 65 6e 74 00 52 61 77 56 61 6c 75 65 
0000000100edf530	00 00 00 00 00 00 00 00 00 00 00 00 00 00 00 00 
0000000100edf540	24 64 65 66 61 75 6c 74 41 63 74 6f 72 00 70 65 
0000000100edf550	6e 64 69 6e 67 54 75 72 6e 73 00 70 6f 6c 6c 54 
0000000100edf560	61 73 6b 00 73 6e 61 70 73 68 6f 74 43 61 63 68 
0000000100edf570	65 00 73 65 73 73 69 6f 6e 73 44 69 72 73 00 70 
0000000100edf580	6f 6c 6c 49 6e 74 65 72 76 61 6c 00 00 00 00 00 
0000000100edf590	63 6f 6d 70 6c 65 74 69 6f 6e 54 69 6d 65 6f 75 
0000000100edf5a0	74 00 00 00 00 00 00 00 00 00 00 00 00 00 00 00 
0000000100edf5b0	63 6f 6d 70 6c 65 74 69 6f 6e 51 75 69 65 74 50 
0000000100edf5c0	65 72 69 6f 64 00 73 74 61 72 74 75 70 47 72 61 
0000000100edf5d0	63 65 00 00 00 00 00 00 00 00 00 00 00 00 00 00 
0000000100edf5e0	6d 61 78 53 65 73 73 69 6f 6e 46 69 6c 65 42 79 
0000000100edf5f0	74 65 73 00 00 00 00 00 00 00 00 00 00 00 00 00 
0000000100edf600	72 65 63 65 6e 74 53 65 73 73 69 6f 6e 53 63 61 
0000000100edf610	6e 4c 69 6d 69 74 00 73 65 73 73 69 6f 6e 49 64 
0000000100edf620	00 63 77 64 00 73 74 61 72 74 65 64 41 74 00 62 
0000000100edf630	61 73 65 6c 69 6e 65 50 61 74 68 00 00 00 00 00 
0000000100edf640	62 61 73 65 6c 69 6e 65 41 73 73 69 73 74 61 6e 
0000000100edf650	74 43 6f 75 6e 74 00 64 65 61 64 6c 69 6e 65 00 
0000000100edf660	70 61 74 68 00 69 64 00 77 6f 72 6b 73 70 61 63 
0000000100edf670	65 00 75 70 64 61 74 65 64 41 74 00 66 69 6c 65 
0000000100edf680	4d 6f 64 69 66 69 65 64 41 74 00 6d 65 73 73 61 
0000000100edf690	67 65 43 6f 75 6e 74 00 61 73 73 69 73 74 61 6e 
0000000100edf6a0	74 43 6f 75 6e 74 00 6c 61 73 74 52 6f 6c 65 00 
0000000100edf6b0	6c 61 73 74 41 73 73 69 73 74 61 6e 74 54 65 78 
0000000100edf6c0	74 00 66 69 6c 65 53 69 7a 65 00 73 6e 61 70 73 
0000000100edf6d0	68 6f 74 00 75 72 6c 00 6d 65 74 61 64 61 74 61 
0000000100edf6e0	00 6d 65 73 73 61 67 65 73 00 72 6f 6c 65 00 63 
0000000100edf6f0	6f 6e 74 65 6e 74 00 74 79 70 65 00 74 65 78 74 
0000000100edf700	00 52 61 77 56 61 6c 75 65 00 7a 69 70 46 61 69 
0000000100edf710	6c 65 64 00 72 6f 6f 74 49 64 00 70 72 69 76 61 
0000000100edf720	74 65 49 64 00 73 69 7a 65 42 79 74 65 73 00 6d 
0000000100edf730	6f 64 69 66 69 65 64 41 74 00 69 64 00 73 65 73 
0000000100edf740	73 69 6f 6e 73 44 69 72 00 6e 61 6d 65 00 70 61 
0000000100edf750	74 68 00 24 64 65 66 61 75 6c 74 41 63 74 6f 72 
0000000100edf760	00 6c 6f 67 46 69 6c 65 55 52 4c 00 66 69 6c 65 
0000000100edf770	48 61 6e 64 6c 65 00 63 75 72 72 65 6e 74 46 69 
0000000100edf780	6c 65 53 69 7a 65 00 64 61 74 65 46 6f 72 6d 61 
0000000100edf790	74 74 65 72 00 73 6f 63 6b 65 74 00 73 65 73 73 
0000000100edf7a0	69 6f 6e 00 6a 75 6d 70 00 68 6f 6f 6b 00 62 72 
0000000100edf7b0	69 64 67 65 00 6c 69 63 65 6e 73 65 00 75 70 64 
0000000100edf7c0	61 74 65 00 61 70 70 00 73 6f 75 6e 64 00 75 69 
0000000100edf7d0	00 73 73 68 00 75 73 61 67 65 00 70 65 72 66 00 
0000000100edf7e0	64 65 62 75 67 00 69 6e 66 6f 00 77 61 72 6e 00 
0000000100edf7f0	65 72 72 6f 72 00 24 64 65 66 61 75 6c 74 41 63 
0000000100edf800	74 6f 72 00 69 73 4f 63 63 75 70 69 65 64 00 77 
0000000100edf810	61 69 74 65 72 73 00 75 72 6c 00 6d 74 69 6d 65 
0000000100edf820	00 73 69 7a 65 00 00 00 00 00 00 00 00 00 00 00 
0000000100edf830	73 6e 61 70 73 68 6f 74 00 6c 6f 67 67 65 64 41 
0000000100edf840	74 00 76 69 72 74 75 61 6c 42 79 74 65 73 00 72 
0000000100edf850	65 73 69 64 65 6e 74 42 79 74 65 73 00 00 00 00 
0000000100edf860	70 68 79 73 69 63 61 6c 46 6f 6f 74 70 72 69 6e 
0000000100edf870	74 42 79 74 65 73 00 63 6f 6d 70 72 65 73 73 65 
0000000100edf880	64 42 79 74 65 73 00 72 65 75 73 61 62 6c 65 42 
0000000100edf890	79 74 65 73 00 00 00 00 00 00 00 00 00 00 00 00 
0000000100edf8a0	70 72 6f 76 69 64 65 72 00 61 63 63 6f 75 6e 74 
0000000100edf8b0	49 44 00 00 00 00 00 00 00 00 00 00 00 00 00 00 
0000000100edf8c0	69 73 44 65 66 61 75 6c 74 41 63 63 6f 75 6e 74 
0000000100edf8d0	00 63 61 74 65 67 6f 72 79 00 6f 72 69 67 69 6e 
0000000100edf8e0	00 64 65 74 65 63 74 69 6f 6e 73 00 66 65 74 63 
0000000100edf8f0	68 53 74 61 74 65 00 61 74 74 65 6d 70 74 73 00 
0000000100edf900	73 6e 61 70 73 68 6f 74 53 6f 75 72 63 65 00 73 
0000000100edf910	6e 61 70 73 68 6f 74 41 67 65 00 77 69 6e 64 6f 
0000000100edf920	77 73 00 66 65 61 74 75 72 65 45 6e 61 62 6c 65 
0000000100edf930	64 00 64 69 73 70 6c 61 79 45 6e 61 62 6c 65 64 
0000000100edf940	00 00 00 00 00 00 00 00 00 00 00 00 00 00 00 00 
0000000100edf950	70 72 65 66 65 72 72 65 64 50 72 6f 76 69 64 65 
0000000100edf960	72 00 64 69 73 70 6c 61 79 50 72 6f 76 69 64 65 
0000000100edf970	72 00 00 00 00 00 00 00 00 00 00 00 00 00 00 00 
0000000100edf980	61 76 61 69 6c 61 62 6c 65 50 72 6f 76 69 64 65 
0000000100edf990	72 73 00 00 00 00 00 00 00 00 00 00 00 00 00 00 
0000000100edf9a0	72 65 67 69 73 74 65 72 65 64 50 75 6c 6c 50 72 
0000000100edf9b0	6f 76 69 64 65 72 73 00 61 63 63 6f 75 6e 74 73 
0000000100edf9c0	00 63 61 70 61 63 69 74 79 00 6d 61 78 46 69 65 
0000000100edf9d0	6c 64 43 68 61 72 73 00 73 74 6f 72 61 67 65 00 
0000000100edf9e0	6e 65 78 74 49 6e 64 65 78 00 66 69 6c 6c 65 64 
0000000100edf9f0	00 69 73 6f 46 6f 72 6d 61 74 74 65 72 00 6e 61 
0000000100edfa00	6d 65 00 64 65 73 63 72 69 70 74 69 6f 6e 00 74 
0000000100edfa10	6f 6f 6c 73 00 69 6e 63 6c 75 64 65 4d 63 70 4a 
0000000100edfa20	73 6f 6e 00 68 6f 6f 6b 73 00 63 6f 6d 6d 61 6e 
0000000100edfa30	64 00 6d 61 74 63 68 65 72 00 6c 61 75 6e 63 68 
0000000100edfa40	46 61 69 6c 65 64 00 74 69 6d 65 64 4f 75 74 00 
0000000100edfa50	72 6f 6f 74 00 73 74 64 6f 75 74 55 52 4c 00 73 
0000000100edfa60	74 64 65 72 72 55 52 4c 00 73 74 64 6f 75 74 48 
0000000100edfa70	61 6e 64 6c 65 00 73 74 64 65 72 72 48 61 6e 64 
0000000100edfa80	6c 65 00 63 6f 6d 6d 61 6e 64 46 61 69 6c 65 64 
0000000100edfa90	00 62 69 6e 61 72 79 4e 6f 74 46 6f 75 6e 64 00 
0000000100edfaa0	77 72 69 74 65 46 61 69 6c 65 64 00 72 6f 6c 6c 
0000000100edfab0	62 61 63 6b 46 61 69 6c 65 64 00 69 6e 76 61 6c 
0000000100edfac0	69 64 53 65 74 74 69 6e 67 73 00 00 00 00 00 00 
0000000100edfad0	69 64 00 64 69 73 70 6c 61 79 4e 61 6d 65 00 69 
0000000100edfae0	73 44 65 74 65 63 74 65 64 00 69 73 43 6f 6e 66 
0000000100edfaf0	69 67 75 72 65 64 00 00 00 00 00 00 00 00 00 00 
0000000100edfb00	68 61 73 52 75 6e 74 69 6d 65 41 63 74 69 76 61 
0000000100edfb10	74 69 6f 6e 00 00 00 00 00 00 00 00 00 00 00 00 
0000000100edfb20	63 6f 64 65 78 45 78 70 6c 69 63 69 74 6c 79 44 
0000000100edfb30	69 73 61 62 6c 65 64 00 63 6f 64 65 78 54 72 75 
0000000100edfb40	73 74 53 74 61 74 65 00 00 00 00 00 00 00 00 00 
0000000100edfb50	73 65 74 75 70 52 65 71 75 69 72 65 6d 65 6e 74 
0000000100edfb60	00 49 44 00 6b 69 72 6f 41 67 65 6e 74 00 00 00 
0000000100edfb70	61 70 70 00 74 65 72 6d 69 6e 61 6c 00 73 6f 75 
0000000100edfb80	72 63 65 00 72 65 71 75 65 73 74 4b 69 6e 64 00 
0000000100edfb90	68 6f 73 74 00 64 65 73 74 69 6e 61 74 69 6f 6e 
0000000100edfba0	00 00 00 00 00 00 00 00 00 00 00 00 00 00 00 00 
0000000100edfbb0	68 61 6e 64 6f 66 66 54 72 61 6e 73 70 6f 72 74 
0000000100edfbc0	00 00 00 00 00 00 00 00 00 00 00 00 00 00 00 00 
0000000100edfbd0	73 75 70 70 6f 72 74 73 50 72 65 63 69 73 65 46 
0000000100edfbe0	6f 63 75 73 50 6f 6c 6c 69 6e 67 00 00 00 00 00 
0000000100edfbf0	68 61 6e 64 73 4f 66 66 49 6e 63 6f 6d 69 6e 67 
0000000100edfc00	55 6e 6b 6e 6f 77 6e 46 6f 63 75 73 00 00 00 00 
0000000100edfc10	72 65 71 75 69 72 65 73 45 78 61 63 74 54 65 72 
0000000100edfc20	6d 69 6e 61 6c 49 64 65 6e 74 69 74 79 46 6f 72 
0000000100edfc30	55 73 65 72 4a 75 6d 70 00 65 78 70 6c 69 63 69 
0000000100edfc40	74 48 61 6e 64 6f 66 66 00 00 00 00 00 00 00 00 
0000000100edfc50	61 75 74 6f 6d 61 74 69 63 48 61 6e 64 6f 66 66 
0000000100edfc60	41 66 74 65 72 00 61 70 70 72 6f 76 61 6c 00 71 
0000000100edfc70	75 65 73 74 69 6f 6e 00 00 00 00 00 00 00 00 00 
0000000100edfc80	63 6c 6f 73 65 53 79 6e 63 68 72 6f 6e 6f 75 73 
0000000100edfc90	48 6f 6f 6b 57 69 74 68 6f 75 74 52 65 73 70 6f 
0000000100edfca0	6e 73 65 00 52 61 77 56 61 6c 75 65 00 73 6f 75 
0000000100edfcb0	72 63 65 00 70 68 61 73 65 00 74 6f 6f 6c 00 74 
0000000100edfcc0	6f 6f 6c 49 6e 70 75 74 00 72 65 71 75 65 73 74 
0000000100edfcd0	65 64 53 63 68 65 6d 61 00 00 00 00 00 00 00 00 
0000000100edfce0	6c 6f 63 6b 00 63 6f 75 6e 74 65 72 00 72 65 76 
0000000100edfcf0	69 73 69 6f 6e 73 00 73 6f 63 6b 65 74 50 61 74 
0000000100edfd00	68 00 6c 69 73 74 65 6e 42 61 63 6b 6c 6f 67 00 
0000000100edfd10	73 65 72 76 65 72 46 64 00 6c 69 73 74 65 6e 65 
0000000100edfd20	72 00 63 6c 69 65 6e 74 53 6f 75 72 63 65 73 00 
0000000100edfd30	63 6c 69 65 6e 74 43 6f 6e 6e 65 63 74 69 6f 6e 
0000000100edfd40	52 65 67 69 73 74 72 79 00 74 63 70 53 65 72 76 
0000000100edfd50	65 72 46 64 00 74 63 70 4c 69 73 74 65 6e 65 72 
0000000100edfd60	00 63 6c 69 65 6e 74 42 75 66 66 65 72 73 00 00 
0000000100edfd70	64 65 6c 69 76 65 72 79 44 65 64 75 70 6c 69 63 
0000000100edfd80	61 74 6f 72 00 00 00 00 00 00 00 00 00 00 00 00 
0000000100edfd90	73 73 68 52 65 6d 6f 74 65 43 6f 6e 6e 65 63 74 
0000000100edfda0	69 6f 6e 73 00 00 00 00 00 00 00 00 00 00 00 00 
0000000100edfdb0	73 73 68 4c 6f 63 61 6c 43 6c 69 65 6e 74 52 65 
0000000100edfdc0	73 6f 6c 75 74 69 6f 6e 43 6f 6f 72 64 69 6e 61 
0000000100edfdd0	74 6f 72 00 00 00 00 00 00 00 00 00 00 00 00 00 
0000000100edfde0	70 65 6e 64 69 6e 67 50 65 72 6d 69 73 73 69 6f 
0000000100edfdf0	6e 73 00 00 00 00 00 00 00 00 00 00 00 00 00 00 
0000000100edfe00	70 65 72 6d 69 73 73 69 6f 6e 49 6e 67 72 65 73 
0000000100edfe10	73 52 65 76 69 73 69 6f 6e 73 00 00 00 00 00 00 
0000000100edfe20	70 65 72 6d 69 73 73 69 6f 6e 49 6e 67 72 65 73 
0000000100edfe30	73 43 6f 75 6e 74 65 72 00 00 00 00 00 00 00 00 
0000000100edfe40	74 65 72 6d 69 6e 61 6c 52 6f 75 74 65 64 43 6f 
0000000100edfe50	64 65 78 41 70 70 72 6f 76 61 6c 54 54 4c 00 00 
0000000100edfe60	74 65 72 6d 69 6e 61 6c 52 6f 75 74 65 64 43 6f 
0000000100edfe70	64 65 78 41 70 70 72 6f 76 61 6c 73 00 00 00 00 
0000000100edfe80	6c 61 73 74 50 72 65 54 6f 6f 6c 55 73 65 49 64 
0000000100edfe90	73 00 00 00 00 00 00 00 00 00 00 00 00 00 00 00 
0000000100edfea0	6f 6e 50 65 6e 64 69 6e 67 50 65 72 6d 69 73 73 
0000000100edfeb0	69 6f 6e 43 68 61 6e 67 65 64 00 00 00 00 00 00 
0000000100edfec0	6f 6e 50 65 72 6d 69 73 73 69 6f 6e 48 61 6e 64 
0000000100edfed0	65 64 4f 66 66 54 6f 4e 61 74 69 76 65 00 00 00 
0000000100edfee0	70 65 6e 64 69 6e 67 50 65 72 6d 69 73 73 69 6f 
0000000100edfef0	6e 54 54 4c 00 74 74 6c 43 6c 65 61 6e 75 70 54 
0000000100edff00	69 6d 65 72 00 65 76 65 6e 74 52 65 63 76 43 6f 
0000000100edff10	75 6e 74 73 00 68 6f 6f 6b 49 6e 67 72 65 73 73 
0000000100edff20	52 69 6e 67 00 00 00 00 00 00 00 00 00 00 00 00 
0000000100edff30	61 70 70 72 6f 76 61 6c 4f 77 6e 65 72 73 68 69 
0000000100edff40	70 54 69 6d 65 72 00 00 00 00 00 00 00 00 00 00 
0000000100edff50	61 70 70 72 6f 76 61 6c 4f 77 6e 65 72 73 68 69 
0000000100edff60	70 50 6f 6c 6c 69 6e 67 49 6e 74 65 72 76 61 6c 
0000000100edff70	00 6f 6e 45 76 65 6e 74 00 70 69 64 46 69 6c 65 
0000000100edff80	50 61 74 68 00 65 6e 74 72 69 65 73 00 73 65 65 
0000000100edff90	6e 41 74 00 74 74 6c 00 63 61 70 61 63 69 74 79 
0000000100edffa0	00 69 64 00 00 00 00 00 00 00 00 00 00 00 00 00 
0000000100edffb0	70 75 62 6c 69 63 61 74 69 6f 6e 54 6f 6b 65 6e 
0000000100edffc0	00 66 64 00 63 72 65 61 74 65 64 41 74 00 69 6e 
0000000100edffd0	67 72 65 73 73 52 65 76 69 73 69 6f 6e 00 00 00 
0000000100edffe0	68 6f 6f 6b 54 6f 67 67 6c 65 52 65 76 69 73 69 
0000000100edfff0	6f 6e 00 74 6f 6f 6c 55 73 65 49 64 00 6f 77 6e 
0000000100ee0000	65 72 00 00 00 00 00 00 00 00 00 00 00 00 00 00 
0000000100ee0010	6f 70 65 6e 63 6f 64 65 52 65 71 75 65 73 74 49 
0000000100ee0020	64 00 73 6f 75 72 63 65 00 68 6f 6f 6b 43 6f 6e 
0000000100ee0030	66 69 67 49 64 00 00 00 00 00 00 00 00 00 00 00 
0000000100ee0040	6e 61 74 69 76 65 41 70 70 72 6f 76 61 6c 48 6f 
0000000100ee0050	73 74 00 74 6f 6f 6c 00 74 6f 6f 6c 49 6e 70 75 
0000000100ee0060	74 00 00 00 00 00 00 00 00 00 00 00 00 00 00 00 
0000000100ee0070	70 65 72 6d 69 73 73 69 6f 6e 53 75 67 67 65 73 
0000000100ee0080	74 69 6f 6e 73 00 00 00 00 00 00 00 00 00 00 00 
0000000100ee0090	71 6f 64 65 72 49 6e 74 65 72 61 63 74 69 6f 6e 
0000000100ee00a0	50 68 61 73 65 00 00 00 00 00 00 00 00 00 00 00 
0000000100ee00b0	71 6f 64 65 72 52 65 71 75 65 73 74 65 64 53 63 
0000000100ee00c0	68 65 6d 61 00 72 6f 75 74 65 64 41 74 00 73 65 
0000000100ee00d0	73 73 69 6f 6e 49 64 00 71 75 65 75 65 45 6d 70 
0000000100ee00e0	74 79 00 00 00 00 00 00 00 00 00 00 00 00 00 00 
0000000100ee00f0	72 65 6d 6f 76 65 64 54 6f 6f 6c 55 73 65 49 64 
0000000100ee0100	73 00 49 44 00 65 70 6f 63 68 00 69 73 43 6c 6f 
0000000100ee0110	73 69 6e 67 00 72 6f 6f 74 53 65 73 73 69 6f 6e 
0000000100ee0120	49 44 00 63 68 69 6c 64 49 44 00 00 00 00 00 00 
0000000100ee0130	73 65 73 73 69 6f 6e 49 64 00 62 75 6e 64 6c 65 
0000000100ee0140	49 64 00 63 77 64 00 63 6c 69 53 65 73 73 69 6f 
0000000100ee0150	6e 49 64 00 70 69 64 00 74 74 79 00 63 75 73 74 
0000000100ee0160	6f 6d 4a 75 6d 70 55 52 4c 00 70 61 73 65 6f 41 
0000000100ee0170	67 65 6e 74 49 64 00 00 00 00 00 00 00 00 00 00 
0000000100ee0180	69 73 47 68 6f 73 74 74 79 46 61 6d 69 6c 79 48 
0000000100ee0190	6f 73 74 00 00 00 00 00 00 00 00 00 00 00 00 00 
0000000100ee01a0	73 75 70 70 6f 72 74 73 47 68 6f 73 74 74 79 50 
0000000100ee01b0	72 69 76 61 74 65 46 6f 63 75 73 00 69 73 49 44 
0000000100ee01c0	45 48 6f 73 74 00 70 61 72 65 6e 74 49 64 00 00 
0000000100ee01d0	69 6e 66 65 72 72 65 64 50 61 72 65 6e 74 49 64 
0000000100ee01e0	00 00 00 00 00 00 00 00 00 00 00 00 00 00 00 00 
0000000100ee01f0	6f 70 65 6e 43 6f 64 65 50 61 72 65 6e 74 49 44 
0000000100ee0200	00 63 6f 64 65 78 54 68 72 65 61 64 49 64 00 69 
0000000100ee0210	73 53 53 48 52 65 6d 6f 74 65 00 00 00 00 00 00 
0000000100ee0220	73 73 68 4c 6f 63 61 6c 42 75 6e 64 6c 65 49 64 
0000000100ee0230	65 6e 74 69 66 69 65 72 00 69 73 49 6e 54 6d 75 
0000000100ee0240	78 00 74 6d 75 78 50 61 6e 65 00 74 6d 75 78 53 
0000000100ee0250	6f 63 6b 65 74 50 61 74 68 00 00 00 00 00 00 00 
0000000100ee0260	7a 65 6c 6c 69 6a 53 65 73 73 69 6f 6e 4e 61 6d 
0000000100ee0270	65 00 7a 65 6c 6c 69 6a 50 61 6e 65 49 64 00 69 
0000000100ee0280	73 49 6e 48 65 72 64 72 00 68 65 72 64 72 50 61 
0000000100ee0290	6e 65 49 64 00 68 65 72 64 72 54 61 62 49 64 00 
0000000100ee02a0	68 65 72 64 72 53 6f 63 6b 65 74 50 61 74 68 00 
0000000100ee02b0	69 74 65 72 6d 53 65 73 73 69 6f 6e 49 64 00 63 
0000000100ee02c0	6d 75 78 57 6f 72 6b 73 70 61 63 65 49 64 00 63 
0000000100ee02d0	6d 75 78 53 75 72 66 61 63 65 49 64 00 63 6d 75 
0000000100ee02e0	78 53 6f 63 6b 65 74 50 61 74 68 00 00 00 00 00 
0000000100ee02f0	74 65 72 6d 69 6e 61 6c 46 6f 63 75 73 49 64 65 
0000000100ee0300	6e 74 69 74 79 00 77 61 72 70 50 61 6e 65 55 55 
0000000100ee0310	49 44 00 77 61 72 70 46 6f 63 75 73 55 52 4c 00 
0000000100ee0320	6b 69 74 74 79 57 69 6e 64 6f 77 49 64 00 6b 69 
0000000100ee0330	74 74 79 4c 69 73 74 65 6e 4f 6e 00 77 65 7a 74 
0000000100ee0340	65 72 6d 53 6f 63 6b 65 74 00 77 65 7a 74 65 72 
0000000100ee0350	6d 50 61 6e 65 00 77 65 7a 74 65 72 6d 57 69 6e 
0000000100ee0360	64 6f 77 49 64 00 6f 74 74 79 53 6f 63 6b 65 74 
0000000100ee0370	00 6f 74 74 79 50 61 6e 65 49 64 00 69 64 65 57 
0000000100ee0380	69 6e 64 6f 77 49 64 00 69 64 00 6f 77 6e 73 48 
0000000100ee0390	6f 73 74 47 72 61 70 68 00 70 6c 61 6e 00 72 65 
0000000100ee03a0	73 6f 6c 76 65 72 50 61 74 68 00 00 00 00 00 00 
0000000100ee03b0	63 6c 69 65 6e 74 73 00 63 6d 75 78 53 75 72 66 
0000000100ee03c0	61 63 65 00 00 00 00 00 00 00 00 00 00 00 00 00 
0000000100ee03d0	73 75 70 70 6f 72 74 73 47 68 6f 73 74 74 79 50 
0000000100ee03e0	72 69 76 61 74 65 46 6f 63 75 73 00 69 64 00 6f 
0000000100ee03f0	77 6e 73 48 6f 73 74 47 72 61 70 68 00 62 75 6e 
0000000100ee0400	64 6c 65 49 64 00 00 00 00 00 00 00 00 00 00 00 
0000000100ee0410	52 61 77 56 61 6c 75 65 00 63 75 73 74 6f 6d 55 
0000000100ee0420	52 4c 53 63 68 65 6d 65 00 00 00 00 00 00 00 00 
0000000100ee0430	63 6f 6e 64 75 63 74 6f 72 46 6f 63 75 73 43 68 
0000000100ee0440	61 74 00 70 61 73 65 6f 4f 70 65 6e 41 67 65 6e 
0000000100ee0450	74 00 74 6d 75 78 53 65 6c 65 63 74 50 61 6e 65 
0000000100ee0460	00 7a 65 6c 6c 69 6a 46 6f 63 75 73 50 61 6e 65 
0000000100ee0470	00 00 00 00 00 00 00 00 00 00 00 00 00 00 00 00 
0000000100ee0480	63 6d 75 78 53 65 6c 65 63 74 57 6f 72 6b 73 70 
0000000100ee0490	61 63 65 00 00 00 00 00 00 00 00 00 00 00 00 00 
0000000100ee04a0	63 6d 75 78 46 6f 63 75 73 53 75 72 66 61 63 65 
0000000100ee04b0	00 00 00 00 00 00 00 00 00 00 00 00 00 00 00 00 
0000000100ee04c0	73 75 70 61 63 6f 64 65 46 6f 63 75 73 54 61 62 
0000000100ee04d0	00 00 00 00 00 00 00 00 00 00 00 00 00 00 00 00 
0000000100ee04e0	73 75 70 61 63 6f 64 65 46 6f 63 75 73 53 75 72 
0000000100ee04f0	66 61 63 65 00 00 00 00 00 00 00 00 00 00 00 00 
0000000100ee0500	6f 72 63 61 46 6f 63 75 73 54 65 72 6d 69 6e 61 
0000000100ee0510	6c 00 00 00 00 00 00 00 00 00 00 00 00 00 00 00 
0000000100ee0520	73 75 70 65 72 73 65 74 46 6f 63 75 73 54 65 72 
0000000100ee0530	6d 69 6e 61 6c 00 00 00 00 00 00 00 00 00 00 00 
0000000100ee0540	67 68 6f 73 74 74 79 46 6f 63 75 73 42 79 54 69 
0000000100ee0550	74 6c 65 00 00 00 00 00 00 00 00 00 00 00 00 00 
0000000100ee0560	77 61 72 70 46 6f 63 75 73 53 65 73 73 69 6f 6e 
0000000100ee0570	00 00 00 00 00 00 00 00 00 00 00 00 00 00 00 00 
0000000100ee0580	69 74 65 72 6d 41 63 74 69 76 61 74 65 53 65 73 
0000000100ee0590	73 69 6f 6e 00 00 00 00 00 00 00 00 00 00 00 00 
0000000100ee05a0	69 74 65 72 6d 41 63 74 69 76 61 74 65 54 6d 75 
0000000100ee05b0	78 53 65 73 73 69 6f 6e 00 00 00 00 00 00 00 00 
0000000100ee05c0	74 65 72 6d 69 6e 61 6c 41 70 70 41 63 74 69 76 
0000000100ee05d0	61 74 65 42 79 54 74 79 00 00 00 00 00 00 00 00 
0000000100ee05e0	67 68 6f 73 74 74 79 46 6f 63 75 73 42 79 54 69 
0000000100ee05f0	74 6c 65 52 65 74 72 79 69 6e 67 00 00 00 00 00 
0000000100ee0600	77 61 72 70 41 63 74 69 76 61 74 65 53 74 72 6f 
0000000100ee0610	6e 67 00 00 00 00 00 00 00 00 00 00 00 00 00 00 
0000000100ee0620	6b 69 74 74 79 46 6f 63 75 73 57 69 6e 64 6f 77 
0000000100ee0630	00 00 00 00 00 00 00 00 00 00 00 00 00 00 00 00 
0000000100ee0640	77 65 7a 74 65 72 6d 41 63 74 69 76 61 74 65 50 
0000000100ee0650	61 6e 65 00 00 00 00 00 00 00 00 00 00 00 00 00 
0000000100ee0660	77 65 7a 74 65 72 6d 52 61 69 73 65 57 69 6e 64 
0000000100ee0670	6f 77 00 00 00 00 00 00 00 00 00 00 00 00 00 00 
0000000100ee0680	6f 74 74 79 46 6f 63 75 73 42 65 73 74 45 66 66 
0000000100ee0690	6f 72 74 00 7a 65 64 4f 70 65 6e 50 72 6f 6a 65 
0000000100ee06a0	63 74 00 69 64 65 46 6f 63 75 73 57 69 6e 64 6f 
0000000100ee06b0	77 00 63 6f 64 65 78 54 68 72 65 61 64 00 61 63 
0000000100ee06c0	74 69 76 61 74 65 41 70 70 00 00 00 00 00 00 00 
0000000100ee06d0	73 73 68 4e 6f 4c 6f 63 61 6c 41 74 74 61 63 68 
0000000100ee06e0	00 00 00 00 00 00 00 00 00 00 00 00 00 00 00 00 
0000000100ee06f0	63 6f 6e 74 61 69 6e 65 72 44 65 74 61 63 68 65 
0000000100ee0700	64 00 00 00 00 00 00 00 00 00 00 00 00 00 00 00 
0000000100ee0710	74 6d 75 78 4e 6f 41 74 74 61 63 68 65 64 43 6c 
0000000100ee0720	69 65 6e 74 00 74 6d 75 78 50 61 6e 65 47 6f 6e 
0000000100ee0730	65 00 70 61 72 65 6e 74 4d 69 73 73 69 6e 67 00 
0000000100ee0740	6e 6f 43 6c 75 65 73 00 73 74 65 70 73 00 6e 6f 
0000000100ee0750	4c 6f 63 61 6c 48 61 6e 64 6c 65 00 61 74 74 61 
0000000100ee0760	63 68 65 64 00 66 61 69 6c 65 64 00 00 00 00 00 
0000000100ee0770	6e 6f 41 74 74 61 63 68 65 64 43 6c 69 65 6e 74 
0000000100ee0780	00 00 00 00 00 00 00 00 00 00 00 00 00 00 00 00 
0000000100ee0790	68 65 72 64 72 50 61 6e 65 00 00 00 00 00 00 00 
0000000100ee07a0	74 6d 75 78 41 74 74 61 63 68 65 64 48 6f 73 74 
0000000100ee07b0	00 7a 65 64 50 72 6f 6a 65 63 74 00 00 00 00 00 
0000000100ee07c0	61 63 74 69 76 61 74 65 41 70 70 46 61 6c 6c 62 
0000000100ee07d0	61 63 6b 00 00 00 00 00 00 00 00 00 00 00 00 00 
0000000100ee07e0	74 6d 75 78 54 68 65 6e 43 6d 75 78 53 75 72 66 
0000000100ee07f0	61 63 65 00 69 74 65 72 6d 53 65 73 73 69 6f 6e 
0000000100ee0800	00 00 00 00 00 00 00 00 00 00 00 00 00 00 00 00 
0000000100ee0810	74 65 72 6d 69 6e 61 6c 41 70 70 42 79 54 74 79 
0000000100ee0820	00 00 00 00 00 00 00 00 00 00 00 00 00 00 00 00 
0000000100ee0830	63 6d 75 78 44 69 72 65 63 74 53 6f 63 6b 65 74 
0000000100ee0840	00 00 00 00 00 00 00 00 00 00 00 00 00 00 00 00 
0000000100ee0850	63 6f 6e 64 75 63 74 6f 72 57 6f 72 6b 73 70 61 
0000000100ee0860	63 65 43 68 61 74 00 69 64 65 57 69 6e 64 6f 77 
0000000100ee0870	00 6e 6f 4f 70 00 61 63 74 69 76 61 74 65 41 70 
0000000100ee0880	70 00 68 6f 73 74 4d 61 6e 61 67 65 64 00 62 65 
0000000100ee0890	66 6f 72 65 52 6f 75 74 65 00 61 66 74 65 72 52 
0000000100ee08a0	6f 75 74 65 00 73 75 72 66 61 63 65 00 72 65 64 
0000000100ee08b0	69 72 65 63 74 00 6e 6f 4c 6f 63 61 6c 48 61 6e 
0000000100ee08c0	64 6c 65 00 6c 6f 6f 6b 75 70 53 65 73 73 69 6f 
0000000100ee08d0	6e 00 69 64 00 69 64 00 69 64 00 69 64 00 69 64 
0000000100ee08e0	00 00 00 00 00 00 00 00 00 00 00 00 00 00 00 00 
0000000100ee08f0	69 64 00 70 72 6f 62 65 43 6c 69 65 6e 74 73 00 
0000000100ee0900	70 72 6f 62 65 43 6d 75 78 53 75 72 66 61 63 65 
0000000100ee0910	00 00 00 00 00 00 00 00 00 00 00 00 00 00 00 00 
0000000100ee0920	73 75 70 70 6f 72 74 73 47 68 6f 73 74 74 79 50 
0000000100ee0930	72 69 76 61 74 65 46 6f 63 75 73 00 69 64 00 69 
0000000100ee0940	64 00 73 63 68 65 6d 61 56 65 72 73 69 6f 6e 00 
0000000100ee0950	6c 69 63 65 6e 73 65 4b 65 79 00 69 6e 73 74 61 
0000000100ee0960	6e 63 65 49 64 00 6c 61 73 74 56 61 6c 69 64 61 
0000000100ee0970	74 65 64 00 73 74 6f 72 65 64 4c 65 61 73 65 00 
0000000100ee0980	6d 65 74 61 64 61 74 61 00 75 70 64 61 74 65 64 
0000000100ee0990	41 74 00 64 65 61 63 74 69 76 61 74 65 64 41 74 
0000000100ee09a0	00 6c 69 63 65 6e 73 65 4b 65 79 49 64 00 63 72 
0000000100ee09b0	65 61 74 65 64 41 74 00 76 61 72 69 61 6e 74 4e 
0000000100ee09c0	61 6d 65 00 63 75 73 74 6f 6d 65 72 45 6d 61 69 
0000000100ee09d0	6c 00 72 65 63 6f 72 64 00 61 62 73 65 6e 74 00 
0000000100ee09e0	63 6f 72 72 75 70 74 00 69 6e 61 63 63 65 73 73 
0000000100ee09f0	69 62 6c 65 00 00 00 00 00 00 00 00 00 00 00 00 
0000000100ee0a00	61 63 74 69 76 61 74 69 6f 6e 4c 69 6d 69 74 00 
0000000100ee0a10	61 63 74 69 76 61 74 69 6f 6e 55 73 61 67 65 00 
0000000100ee0a20	69 6e 73 74 61 6e 63 65 73 00 69 64 00 6e 61 6d 
0000000100ee0a30	65 00 64 69 73 70 6c 61 79 4e 61 6d 65 00 63 72 
0000000100ee0a40	65 61 74 65 64 41 74 00 00 00 00 00 00 00 00 00 
0000000100ee0a50	66 69 72 73 74 41 63 74 69 76 61 74 65 64 41 74 
0000000100ee0a60	00 49 44 00 00 00 00 00 00 00 00 00 00 00 00 00 
0000000100ee0a70	6c 65 61 73 65 56 65 72 73 69 6f 6e 00 6b 65 79 
0000000100ee0a80	49 64 00 69 6e 73 74 61 6e 63 65 49 64 00 6b 65 
0000000100ee0a90	79 48 61 73 68 00 6d 61 63 68 69 6e 65 48 61 73 
0000000100ee0aa0	68 00 6c 69 63 65 6e 73 65 4b 65 79 49 64 00 73 
0000000100ee0ab0	74 61 74 75 73 00 61 63 74 69 76 61 74 69 6f 6e 
0000000100ee0ac0	4c 69 6d 69 74 00 61 63 74 69 76 61 74 69 6f 6e 
0000000100ee0ad0	55 73 61 67 65 00 73 74 6f 72 65 49 64 00 70 72 
0000000100ee0ae0	6f 64 75 63 74 49 64 00 69 73 73 75 65 64 41 74 
0000000100ee0af0	00 00 00 00 00 00 00 00 00 00 00 00 00 00 00 00 
0000000100ee0b00	6f 66 66 6c 69 6e 65 56 61 6c 69 64 55 6e 74 69 
0000000100ee0b10	6c 00 63 72 65 61 74 65 64 41 74 00 76 61 72 69 
0000000100ee0b20	61 6e 74 4e 61 6d 65 00 63 75 73 74 6f 6d 65 72 
0000000100ee0b30	45 6d 61 69 6c 00 73 69 67 6e 61 74 75 72 65 00 
0000000100ee0b40	6c 65 61 73 65 00 73 61 76 65 64 41 74 00 00 00 
0000000100ee0b50	6c 61 73 74 53 65 65 6e 4c 6f 63 61 6c 54 69 6d 
0000000100ee0b60	65 00 6c 61 73 74 53 65 65 6e 55 70 74 69 6d 65 
0000000100ee0b70	00 00 00 00 00 00 00 00 00 00 00 00 00 00 00 00 
0000000100ee0b80	5f 73 74 61 74 65 00 5f 69 73 41 63 74 69 76 61 
0000000100ee0b90	74 69 6e 67 00 5f 6c 61 73 74 45 72 72 6f 72 00 
0000000100ee0ba0	5f 61 63 74 69 76 61 74 65 64 57 69 74 68 41 75 
0000000100ee0bb0	74 6f 43 6c 65 61 6e 75 70 00 00 00 00 00 00 00 
0000000100ee0bc0	5f 69 6e 74 65 67 72 69 74 79 4e 65 65 64 73 52 
0000000100ee0bd0	65 69 6e 73 74 61 6c 6c 00 00 00 00 00 00 00 00 
0000000100ee0be0	5f 69 6e 74 65 67 72 69 74 79 4e 75 64 67 65 44 
0000000100ee0bf0	69 73 6d 69 73 73 65 64 00 00 00 00 00 00 00 00 
0000000100ee0c00	5f 61 63 74 69 76 61 74 69 6f 6e 4c 69 6d 69 74 
0000000100ee0c10	48 69 74 00 70 72 6f 76 69 64 65 72 00 00 00 00 
0000000100ee0c20	5f 72 75 6e 74 69 6d 65 43 68 65 63 6b 54 69 6d 
0000000100ee0c30	65 72 00 69 73 6f 38 36 30 31 00 69 73 6f 38 36 
0000000100ee0c40	30 31 46 61 6c 6c 62 61 63 6b 00 00 00 00 00 00 
0000000100ee0c50	5f 76 61 6c 69 64 61 74 69 6f 6e 47 65 6e 65 72 
0000000100ee0c60	61 74 69 6f 6e 00 00 00 00 00 00 00 00 00 00 00 
0000000100ee0c70	5f 61 63 74 69 76 65 4c 69 63 65 6e 73 65 4c 65 
0000000100ee0c80	61 73 65 00 00 00 00 00 00 00 00 00 00 00 00 00 
0000000100ee0c90	5f 61 63 74 69 76 65 54 72 69 61 6c 4c 65 61 73 
0000000100ee0ca0	65 00 00 00 00 00 00 00 00 00 00 00 00 00 00 00 
0000000100ee0cb0	6c 61 73 74 4c 65 61 73 65 52 65 6a 65 63 74 52 
0000000100ee0cc0	65 61 73 6f 6e 00 00 00 00 00 00 00 00 00 00 00 
0000000100ee0cd0	63 61 63 68 65 64 43 72 65 64 65 6e 74 69 61 6c 
0000000100ee0ce0	00 00 00 00 00 00 00 00 00 00 00 00 00 00 00 00 
0000000100ee0cf0	63 72 65 64 65 6e 74 69 61 6c 4c 6f 61 64 65 64 
0000000100ee0d00	00 00 00 00 00 00 00 00 00 00 00 00 00 00 00 00 
0000000100ee0d10	6c 61 73 74 52 65 70 6f 72 74 65 64 45 6e 74 69 
0000000100ee0d20	74 6c 65 6d 65 6e 74 41 6e 6f 6d 61 6c 79 00 00 
0000000100ee0d30	5f 69 73 56 61 6c 69 64 61 74 69 6e 67 4c 69 63 
0000000100ee0d40	65 6e 73 65 00 00 00 00 00 00 00 00 00 00 00 00 
0000000100ee0d50	5f 69 73 52 65 73 6f 6c 76 69 6e 67 54 72 69 61 
0000000100ee0d60	6c 00 00 00 00 00 00 00 00 00 00 00 00 00 00 00 
0000000100ee0d70	5f 64 65 76 69 63 65 4c 69 73 74 50 68 61 73 65 
0000000100ee0d80	00 00 00 00 00 00 00 00 00 00 00 00 00 00 00 00 
0000000100ee0d90	5f 63 61 63 68 65 64 53 65 61 74 55 73 61 67 65 
0000000100ee0da0	00 00 00 00 00 00 00 00 00 00 00 00 00 00 00 00 
0000000100ee0db0	5f 64 65 76 69 63 65 4c 69 73 74 47 65 6e 65 72 
0000000100ee0dc0	61 74 69 6f 6e 00 00 00 00 00 00 00 00 00 00 00 
0000000100ee0dd0	5f 24 6f 62 73 65 72 76 61 74 69 6f 6e 52 65 67 
0000000100ee0de0	69 73 74 72 61 72 00 6e 6f 74 53 74 61 72 74 65 
0000000100ee0df0	64 00 74 72 69 61 6c 00 65 78 70 69 72 65 64 00 
0000000100ee0e00	6c 69 63 65 6e 73 65 64 00 69 6e 76 61 6c 69 64 
0000000100ee0e10	00 75 73 61 67 65 00 6c 69 6d 69 74 00 69 6e 74 
0000000100ee0e20	65 67 72 69 74 79 46 61 69 6c 65 64 00 00 00 00 
0000000100ee0e30	6c 69 63 65 6e 73 65 64 53 74 61 74 65 57 69 74 
0000000100ee0e40	68 6f 75 74 4c 65 61 73 65 00 00 00 00 00 00 00 
0000000100ee0e50	74 72 69 61 6c 53 74 61 74 65 57 69 74 68 6f 75 
0000000100ee0e60	74 42 61 73 69 73 00 00 00 00 00 00 00 00 00 00 
0000000100ee0e70	6c 6f 63 6b 65 64 53 74 61 74 65 57 69 74 68 45 
0000000100ee0e80	6e 74 69 74 6c 65 6d 65 6e 74 00 6c 6f 61 64 65 
0000000100ee0e90	64 00 69 64 6c 65 00 6c 6f 61 64 69 6e 67 00 66 
0000000100ee0ea0	61 69 6c 65 64 00 52 61 77 56 61 6c 75 65 00 00 
0000000100ee0eb0	76 69 65 77 41 64 64 69 74 69 6f 6e 61 6c 53 65 
0000000100ee0ec0	73 73 69 6f 6e 73 00 6a 75 6d 70 00 61 70 70 72 
0000000100ee0ed0	6f 76 61 6c 55 49 00 71 75 65 73 74 69 6f 6e 55 
0000000100ee0ee0	49 00 61 63 74 69 6f 6e 53 68 6f 72 74 63 75 74 
0000000100ee0ef0	73 00 75 72 6c 00 6d 6f 64 65 00 72 6f 75 74 65 
0000000100ee0f00	00 00 00 00 00 00 00 00 00 00 00 00 00 00 00 00 
0000000100ee0f10	73 79 73 74 65 6d 50 72 65 66 65 72 72 65 64 4c 
0000000100ee0f20	6f 63 61 6c 65 00 00 00 00 00 00 00 00 00 00 00 
0000000100ee0f30	77 6f 72 6b 65 72 52 65 71 75 65 73 74 65 64 4c 
0000000100ee0f40	6f 63 61 6c 65 00 00 00 00 00 00 00 00 00 00 00 
0000000100ee0f50	77 6f 72 6b 65 72 52 65 73 6f 6c 76 65 64 4c 6f 
0000000100ee0f60	63 61 6c 65 00 77 6f 72 6b 65 72 4c 53 4c 6f 63 
0000000100ee0f70	61 6c 65 00 00 00 00 00 00 00 00 00 00 00 00 00 
0000000100ee0f80	77 6f 72 6b 65 72 4c 6f 63 61 6c 65 53 6f 75 72 
0000000100ee0f90	63 65 00 00 00 00 00 00 00 00 00 00 00 00 00 00 
0000000100ee0fa0	77 6f 72 6b 65 72 43 6f 75 6e 74 72 79 43 6f 64 
0000000100ee0fb0	65 00 77 6f 72 6b 65 72 42 61 73 65 55 52 4c 00 
0000000100ee0fc0	73 69 67 6e 65 64 45 6e 76 65 6c 6f 70 65 4a 53 
0000000100ee0fd0	4f 4e 00 72 65 71 75 65 73 74 65 64 4c 6f 63 61 
0000000100ee0fe0	6c 65 00 72 65 73 6f 6c 76 65 64 4c 6f 63 61 6c 
0000000100ee0ff0	65 00 6c 73 4c 6f 63 61 6c 65 00 6c 6f 63 61 6c 
0000000100ee1000	65 53 6f 75 72 63 65 00 63 66 43 6f 75 6e 74 72 
0000000100ee1010	79 00 70 72 69 63 65 43 65 6e 74 73 00 70 72 69 
0000000100ee1020	63 65 44 69 73 70 6c 61 79 00 6c 6f 63 6b 65 64 
0000000100ee1030	41 74 00 76 61 6c 69 64 00 6c 69 63 65 6e 73 65 
0000000100ee1040	4b 65 79 00 6c 65 61 73 65 00 65 72 72 6f 72 00 
0000000100ee1050	69 64 00 73 74 61 74 75 73 00 6b 65 79 00 61 63 
0000000100ee1060	74 69 76 61 74 69 6f 6e 4c 69 6d 69 74 00 61 63 
0000000100ee1070	74 69 76 61 74 69 6f 6e 55 73 61 67 65 00 73 74 
0000000100ee1080	6f 72 65 49 64 00 70 72 6f 64 75 63 74 49 64 00 
0000000100ee1090	63 72 65 61 74 65 64 41 74 00 76 61 72 69 61 6e 
0000000100ee10a0	74 4e 61 6d 65 00 63 75 73 74 6f 6d 65 72 45 6d 
0000000100ee10b0	61 69 6c 00 61 70 70 56 65 72 73 69 6f 6e 00 70 
0000000100ee10c0	6c 61 74 66 6f 72 6d 00 62 75 6e 64 6c 65 49 64 
0000000100ee10d0	00 62 69 6e 61 72 79 00 69 6e 73 74 61 6e 63 65 
0000000100ee10e0	00 61 75 74 6f 43 6c 65 61 6e 65 64 00 6e 61 6d 
0000000100ee10f0	65 00 00 00 00 00 00 00 00 00 00 00 00 00 00 00 
0000000100ee1100	69 64 00 73 74 61 74 75 73 00 6b 65 79 00 61 63 
0000000100ee1110	74 69 76 61 74 69 6f 6e 4c 69 6d 69 74 00 61 63 
0000000100ee1120	74 69 76 61 74 69 6f 6e 55 73 61 67 65 00 63 72 
0000000100ee1130	65 61 74 65 64 41 74 00 65 78 70 69 72 65 73 41 
0000000100ee1140	74 00 73 74 6f 72 65 49 64 00 70 72 6f 64 75 63 
0000000100ee1150	74 49 64 00 76 61 72 69 61 6e 74 4e 61 6d 65 00 
0000000100ee1160	63 75 73 74 6f 6d 65 72 45 6d 61 69 6c 00 76 61 
0000000100ee1170	6c 69 64 00 65 72 72 6f 72 00 6c 69 63 65 6e 73 
0000000100ee1180	65 4b 65 79 00 6d 65 74 61 00 6c 65 61 73 65 00 
0000000100ee1190	73 65 72 76 65 72 45 72 72 6f 72 00 69 6e 76 61 
0000000100ee11a0	6c 69 64 55 52 4c 00 69 6e 76 61 6c 69 64 52 65 
0000000100ee11b0	73 70 6f 6e 73 65 00 64 65 61 63 74 69 76 61 74 
0000000100ee11c0	65 64 00 6f 6b 00 69 6e 73 74 61 6e 63 65 73 00 
0000000100ee11d0	6e 61 6d 65 00 61 63 74 69 76 61 74 65 64 00 69 
0000000100ee11e0	6e 73 74 61 6e 63 65 00 61 75 74 6f 43 6c 65 61 
0000000100ee11f0	6e 65 64 00 64 69 73 70 6c 61 79 4e 61 6d 65 00 
0000000100ee1200	66 69 72 73 74 41 63 74 69 76 61 74 65 64 41 74 
0000000100ee1210	00 00 00 00 00 00 00 00 00 00 00 00 00 00 00 00 
0000000100ee1220	69 6e 76 61 6c 69 64 4b 69 6e 64 00 00 00 00 00 
0000000100ee1230	69 6e 76 61 6c 69 64 53 69 67 6e 61 74 75 72 65 
0000000100ee1240	00 69 6e 76 61 6c 69 64 50 61 79 6c 6f 61 64 00 
0000000100ee1250	6b 69 6e 64 00 6b 65 79 49 64 00 70 61 79 6c 6f 
0000000100ee1260	61 64 4a 53 4f 4e 00 73 69 67 6e 61 74 75 72 65 
0000000100ee1270	00 52 61 77 56 61 6c 75 65 00 00 00 00 00 00 00 
0000000100ee1280	24 64 65 66 61 75 6c 74 41 63 74 6f 72 00 69 73 
0000000100ee1290	6f 38 36 30 31 00 6c 65 61 73 65 00 73 61 76 65 
0000000100ee12a0	64 41 74 00 00 00 00 00 00 00 00 00 00 00 00 00 
0000000100ee12b0	6c 61 73 74 53 65 65 6e 4c 6f 63 61 6c 54 69 6d 
0000000100ee12c0	65 00 6c 61 73 74 53 65 65 6e 55 70 74 69 6d 65 
0000000100ee12d0	00 6c 61 73 74 53 65 72 76 65 72 54 69 6d 65 00 
0000000100ee12e0	24 64 65 66 61 75 6c 74 41 63 74 6f 72 00 69 73 
0000000100ee12f0	6f 38 36 30 31 00 69 73 6f 38 36 30 31 46 61 6c 
0000000100ee1300	6c 62 61 63 6b 00 64 65 63 6f 64 65 72 00 65 6e 
0000000100ee1310	63 6f 64 65 72 00 6c 65 61 73 65 56 65 72 73 69 
0000000100ee1320	6f 6e 00 74 72 69 61 6c 49 64 00 73 75 62 6a 65 
0000000100ee1330	63 74 49 64 00 73 74 61 74 65 00 73 74 61 72 74 
0000000100ee1340	65 64 41 74 00 65 78 70 69 72 65 73 41 74 00 69 
0000000100ee1350	73 73 75 65 64 41 74 00 00 00 00 00 00 00 00 00 
0000000100ee1360	6f 66 66 6c 69 6e 65 56 61 6c 69 64 55 6e 74 69 
0000000100ee1370	6c 00 73 69 67 6e 61 74 75 72 65 00 6c 65 67 61 
0000000100ee1380	63 79 53 75 62 6a 65 63 74 49 64 00 73 75 62 6a 
0000000100ee1390	65 63 74 53 74 72 65 6e 67 74 68 00 73 75 62 6a 
0000000100ee13a0	65 63 74 53 6f 75 72 63 65 73 00 69 6e 74 65 67 
0000000100ee13b0	72 69 74 79 53 74 61 74 75 73 00 61 70 70 56 65 
0000000100ee13c0	72 73 69 6f 6e 00 70 6c 61 74 66 6f 72 6d 00 62 
0000000100ee13d0	75 6e 64 6c 65 49 64 00 00 00 00 00 00 00 00 00 
0000000100ee13e0	6c 65 67 61 63 79 44 69 73 74 69 6e 63 74 49 64 
0000000100ee13f0	00 00 00 00 00 00 00 00 00 00 00 00 00 00 00 00 
0000000100ee1400	63 6c 69 65 6e 74 50 72 6f 76 65 6e 61 6e 63 65 
0000000100ee1410	00 6f 6b 00 6c 65 61 73 65 00 73 65 72 76 65 72 
0000000100ee1420	54 69 6d 65 00 6d 69 67 72 61 74 69 6f 6e 53 6f 
0000000100ee1430	75 72 63 65 00 73 6f 75 72 63 65 00 00 00 00 00 
0000000100ee1440	73 68 6f 75 6c 64 52 65 63 6f 72 64 54 72 69 61 
0000000100ee1450	6c 53 74 61 72 74 65 64 00 6f 6b 00 63 68 65 63 
0000000100ee1460	6b 6f 75 74 55 52 4c 00 52 61 77 56 61 6c 75 65 
0000000100ee1470	00 24 64 65 66 61 75 6c 74 41 63 74 6f 72 00 63 
0000000100ee1480	61 63 68 65 64 42 69 6e 61 72 79 00 62 69 6e 61 
0000000100ee1490	72 79 52 65 73 6f 6c 76 65 64 00 70 72 6f 63 00 
0000000100ee14a0	6c 6f 63 6b 00 64 6f 6e 65 00 63 6f 6e 74 00 6f 
0000000100ee14b0	75 74 63 6f 6d 65 00 6d 73 00 74 69 74 6c 65 00 
0000000100ee14c0	72 61 74 65 4c 69 6d 69 74 65 64 00 65 6d 70 74 
0000000100ee14d0	79 00 00 00 00 00 00 00 00 00 00 00 00 00 00 00 
0000000100ee14e0	63 61 6e 63 65 6c 6c 61 62 6c 65 00 70 65 72 53 
0000000100ee14f0	65 73 73 69 6f 6e 00 6d 69 6e 52 65 66 72 65 73 
0000000100ee1500	68 47 61 70 00 67 6c 6f 62 61 6c 49 6e 46 6c 69 
0000000100ee1510	67 68 74 00 73 75 73 70 65 6e 64 55 6e 74 69 6c 
0000000100ee1520	00 00 00 00 00 00 00 00 00 00 00 00 00 00 00 00 
0000000100ee1530	63 6f 6e 73 65 63 75 74 69 76 65 45 6d 70 74 79 
0000000100ee1540	00 00 00 00 00 00 00 00 00 00 00 00 00 00 00 00 
0000000100ee1550	72 61 74 65 4c 69 6d 69 74 65 64 43 6f 6f 6c 64 
0000000100ee1560	6f 77 6e 00 65 6d 70 74 79 54 68 72 65 73 68 6f 
0000000100ee1570	6c 64 00 65 6d 70 74 79 43 6f 6f 6c 64 6f 77 6e 
0000000100ee1580	00 69 6e 46 6c 69 67 68 74 00 6c 61 73 74 46 69 
0000000100ee1590	72 65 64 41 74 00 6e 61 6d 65 64 41 63 74 69 76 
0000000100ee15a0	69 74 79 41 74 00 24 64 65 66 61 75 6c 74 41 63 
0000000100ee15b0	74 6f 72 00 6c 61 73 74 57 72 69 74 74 65 6e 00 
0000000100ee15c0	6e 63 50 69 64 00 69 73 57 61 74 63 68 69 6e 67 
0000000100ee15d0	00 6f 62 73 65 72 76 65 72 00 6f 62 73 65 72 76 
0000000100ee15e0	65 72 52 75 6e 4c 6f 6f 70 00 6c 61 75 6e 63 68 
0000000100ee15f0	4f 62 73 65 72 76 65 72 00 00 00 00 00 00 00 00 
0000000100ee1600	74 65 72 6d 69 6e 61 74 65 4f 62 73 65 72 76 65 
0000000100ee1610	72 00 00 00 00 00 00 00 00 00 00 00 00 00 00 00 
0000000100ee1620	73 6c 65 65 70 4f 62 73 65 72 76 65 72 54 6f 6b 
0000000100ee1630	65 6e 00 62 61 6e 6e 65 72 45 6c 65 6d 65 6e 74 
0000000100ee1640	73 00 72 65 63 65 6e 74 48 61 73 68 65 73 00 69 
0000000100ee1650	6e 66 6f 00 69 64 00 73 65 73 73 69 6f 6e 49 44 
0000000100ee1660	00 72 6f 6c 65 00 6d 6f 64 65 6c 49 44 00 63 6f 
0000000100ee1670	73 74 00 74 6f 6b 65 6e 73 00 74 69 6d 65 00 65 
0000000100ee1680	72 72 6f 72 00 70 61 72 74 00 6d 65 73 73 61 67 
0000000100ee1690	65 49 44 00 74 79 70 65 00 63 61 6c 6c 49 44 00 
0000000100ee16a0	74 6f 6f 6c 00 73 74 61 74 65 00 73 74 61 74 75 
0000000100ee16b0	73 00 69 6e 70 75 74 00 6f 75 74 70 75 74 00 74 
0000000100ee16c0	69 74 6c 65 00 72 65 71 75 65 73 74 49 44 00 72 
0000000100ee16d0	65 70 6c 79 00 70 65 72 6d 69 73 73 69 6f 6e 00 
0000000100ee16e0	70 61 74 74 65 72 6e 73 00 6d 65 74 61 64 61 74 
0000000100ee16f0	61 00 61 6c 77 61 79 73 00 63 72 65 61 74 65 64 
0000000100ee1700	00 75 70 64 61 74 65 64 00 61 72 63 68 69 76 65 
0000000100ee1710	64 00 64 69 72 65 63 74 6f 72 79 00 70 61 72 65 
0000000100ee1720	6e 74 49 44 00 61 74 74 65 6d 70 74 00 6d 65 73 
0000000100ee1730	73 61 67 65 00 6e 65 78 74 00 72 65 61 73 6f 6e 
0000000100ee1740	69 6e 67 00 63 61 63 68 65 00 63 6f 6d 70 6c 65 
0000000100ee1750	74 65 64 00 70 61 72 65 6e 74 49 64 00 70 61 72 
0000000100ee1760	65 6e 74 53 6e 61 6b 65 49 44 00 52 61 77 56 61 
0000000100ee1770	6c 75 65 00 72 65 61 64 00 77 72 69 74 65 00 70 
0000000100ee1780	6f 72 74 00 62 61 73 65 55 52 4c 00 64 69 72 65 
0000000100ee1790	63 74 6f 72 79 00 00 00 00 00 00 00 00 00 00 00 
0000000100ee17a0	61 63 74 69 76 65 43 6f 6e 6e 65 63 74 69 6f 6e 
0000000100ee17b0	73 00 00 00 00 00 00 00 00 00 00 00 00 00 00 00 
0000000100ee17c0	64 69 73 63 6f 76 65 72 65 64 53 65 72 76 65 72 
0000000100ee17d0	73 00 69 73 52 75 6e 6e 69 6e 67 00 72 65 63 6f 
0000000100ee17e0	6e 6e 65 63 74 44 65 6c 61 79 00 00 00 00 00 00 
0000000100ee17f0	61 75 74 68 42 6c 6f 63 6b 65 64 50 6f 72 74 73 
0000000100ee1800	00 00 00 00 00 00 00 00 00 00 00 00 00 00 00 00 
0000000100ee1810	72 65 64 69 73 63 6f 76 65 72 79 54 69 6d 65 72 
0000000100ee1820	00 00 00 00 00 00 00 00 00 00 00 00 00 00 00 00 
0000000100ee1830	63 6f 6e 73 65 63 75 74 69 76 65 44 69 73 63 6f 
0000000100ee1840	76 65 72 79 4d 69 73 73 65 73 00 00 00 00 00 00 
0000000100ee1850	68 65 61 72 74 62 65 61 74 54 69 6d 65 6f 75 74 
0000000100ee1860	00 00 00 00 00 00 00 00 00 00 00 00 00 00 00 00 
0000000100ee1870	6d 61 78 52 65 63 6f 6e 6e 65 63 74 44 65 6c 61 
0000000100ee1880	79 00 00 00 00 00 00 00 00 00 00 00 00 00 00 00 
0000000100ee1890	69 6e 69 74 69 61 6c 52 65 63 6f 6e 6e 65 63 74 
0000000100ee18a0	44 65 6c 61 79 00 00 00 00 00 00 00 00 00 00 00 
0000000100ee18b0	73 74 61 62 6c 65 43 6f 6e 6e 65 63 74 69 6f 6e 
0000000100ee18c0	44 75 72 61 74 69 6f 6e 00 00 00 00 00 00 00 00 
0000000100ee18d0	72 65 64 69 73 63 6f 76 65 72 79 42 61 73 65 49 
0000000100ee18e0	6e 74 65 72 76 61 6c 00 00 00 00 00 00 00 00 00 
0000000100ee18f0	72 65 64 69 73 63 6f 76 65 72 79 4d 61 78 49 6e 
0000000100ee1900	74 65 72 76 61 6c 00 00 00 00 00 00 00 00 00 00 
0000000100ee1910	61 75 74 68 6f 72 69 7a 61 74 69 6f 6e 52 65 71 
0000000100ee1920	75 69 72 65 64 00 00 00 00 00 00 00 00 00 00 00 
0000000100ee1930	24 64 65 66 61 75 6c 74 41 63 74 6f 72 00 74 72 
0000000100ee1940	61 6e 73 70 6f 72 74 00 72 65 74 72 79 44 65 6c 
0000000100ee1950	61 79 00 6d 61 74 63 68 41 74 74 65 6d 70 74 73 
0000000100ee1960	00 74 72 61 6e 73 70 6f 72 74 49 6e 55 73 65 00 
0000000100ee1970	74 72 61 6e 73 70 6f 72 74 57 61 69 74 65 72 73 
0000000100ee1980	00 00 00 00 00 00 00 00 00 00 00 00 00 00 00 00 
0000000100ee1990	64 61 65 6d 6f 6e 55 6e 61 76 61 69 6c 61 62 6c 
0000000100ee19a0	65 00 74 69 6d 65 6f 75 74 00 00 00 00 00 00 00 
0000000100ee19b0	69 6e 63 6f 6d 70 61 74 69 62 6c 65 50 72 6f 74 
0000000100ee19c0	6f 63 6f 6c 00 00 00 00 00 00 00 00 00 00 00 00 
0000000100ee19d0	72 65 73 70 6f 6e 73 65 52 65 6a 65 63 74 65 64 
0000000100ee19e0	00 6d 6f 64 65 52 65 6a 65 63 74 65 64 00 69 6e 
0000000100ee19f0	76 61 6c 69 64 52 65 73 70 6f 6e 73 65 00 73 65 
0000000100ee1a00	73 73 69 6f 6e 49 64 00 69 64 00 70 72 6f 76 69 
0000000100ee1a10	64 65 72 00 70 65 72 73 69 73 74 65 6e 63 65 00 
0000000100ee1a20	72 75 6e 74 69 6d 65 49 6e 66 6f 00 00 00 00 00 
0000000100ee1a30	70 65 6e 64 69 6e 67 50 65 72 6d 69 73 73 69 6f 
0000000100ee1a40	6e 73 00 63 6c 61 75 64 65 53 65 73 73 69 6f 6e 
0000000100ee1a50	49 44 00 74 6f 6f 6c 55 73 65 49 44 00 72 65 73 
0000000100ee1a60	6f 6c 75 74 69 6f 6e 00 6d 61 74 63 68 65 64 00 
0000000100ee1a70	73 65 73 73 69 6f 6e 4d 69 73 73 69 6e 67 00 00 
0000000100ee1a80	70 65 72 6d 69 73 73 69 6f 6e 4d 69 73 73 69 6e 
0000000100ee1a90	67 00 61 6d 62 69 67 75 6f 75 73 00 00 00 00 00 
0000000100ee1aa0	69 6e 63 6f 6d 70 61 74 69 62 6c 65 4d 65 74 61 
0000000100ee1ab0	64 61 74 61 00 61 67 65 6e 74 49 44 00 70 65 72 
0000000100ee1ac0	6d 69 73 73 69 6f 6e 49 44 00 70 65 72 6d 69 73 
0000000100ee1ad0	73 69 6f 6e 4b 69 6e 64 00 61 63 74 69 6f 6e 49 
0000000100ee1ae0	44 73 00 73 79 6e 63 65 64 00 61 6c 72 65 61 64 
0000000100ee1af0	79 52 65 73 6f 6c 76 65 64 00 66 61 69 6c 65 64 
0000000100ee1b00	00 61 6c 6c 6f 77 00 64 65 6e 79 00 6b 69 6e 64 
0000000100ee1b10	00 61 63 74 69 6f 6e 73 00 6d 65 74 61 64 61 74 
0000000100ee1b20	61 00 6d 69 73 73 69 6e 67 49 64 65 6e 74 69 74 
0000000100ee1b30	79 00 00 00 00 00 00 00 00 00 00 00 00 00 00 00 
0000000100ee1b40	61 6d 62 69 67 75 6f 75 73 49 64 65 6e 74 69 74 
0000000100ee1b50	79 00 52 61 77 56 61 6c 75 65 00 24 64 65 66 61 
0000000100ee1b60	75 6c 74 41 63 74 6f 72 00 65 6e 64 70 6f 69 6e 
0000000100ee1b70	74 00 72 65 73 70 6f 6e 73 65 54 69 6d 65 6f 75 
0000000100ee1b80	74 00 75 72 6c 53 65 73 73 69 6f 6e 00 77 65 62 
0000000100ee1b90	53 6f 63 6b 65 74 00 72 65 71 75 65 73 74 49 64 
0000000100ee1ba0	00 61 67 65 6e 74 49 64 00 61 63 63 65 70 74 65 
0000000100ee1bb0	64 00 61 67 65 6e 74 49 44 00 70 65 72 6d 69 73 
0000000100ee1bc0	73 69 6f 6e 49 44 00 73 74 61 74 75 73 00 65 6e 
0000000100ee1bd0	74 72 69 65 73 00 70 61 67 65 49 6e 66 6f 00 61 
0000000100ee1be0	67 65 6e 74 00 6e 65 78 74 43 75 72 73 6f 72 00 
0000000100ee1bf0	68 61 73 4d 6f 72 65 00 76 65 72 73 69 6f 6e 00 
0000000100ee1c00	72 65 73 70 6f 6e 73 65 00 72 65 73 6f 6c 76 65 
0000000100ee1c10	64 00 72 65 6a 65 63 74 65 64 00 00 00 00 00 00 
0000000100ee1c20	24 64 65 66 61 75 6c 74 41 63 74 6f 72 00 74 72 
0000000100ee1c30	61 6e 73 70 6f 72 74 00 00 00 00 00 00 00 00 00 
0000000100ee1c40	70 72 65 66 65 72 65 6e 63 65 73 50 72 6f 76 69 
0000000100ee1c50	64 65 72 00 00 00 00 00 00 00 00 00 00 00 00 00 
0000000100ee1c60	64 65 76 69 63 65 4b 65 79 50 72 6f 76 69 64 65 
0000000100ee1c70	72 00 00 00 00 00 00 00 00 00 00 00 00 00 00 00 
0000000100ee1c80	65 6e 63 72 79 70 74 69 6f 6e 50 72 6f 76 69 64 
0000000100ee1c90	65 72 00 00 00 00 00 00 00 00 00 00 00 00 00 00 
0000000100ee1ca0	70 72 65 73 65 6e 63 65 50 72 6f 76 69 64 65 72 
0000000100ee1cb0	00 64 65 6c 69 76 65 72 65 64 41 74 00 64 65 6c 
0000000100ee1cc0	69 76 65 72 65 64 53 6c 6f 74 73 00 00 00 00 00 
0000000100ee1cd0	69 6e 46 6c 69 67 68 74 45 76 65 6e 74 49 44 73 
0000000100ee1ce0	00 73 6c 6f 74 54 61 69 6c 73 00 00 00 00 00 00 
0000000100ee1cf0	6e 65 78 74 53 6c 6f 74 47 65 6e 65 72 61 74 69 
0000000100ee1d00	6f 6e 00 00 00 00 00 00 00 00 00 00 00 00 00 00 
0000000100ee1d10	64 65 64 75 70 6c 69 63 61 74 69 6f 6e 4c 69 6d 
0000000100ee1d20	69 74 00 65 6e 64 70 6f 69 6e 74 00 64 65 76 69 
0000000100ee1d30	63 65 4b 65 79 00 63 6f 6e 66 69 67 75 72 61 74 
0000000100ee1d40	69 6f 6e 00 73 65 6e 74 41 74 00 67 65 6e 65 72 
0000000100ee1d50	61 74 69 6f 6e 00 74 61 73 6b 00 00 00 00 00 00 
0000000100ee1d60	69 6e 76 61 6c 69 64 53 65 72 76 65 72 55 52 4c 
0000000100ee1d70	00 00 00 00 00 00 00 00 00 00 00 00 00 00 00 00 
0000000100ee1d80	6d 69 73 73 69 6e 67 44 65 76 69 63 65 4b 65 79 
0000000100ee1d90	00 72 65 6a 65 63 74 65 64 00 63 6f 64 65 00 74 
0000000100ee1da0	69 74 6c 65 00 62 6f 64 79 00 67 72 6f 75 70 00 
0000000100ee1db0	6c 65 76 65 6c 00 69 64 00 74 74 6c 00 61 63 74 
0000000100ee1dc0	69 6f 6e 00 69 63 6f 6e 00 63 69 70 68 65 72 74 
0000000100ee1dd0	65 78 74 00 69 76 00 64 65 6c 65 74 65 00 73 65 
0000000100ee1de0	6e 64 00 63 6c 65 61 72 00 52 61 77 56 61 6c 75 
0000000100ee1df0	65 00 00 00 00 00 00 00 00 00 00 00 00 00 00 00 
0000000100ee1e00	6b 65 79 00 73 65 74 75 70 49 56 00 00 00 00 00 
0000000100ee1e10	69 6e 76 61 6c 69 64 43 6f 6e 66 69 67 75 72 61 
0000000100ee1e20	74 69 6f 6e 00 00 00 00 00 00 00 00 00 00 00 00 
0000000100ee1e30	72 61 6e 64 6f 6d 47 65 6e 65 72 61 74 69 6f 6e 
0000000100ee1e40	46 61 69 6c 65 64 00 00 00 00 00 00 00 00 00 00 
0000000100ee1e50	65 6e 63 72 79 70 74 69 6f 6e 46 61 69 6c 65 64 
0000000100ee1e60	00 00 00 00 00 00 00 00 00 00 00 00 00 00 00 00 
0000000100ee1e70	64 65 66 61 75 6c 74 73 00 5f 69 73 45 6e 61 62 
0000000100ee1e80	6c 65 64 00 5f 73 65 72 76 65 72 55 52 4c 00 00 
0000000100ee1e90	5f 61 70 70 72 6f 76 61 6c 45 6e 61 62 6c 65 64 
0000000100ee1ea0	00 00 00 00 00 00 00 00 00 00 00 00 00 00 00 00 
0000000100ee1eb0	5f 71 75 65 73 74 69 6f 6e 45 6e 61 62 6c 65 64 
0000000100ee1ec0	00 00 00 00 00 00 00 00 00 00 00 00 00 00 00 00 
0000000100ee1ed0	5f 63 6f 6d 70 6c 65 74 69 6f 6e 45 6e 61 62 6c 
0000000100ee1ee0	65 64 00 5f 77 61 72 6e 69 6e 67 45 6e 61 62 6c 
0000000100ee1ef0	65 64 00 5f 64 65 6c 69 76 65 72 79 4d 6f 64 65 
0000000100ee1f00	00 00 00 00 00 00 00 00 00 00 00 00 00 00 00 00 
0000000100ee1f10	5f 69 73 45 6e 63 72 79 70 74 69 6f 6e 45 6e 61 
0000000100ee1f20	62 6c 65 64 00 00 00 00 00 00 00 00 00 00 00 00 
0000000100ee1f30	5f 69 6e 63 6c 75 64 65 73 44 65 74 61 69 6c 65 
0000000100ee1f40	64 43 6f 6e 74 65 6e 74 00 5f 64 65 76 69 63 65 
0000000100ee1f50	4b 65 79 00 00 00 00 00 00 00 00 00 00 00 00 00 
0000000100ee1f60	5f 69 73 44 65 76 69 63 65 4b 65 79 4c 6f 61 64 
0000000100ee1f70	65 64 00 00 00 00 00 00 00 00 00 00 00 00 00 00 
0000000100ee1f80	5f 65 6e 63 72 79 70 74 69 6f 6e 43 6f 6e 66 69 
0000000100ee1f90	67 75 72 61 74 69 6f 6e 00 00 00 00 00 00 00 00 
0000000100ee1fa0	5f 69 73 45 6e 63 72 79 70 74 69 6f 6e 43 6f 6e 
0000000100ee1fb0	66 69 67 75 72 61 74 69 6f 6e 4c 6f 61 64 65 64 
0000000100ee1fc0	00 00 00 00 00 00 00 00 00 00 00 00 00 00 00 00 
0000000100ee1fd0	5f 24 6f 62 73 65 72 76 61 74 69 6f 6e 52 65 67 
0000000100ee1fe0	69 73 74 72 61 72 00 69 73 45 6e 61 62 6c 65 64 
0000000100ee1ff0	00 73 65 72 76 65 72 55 52 4c 00 61 70 70 72 6f 
0000000100ee2000	76 61 6c 45 6e 61 62 6c 65 64 00 71 75 65 73 74 
0000000100ee2010	69 6f 6e 45 6e 61 62 6c 65 64 00 00 00 00 00 00 
0000000100ee2020	63 6f 6d 70 6c 65 74 69 6f 6e 45 6e 61 62 6c 65 
0000000100ee2030	64 00 77 61 72 6e 69 6e 67 45 6e 61 62 6c 65 64 
0000000100ee2040	00 64 65 6c 69 76 65 72 79 4d 6f 64 65 00 00 00 
0000000100ee2050	69 73 45 6e 63 72 79 70 74 69 6f 6e 45 6e 61 62 
0000000100ee2060	6c 65 64 00 00 00 00 00 00 00 00 00 00 00 00 00 
0000000100ee2070	69 6e 63 6c 75 64 65 73 44 65 74 61 69 6c 65 64 
0000000100ee2080	43 6f 6e 74 65 6e 74 00 6b 65 79 00 73 65 74 75 
0000000100ee2090	70 49 56 00 64 65 76 69 63 65 4b 65 79 00 00 00 
0000000100ee20a0	65 6e 63 72 79 70 74 69 6f 6e 43 6f 6e 66 69 67 
0000000100ee20b0	75 72 61 74 69 6f 6e 00 00 00 00 00 00 00 00 00 
0000000100ee20c0	69 64 00 6b 69 6e 64 00 73 65 73 73 69 6f 6e 49 
0000000100ee20d0	64 00 00 00 00 00 00 00 00 00 00 00 00 00 00 00 
0000000100ee20e0	72 75 6e 74 69 6d 65 49 6e 73 74 61 6e 63 65 49 
0000000100ee20f0	64 00 61 67 65 6e 74 4e 61 6d 65 00 70 72 6f 6a 
0000000100ee2100	65 63 74 4e 61 6d 65 00 70 72 65 73 65 6e 74 61 
0000000100ee2110	74 69 6f 6e 00 63 72 65 61 74 65 64 41 74 00 61 
0000000100ee2120	70 70 72 6f 76 61 6c 00 71 75 65 73 74 69 6f 6e 
0000000100ee2130	00 63 6f 6d 70 6c 65 74 69 6f 6e 00 77 61 72 6e 
0000000100ee2140	69 6e 67 00 73 65 73 73 69 6f 6e 54 69 74 6c 65 
0000000100ee2150	00 63 6f 6e 74 65 6e 74 50 72 65 76 69 65 77 00 
0000000100ee2160	61 63 74 69 76 69 74 79 4e 61 6d 65 00 41 6c 6c 
0000000100ee2170	43 61 73 65 73 00 52 61 77 56 61 6c 75 65 00 69 
0000000100ee2180	73 44 69 73 70 6c 61 79 41 73 6c 65 65 70 00 69 
0000000100ee2190	73 53 63 72 65 65 6e 4c 6f 63 6b 65 64 00 69 64 
0000000100ee21a0	6c 65 53 65 63 6f 6e 64 73 00 73 6d 61 72 74 00 
0000000100ee21b0	61 6c 77 61 79 73 00 41 6c 6c 43 61 73 65 73 00 
0000000100ee21c0	52 61 77 56 61 6c 75 65 00 74 72 61 6e 73 70 6f 
0000000100ee21d0	72 74 46 61 69 6c 65 64 00 6d 61 6c 66 6f 72 6d 
0000000100ee21e0	65 64 4f 75 74 70 75 74 00 74 6f 6f 4d 61 6e 79 
0000000100ee21f0	52 65 73 75 6c 74 73 00 61 62 73 6f 6c 75 74 65 
0000000100ee2200	00 64 65 66 61 75 6c 74 48 6f 6d 65 00 70 61 74 
0000000100ee2210	68 00 73 6f 75 72 63 65 00 49 44 00 70 61 70 65 
0000000100ee2220	72 63 6c 69 70 00 6d 61 6e 75 61 6c 00 73 61 76 
0000000100ee2230	65 64 00 52 61 77 56 61 6c 75 65 00 73 74 61 74 
0000000100ee2240	65 00 63 68 65 63 6b 65 64 41 74 00 72 6f 6f 74 
0000000100ee2250	00 73 74 61 74 65 00 63 6f 6e 66 69 67 75 72 65 
0000000100ee2260	64 00 73 6b 69 70 70 65 64 00 64 69 73 61 62 6c 
0000000100ee2270	65 64 00 6d 69 73 73 69 6e 67 00 66 61 69 6c 65 
0000000100ee2280	64 00 75 70 67 72 61 64 65 52 65 71 75 69 72 65 
0000000100ee2290	64 00 75 6e 76 65 72 69 66 69 65 64 00 73 75 70 
0000000100ee22a0	70 6f 72 74 65 64 00 00 00 00 00 00 00 00 00 00 
0000000100ee22b0	73 75 63 63 65 73 73 00 6d 65 73 73 61 67 65 00 
0000000100ee22c0	73 74 64 65 72 72 00 64 75 72 61 74 69 6f 6e 4d 
0000000100ee22d0	73 00 75 73 65 64 47 6f 42 69 6e 61 72 79 00 00 
0000000100ee22e0	63 6f 64 65 78 54 72 75 73 74 56 65 72 69 66 69 
0000000100ee22f0	63 61 74 69 6f 6e 00 73 65 74 74 69 6e 67 73 4a 
0000000100ee2300	53 4f 4e 00 00 00 00 00 00 00 00 00 00 00 00 00 
0000000100ee2310	73 74 61 74 75 73 6c 69 6e 65 57 72 61 70 70 65 
0000000100ee2320	72 53 63 72 69 70 74 00 00 00 00 00 00 00 00 00 
0000000100ee2330	6f 72 69 67 69 6e 61 6c 53 74 61 74 75 73 6c 69 
0000000100ee2340	6e 65 43 6f 6d 6d 61 6e 64 00 00 00 00 00 00 00 
0000000100ee2350	72 65 6d 6f 76 65 53 74 61 74 75 73 6c 69 6e 65 
0000000100ee2360	57 72 61 70 70 65 72 00 00 00 00 00 00 00 00 00 
0000000100ee2370	5f 68 6f 73 74 73 00 5f 72 75 6e 74 69 6d 65 73 
0000000100ee2380	00 00 00 00 00 00 00 00 00 00 00 00 00 00 00 00 
0000000100ee2390	5f 72 65 63 6f 6e 6e 65 63 74 45 6e 76 54 6f 6b 
0000000100ee23a0	65 6e 73 00 00 00 00 00 00 00 00 00 00 00 00 00 
0000000100ee23b0	5f 6f 75 74 64 61 74 65 64 48 6f 6f 6b 48 6f 73 
0000000100ee23c0	74 73 00 00 00 00 00 00 00 00 00 00 00 00 00 00 
0000000100ee23d0	5f 6c 61 73 74 53 63 68 65 6d 61 43 68 65 63 6b 
0000000100ee23e0	41 74 00 00 00 00 00 00 00 00 00 00 00 00 00 00 
0000000100ee23f0	73 63 68 65 6d 61 43 68 65 63 6b 44 65 62 6f 75 
0000000100ee2400	6e 63 65 00 00 00 00 00 00 00 00 00 00 00 00 00 
0000000100ee2410	5f 68 6f 6f 6b 41 75 74 6f 55 70 64 61 74 69 6e 
0000000100ee2420	67 48 6f 73 74 73 00 00 00 00 00 00 00 00 00 00 
0000000100ee2430	5f 72 65 6d 6f 74 65 43 6f 64 65 78 54 72 75 73 
0000000100ee2440	74 43 68 65 63 6b 69 6e 67 48 6f 73 74 73 00 00 
0000000100ee2450	5f 6c 61 73 74 52 65 6d 6f 74 65 43 6f 64 65 78 
0000000100ee2460	54 72 75 73 74 50 72 6f 62 65 41 74 00 00 00 00 
0000000100ee2470	72 65 6d 6f 74 65 43 6f 64 65 78 54 72 75 73 74 
0000000100ee2480	50 72 6f 62 65 44 65 62 6f 75 6e 63 65 00 00 00 
0000000100ee2490	5f 73 6c 65 65 70 4f 62 73 65 72 76 65 72 54 6f 
0000000100ee24a0	6b 65 6e 00 00 00 00 00 00 00 00 00 00 00 00 00 
0000000100ee24b0	5f 70 65 6e 64 69 6e 67 57 61 6b 65 43 6f 6d 70 
0000000100ee24c0	65 6e 73 61 74 69 6f 6e 00 00 00 00 00 00 00 00 
0000000100ee24d0	5f 24 6f 62 73 65 72 76 61 74 69 6f 6e 52 65 67 
0000000100ee24e0	69 73 74 72 61 72 00 70 72 6f 63 65 73 73 00 73 
0000000100ee24f0	74 61 74 75 73 00 63 6f 6e 6e 65 63 74 65 64 41 
0000000100ee2500	74 00 6c 65 64 67 65 72 4b 65 79 00 70 6f 6c 69 
0000000100ee2510	63 79 00 72 65 63 6f 6e 6e 65 63 74 54 69 6d 65 
0000000100ee2520	72 00 00 00 00 00 00 00 00 00 00 00 00 00 00 00 
0000000100ee2530	75 73 65 72 44 69 73 63 6f 6e 6e 65 63 74 65 64 
0000000100ee2540	00 00 00 00 00 00 00 00 00 00 00 00 00 00 00 00 
0000000100ee2550	6c 61 73 74 50 72 65 43 6c 65 61 6e 46 6f 72 65 
0000000100ee2560	69 67 6e 00 00 00 00 00 00 00 00 00 00 00 00 00 
0000000100ee2570	6c 61 73 74 50 72 65 43 6c 65 61 6e 53 75 6d 6d 
0000000100ee2580	61 72 79 00 6f 77 6e 65 72 43 61 70 74 75 72 65 
0000000100ee2590	64 00 00 00 00 00 00 00 00 00 00 00 00 00 00 00 
0000000100ee25a0	6f 77 6e 65 72 43 61 70 74 75 72 65 41 74 74 65 
0000000100ee25b0	6d 70 74 73 00 67 65 6e 65 72 61 74 69 6f 6e 00 
0000000100ee25c0	68 65 61 6c 74 68 54 69 6d 65 72 00 68 65 61 6c 
0000000100ee25d0	74 68 46 61 69 6c 75 72 65 73 00 68 65 61 6c 74 
0000000100ee25e0	68 53 75 73 70 65 6e 64 65 64 00 00 00 00 00 00 
0000000100ee25f0	6c 6f 63 6b 00 65 6e 74 72 69 65 73 00 68 6f 73 
0000000100ee2600	74 49 64 00 67 65 6e 65 72 61 74 69 6f 6e 00 73 
0000000100ee2610	74 61 74 65 00 6c 61 73 74 43 68 65 63 6b 65 64 
0000000100ee2620	41 74 00 62 75 6e 64 6c 65 49 64 00 64 69 73 70 
0000000100ee2630	6c 61 79 4e 61 6d 65 00 77 69 6e 64 6f 77 49 64 
0000000100ee2640	00 74 61 62 49 6e 64 65 78 00 74 74 79 00 69 64 
0000000100ee2650	00 68 6f 73 74 00 75 73 65 72 00 61 6c 69 61 73 
0000000100ee2660	00 64 65 70 6c 6f 79 65 64 00 6c 61 73 74 44 65 
0000000100ee2670	70 6c 6f 79 65 64 41 74 00 6c 61 73 74 44 65 70 
0000000100ee2680	6c 6f 79 45 72 72 6f 72 00 00 00 00 00 00 00 00 
0000000100ee2690	64 65 70 6c 6f 79 65 64 48 6f 6f 6b 56 65 72 73 
0000000100ee26a0	69 6f 6e 00 61 75 74 6f 55 70 64 61 74 65 48 6f 
0000000100ee26b0	6f 6b 73 00 61 75 74 6f 43 6f 6e 6e 65 63 74 00 
0000000100ee26c0	6d 61 6e 75 61 6c 43 6f 6e 6e 65 63 74 69 6f 6e 
0000000100ee26d0	4f 6e 6c 79 00 73 73 68 4f 70 74 69 6f 6e 73 00 
0000000100ee26e0	72 65 6d 6f 74 65 41 72 63 68 00 00 00 00 00 00 
0000000100ee26f0	72 65 6d 6f 74 65 43 6c 61 75 64 65 55 73 61 67 
0000000100ee2700	65 52 65 6c 61 79 45 6e 61 62 6c 65 64 00 00 00 
0000000100ee2710	72 65 6d 6f 74 65 43 6f 64 65 78 55 73 61 67 65 
0000000100ee2720	50 72 6f 62 65 45 6e 61 62 6c 65 64 00 00 00 00 
0000000100ee2730	72 65 6d 6f 74 65 46 6f 72 77 61 72 64 50 6f 72 
0000000100ee2740	74 00 00 00 00 00 00 00 00 00 00 00 00 00 00 00 
0000000100ee2750	73 75 70 65 72 73 65 64 65 64 52 65 6d 6f 74 65 
0000000100ee2760	46 6f 72 77 61 72 64 50 6f 72 74 00 00 00 00 00 
0000000100ee2770	72 65 6d 6f 74 65 43 6f 64 65 78 48 6f 6f 6b 54 
0000000100ee2780	72 75 73 74 00 00 00 00 00 00 00 00 00 00 00 00 
0000000100ee2790	61 64 64 69 74 69 6f 6e 61 6c 43 6f 64 65 78 43 
0000000100ee27a0	6f 6e 66 69 67 52 6f 6f 74 73 00 6c 69 6e 6b 65 
0000000100ee27b0	64 54 65 72 6d 69 6e 61 6c 00 61 75 74 6f 4c 69 
0000000100ee27c0	6e 6b 65 64 41 74 00 61 63 63 65 70 74 73 45 76 
0000000100ee27d0	65 6e 74 73 00 49 44 00 74 72 75 73 74 65 64 00 
0000000100ee27e0	6e 65 65 64 73 4d 61 6e 75 61 6c 54 72 75 73 74 
0000000100ee27f0	00 75 6e 76 65 72 69 66 69 65 64 00 52 61 77 56 
0000000100ee2800	61 6c 75 65 00 00 00 00 00 00 00 00 00 00 00 00 
0000000100ee2810	69 6e 46 6c 69 67 68 74 48 6f 73 74 73 00 6c 61 
0000000100ee2820	73 74 50 72 6f 62 65 41 74 00 00 00 00 00 00 00 
0000000100ee2830	6c 61 73 74 50 72 6f 62 65 54 72 69 67 67 65 72 
0000000100ee2840	00 70 65 6e 64 69 6e 67 54 61 73 6b 73 00 00 00 
0000000100ee2850	69 6e 76 61 6c 69 64 52 61 74 65 4c 69 6d 69 74 
0000000100ee2860	73 53 68 61 70 65 00 00 00 00 00 00 00 00 00 00 
0000000100ee2870	72 65 73 6f 6c 76 65 72 00 6c 61 6e 65 73 00 6e 
0000000100ee2880	65 78 74 50 72 6f 62 65 49 44 00 73 65 73 73 69 
0000000100ee2890	6f 6e 49 64 00 73 73 68 43 6f 6e 6e 65 63 74 69 
0000000100ee28a0	6f 6e 00 73 73 68 54 54 59 00 68 6f 73 74 48 69 
0000000100ee28b0	6e 74 00 65 6e 64 73 53 65 73 73 69 6f 6e 00 66 
0000000100ee28c0	69 6e 67 65 72 70 72 69 6e 74 00 69 64 65 6e 74 
0000000100ee28d0	69 74 79 00 72 65 71 75 65 73 74 73 00 63 61 63 
0000000100ee28e0	68 65 64 00 74 61 73 6b 00 61 63 74 69 76 65 50 
0000000100ee28f0	72 6f 62 65 49 44 00 69 73 44 65 6c 69 76 65 72 
0000000100ee2900	69 6e 67 00 69 6e 70 75 74 00 64 65 6c 69 76 65 
0000000100ee2910	72 79 00 63 6f 6e 6e 65 63 74 69 6f 6e 00 68 61 
0000000100ee2920	73 52 65 6d 6f 74 65 54 54 59 00 73 6f 75 72 63 
0000000100ee2930	65 00 00 00 00 00 00 00 00 00 00 00 00 00 00 00 
0000000100ee2940	64 75 72 61 74 69 6f 6e 4d 69 6c 6c 69 73 65 63 
0000000100ee2950	6f 6e 64 73 00 63 61 63 68 65 00 70 72 6f 62 65 
0000000100ee2960	00 6d 69 73 73 69 6e 67 43 6c 75 65 00 52 61 77 
0000000100ee2970	56 61 6c 75 65 00 00 00 00 00 00 00 00 00 00 00 
0000000100ee2980	6c 6f 63 6b 00 64 61 74 61 00 00 00 00 00 00 00 
0000000100ee2990	62 75 6e 64 6c 65 49 64 65 6e 74 69 66 69 65 72 
0000000100ee29a0	00 70 69 64 00 74 74 79 00 72 65 73 6f 6c 75 74 
0000000100ee29b0	69 6f 6e 00 63 6f 6d 6d 61 6e 64 00 61 72 67 75 
0000000100ee29c0	6d 65 6e 74 73 00 00 00 00 00 00 00 00 00 00 00 
0000000100ee29d0	69 73 4e 65 74 77 6f 72 6b 53 61 74 69 73 66 69 
0000000100ee29e0	65 64 00 6d 6f 6e 69 74 6f 72 00 71 75 65 75 65 
0000000100ee29f0	00 72 61 77 53 61 74 69 73 66 69 65 64 00 70 65 
0000000100ee2a00	6e 64 69 6e 67 52 65 73 74 6f 72 65 00 77 6f 72 
0000000100ee2a10	6b 73 70 61 63 65 54 6f 6b 65 6e 73 00 73 74 61 
0000000100ee2a20	72 74 65 64 00 00 00 00 00 00 00 00 00 00 00 00 
0000000100ee2a30	73 63 68 65 6d 61 56 65 72 73 69 6f 6e 00 68 6f 
0000000100ee2a40	73 74 49 64 00 70 69 64 00 6b 65 72 6e 65 6c 53 
0000000100ee2a50	74 61 72 74 53 65 63 00 6b 65 72 6e 65 6c 53 74 
0000000100ee2a60	61 72 74 55 73 65 63 00 65 78 65 63 75 74 61 62 
0000000100ee2a70	6c 65 50 61 74 68 00 61 72 67 76 00 73 73 68 54 
0000000100ee2a80	61 72 67 65 74 00 70 6f 72 74 00 63 6f 6e 74 72 
0000000100ee2a90	6f 6c 50 61 74 68 00 6f 77 6e 65 72 41 70 70 50 
0000000100ee2aa0	69 64 00 00 00 00 00 00 00 00 00 00 00 00 00 00 
0000000100ee2ab0	6f 77 6e 65 72 41 70 70 53 74 61 72 74 53 65 63 
0000000100ee2ac0	00 00 00 00 00 00 00 00 00 00 00 00 00 00 00 00 
0000000100ee2ad0	6f 77 6e 65 72 41 70 70 53 74 61 72 74 55 73 65 
0000000100ee2ae0	63 00 63 72 65 61 74 65 64 41 74 00 70 69 64 4e 
0000000100ee2af0	6f 74 50 72 65 73 65 6e 74 00 00 00 00 00 00 00 
0000000100ee2b00	70 69 64 49 73 43 75 72 72 65 6e 74 4c 69 76 65 
0000000100ee2b10	54 75 6e 6e 65 6c 00 00 00 00 00 00 00 00 00 00 
0000000100ee2b20	73 74 61 72 74 54 69 6d 65 4d 69 73 6d 61 74 63 
0000000100ee2b30	68 00 61 72 67 76 4d 69 73 6d 61 74 63 68 00 00 
0000000100ee2b40	6f 77 6e 65 72 41 70 70 53 74 69 6c 6c 41 6c 69 
0000000100ee2b50	76 65 00 00 00 00 00 00 00 00 00 00 00 00 00 00 
0000000100ee2b60	75 73 65 72 57 61 6e 74 73 43 6f 6e 6e 65 63 74 
0000000100ee2b70	65 64 00 00 00 00 00 00 00 00 00 00 00 00 00 00 
0000000100ee2b80	6e 65 74 77 6f 72 6b 53 61 74 69 73 66 69 65 64 
0000000100ee2b90	00 73 79 73 74 65 6d 41 77 61 6b 65 00 62 61 73 
0000000100ee2ba0	65 44 65 6c 61 79 00 6d 61 78 44 65 6c 61 79 00 
0000000100ee2bb0	73 6c 6f 77 44 65 6c 61 79 00 77 61 6b 65 53 65 
0000000100ee2bc0	74 74 6c 65 44 65 6c 61 79 00 00 00 00 00 00 00 
0000000100ee2bd0	61 75 74 68 42 6c 6f 63 6b 54 68 72 65 73 68 6f 
0000000100ee2be0	6c 64 00 61 74 74 65 6d 70 74 00 61 75 74 68 46 
0000000100ee2bf0	61 69 6c 75 72 65 73 00 73 74 61 6c 65 53 65 6c 
0000000100ee2c00	66 53 74 72 65 61 6b 00 62 6c 6f 63 6b 65 64 52 
0000000100ee2c10	65 61 73 6f 6e 00 68 69 6e 74 00 00 00 00 00 00 
0000000100ee2c20	6e 65 74 77 6f 72 6b 55 6e 61 76 61 69 6c 61 62 
0000000100ee2c30	6c 65 00 74 72 61 6e 73 69 65 6e 74 00 00 00 00 
0000000100ee2c40	73 74 61 6c 65 53 65 6c 66 52 65 6d 6f 74 65 46 
0000000100ee2c50	6f 72 77 61 72 64 00 00 00 00 00 00 00 00 00 00 
0000000100ee2c60	66 6f 72 65 69 67 6e 50 6f 72 74 4f 63 63 75 70 
0000000100ee2c70	69 65 64 00 61 75 74 68 65 6e 74 69 63 61 74 69 
0000000100ee2c80	6f 6e 00 68 6f 73 74 4b 65 79 43 68 61 6e 67 65 
0000000100ee2c90	64 00 73 73 68 43 6f 6e 66 69 67 00 75 6e 6b 6e 
0000000100ee2ca0	6f 77 6e 00 72 65 74 72 79 41 66 74 65 72 00 62 
0000000100ee2cb0	6c 6f 63 6b 65 64 00 63 6f 6e 6e 65 63 74 4e 6f 
0000000100ee2cc0	77 00 77 61 69 74 46 6f 72 4e 65 74 77 6f 72 6b 
0000000100ee2cd0	00 77 61 69 74 46 6f 72 57 61 6b 65 00 69 64 6c 
0000000100ee2ce0	65 00 00 00 00 00 00 00 00 00 00 00 00 00 00 00 
0000000100ee2cf0	61 75 74 68 65 6e 74 69 63 61 74 69 6f 6e 46 61 
0000000100ee2d00	69 6c 65 64 00 73 73 68 43 6f 6e 66 69 67 45 72 
0000000100ee2d10	72 6f 72 00 70 6f 72 74 4d 61 79 42 65 54 61 6b 
0000000100ee2d20	65 6e 00 00 00 00 00 00 00 00 00 00 00 00 00 00 
0000000100ee2d30	73 74 61 6c 65 50 6f 72 74 53 65 6c 66 48 65 6c 
0000000100ee2d40	64 00 68 6f 73 74 49 64 00 70 69 64 00 73 74 61 
0000000100ee2d50	72 74 53 65 63 00 73 74 61 72 74 55 73 65 63 00 
0000000100ee2d60	6e 65 65 64 73 41 74 74 65 6e 74 69 6f 6e 00 65 
0000000100ee2d70	72 72 6f 72 00 64 69 73 63 6f 6e 6e 65 63 74 65 
0000000100ee2d80	64 00 63 6f 6e 6e 65 63 74 69 6e 67 00 63 6f 6e 
0000000100ee2d90	6e 65 63 74 65 64 00 72 65 63 6f 6e 6e 65 63 74 
0000000100ee2da0	69 6e 67 00 66 72 65 65 00 69 6e 55 73 65 00 75 
0000000100ee2db0	6e 6b 6e 6f 77 6e 00 66 6f 72 65 69 67 6e 4f 63 
0000000100ee2dc0	63 75 70 69 65 64 00 74 63 70 00 75 64 73 00 49 
0000000100ee2dd0	44 00 41 6c 6c 43 61 73 65 73 00 52 61 77 56 61 
0000000100ee2de0	6c 75 65 00 00 00 00 00 00 00 00 00 00 00 00 00 
0000000100ee2df0	64 61 74 61 62 61 73 65 00 73 74 61 74 65 6d 65 
0000000100ee2e00	6e 74 00 24 64 65 66 61 75 6c 74 41 63 74 6f 72 
0000000100ee2e10	00 73 65 73 73 69 6f 6e 49 64 00 00 00 00 00 00 
0000000100ee2e20	72 75 6e 74 69 6d 65 49 6e 73 74 61 6e 63 65 49 
0000000100ee2e30	64 00 64 61 74 61 62 61 73 65 55 52 4c 00 74 72 
0000000100ee2e40	61 6e 73 63 72 69 70 74 55 52 4c 00 73 65 73 73 
0000000100ee2e50	69 6f 6e 53 74 6f 72 65 00 69 73 44 69 73 70 6c 
0000000100ee2e60	61 79 41 73 6c 65 65 70 00 6c 61 73 74 50 65 6e 
0000000100ee2e70	64 69 6e 67 53 74 65 70 00 64 65 74 61 69 6c 52 
0000000100ee2e80	65 74 72 79 53 74 65 70 00 70 6f 6c 6c 69 6e 67 
0000000100ee2e90	54 61 73 6b 00 6d 65 74 72 69 63 73 00 69 6e 64 
0000000100ee2ea0	65 78 00 74 79 70 65 00 71 75 65 72 79 43 6f 75 
0000000100ee2eb0	6e 74 00 00 00 00 00 00 00 00 00 00 00 00 00 00 
0000000100ee2ec0	74 72 61 6e 73 63 72 69 70 74 52 65 61 64 43 6f 
0000000100ee2ed0	75 6e 74 00 00 00 00 00 00 00 00 00 00 00 00 00 
0000000100ee2ee0	64 61 74 61 62 61 73 65 46 61 69 6c 75 72 65 43 
0000000100ee2ef0	6f 75 6e 74 00 73 74 65 70 00 6b 69 6e 64 00 74 
0000000100ee2f00	6f 6f 6c 00 74 6f 6f 6c 49 6e 70 75 74 00 64 61 
0000000100ee2f10	74 61 62 61 73 65 4f 70 65 6e 00 75 6e 6b 6e 6f 
0000000100ee2f20	77 6e 53 63 68 65 6d 61 00 64 61 74 61 62 61 73 
0000000100ee2f30	65 52 65 61 64 00 71 75 65 73 74 69 6f 6e 00 61 
0000000100ee2f40	70 70 72 6f 76 61 6c 00 00 00 00 00 00 00 00 00 
0000000100ee2f50	24 64 65 66 61 75 6c 74 41 63 74 6f 72 00 70 61 
0000000100ee2f60	72 65 6e 74 53 65 73 73 69 6f 6e 49 64 00 00 00 
0000000100ee2f70	72 75 6e 74 69 6d 65 49 6e 73 74 61 6e 63 65 49 
0000000100ee2f80	64 00 74 72 61 6e 73 63 72 69 70 74 55 52 4c 00 
0000000100ee2f90	73 65 73 73 69 6f 6e 53 74 6f 72 65 00 65 6d 69 
0000000100ee2fa0	74 74 65 64 43 68 69 6c 64 72 65 6e 00 70 6f 6c 
0000000100ee2fb0	6c 69 6e 67 54 61 73 6b 00 63 75 72 73 6f 72 00 
0000000100ee2fc0	69 74 65 72 61 74 69 6f 6e 43 6f 75 6e 74 00 00 
0000000100ee2fd0	66 69 6c 65 4e 6f 74 46 6f 75 6e 64 43 6f 75 6e 
0000000100ee2fe0	74 00 00 00 00 00 00 00 00 00 00 00 00 00 00 00 
0000000100ee2ff0	70 61 72 73 65 45 72 72 6f 72 4c 69 6e 65 43 6f 
0000000100ee3000	75 6e 74 00 6f 66 66 73 65 74 00 69 6e 63 6f 6d 
0000000100ee3010	70 6c 65 74 65 4c 69 6e 65 00 66 69 6c 65 49 64 
0000000100ee3020	65 6e 74 69 74 79 00 6d 65 74 72 69 63 73 00 72 
0000000100ee3030	65 61 64 43 6f 75 6e 74 00 62 79 74 65 73 52 65 
0000000100ee3040	61 64 00 72 65 73 65 74 43 6f 75 6e 74 00 00 00 
0000000100ee3050	69 6e 64 65 78 00 75 72 6c 00 00 00 00 00 00 00 
0000000100ee3060	6d 6f 64 69 66 69 63 61 74 69 6f 6e 44 61 74 65 
0000000100ee3070	00 00 00 00 00 00 00 00 00 00 00 00 00 00 00 00 
0000000100ee3080	24 64 65 66 61 75 6c 74 41 63 74 6f 72 00 74 69 
0000000100ee3090	74 6c 65 43 61 63 68 65 00 74 69 74 6c 65 43 61 
0000000100ee30a0	63 68 65 4f 72 64 65 72 00 00 00 00 00 00 00 00 
0000000100ee30b0	69 6e 63 72 65 6d 65 6e 74 61 6c 53 74 61 74 65 
0000000100ee30c0	00 70 61 74 68 43 61 63 68 65 00 70 61 74 68 43 
0000000100ee30d0	61 63 68 65 4f 72 64 65 72 00 00 00 00 00 00 00 
0000000100ee30e0	63 75 73 74 6f 6d 54 69 74 6c 65 53 63 61 6e 43 
0000000100ee30f0	61 63 68 65 00 00 00 00 00 00 00 00 00 00 00 00 
0000000100ee3100	66 69 72 73 74 55 73 65 72 4d 65 73 73 61 67 65 
0000000100ee3110	43 61 63 68 65 00 6d 61 78 43 61 63 68 65 53 69 
0000000100ee3120	7a 65 00 63 68 75 6e 6b 53 69 7a 65 00 6d 61 78 
0000000100ee3130	43 68 75 6e 6b 73 00 68 65 61 64 42 75 66 66 65 
0000000100ee3140	72 53 69 7a 65 00 68 65 61 64 4d 61 78 42 79 74 
0000000100ee3150	65 73 00 00 00 00 00 00 00 00 00 00 00 00 00 00 
0000000100ee3160	6d 65 6d 6f 72 79 50 72 65 73 73 75 72 65 53 6f 
0000000100ee3170	75 72 63 65 00 00 00 00 00 00 00 00 00 00 00 00 
0000000100ee3180	6d 6f 64 69 66 69 63 61 74 69 6f 6e 44 61 74 65 
0000000100ee3190	00 69 6e 66 6f 00 6c 61 73 74 46 69 6c 65 4f 66 
0000000100ee31a0	66 73 65 74 00 00 00 00 00 00 00 00 00 00 00 00 
0000000100ee31b0	6c 61 73 74 4d 6f 64 69 66 69 63 61 74 69 6f 6e 
0000000100ee31c0	44 61 74 65 00 66 69 6c 65 53 69 7a 65 00 69 6e 
0000000100ee31d0	6f 64 65 00 74 69 74 6c 65 00 00 00 00 00 00 00 
0000000100ee31e0	5f 66 69 6c 65 73 00 5f 61 73 73 69 67 6e 6d 65 
0000000100ee31f0	6e 74 73 00 00 00 00 00 00 00 00 00 00 00 00 00 
0000000100ee3200	5f 6c 61 73 74 49 6d 70 6f 72 74 45 72 72 6f 72 
0000000100ee3210	00 5f 68 61 73 4c 6f 61 64 65 64 00 00 00 00 00 
0000000100ee3220	6c 69 62 72 61 72 79 44 69 72 65 63 74 6f 72 79 
0000000100ee3230	00 69 73 53 74 61 72 74 65 64 00 00 00 00 00 00 
0000000100ee3240	5f 24 6f 62 73 65 72 76 61 74 69 6f 6e 52 65 67 
0000000100ee3250	69 73 74 72 61 72 00 69 64 00 64 69 73 70 6c 61 
0000000100ee3260	79 4e 61 6d 65 00 00 00 00 00 00 00 00 00 00 00 
0000000100ee3270	6f 72 69 67 69 6e 61 6c 46 69 6c 65 4e 61 6d 65 
0000000100ee3280	00 73 74 6f 72 65 64 46 69 6c 65 4e 61 6d 65 00 
0000000100ee3290	69 6d 70 6f 72 74 65 64 41 74 00 62 79 74 65 53 
0000000100ee32a0	69 7a 65 00 00 00 00 00 00 00 00 00 00 00 00 00 
0000000100ee32b0	70 6c 61 79 62 61 63 6b 53 65 74 74 69 6e 67 73 
0000000100ee32c0	00 49 44 00 76 65 72 73 69 6f 6e 00 66 69 6c 65 
0000000100ee32d0	73 00 61 73 73 69 67 6e 6d 65 6e 74 73 00 76 6f 
0000000100ee32e0	6c 75 6d 65 53 63 61 6c 65 00 00 00 00 00 00 00 
0000000100ee32f0	74 72 69 6d 53 74 61 72 74 53 65 63 6f 6e 64 73 
0000000100ee3300	00 74 72 69 6d 45 6e 64 53 65 63 6f 6e 64 73 00 
0000000100ee3310	70 6c 61 79 62 61 63 6b 52 61 74 65 00 52 61 77 
0000000100ee3320	56 61 6c 75 65 00 6c 6f 63 6b 00 6c 61 73 74 43 
0000000100ee3330	68 61 6e 67 65 00 6b 69 6e 64 00 61 74 00 73 65 
0000000100ee3340	73 73 69 6f 6e 53 74 61 72 74 00 74 61 73 6b 41 
0000000100ee3350	63 6b 6e 6f 77 6c 65 64 67 65 00 74 61 73 6b 43 
0000000100ee3360	6f 6d 70 6c 65 74 65 00 74 61 73 6b 45 72 72 6f 
0000000100ee3370	72 00 69 6e 70 75 74 52 65 71 75 69 72 65 64 00 
0000000100ee3380	72 65 73 6f 75 72 63 65 4c 69 6d 69 74 00 75 73 
0000000100ee3390	65 72 53 70 61 6d 00 69 64 6c 65 52 65 6d 69 6e 
0000000100ee33a0	64 65 72 00 75 73 61 67 65 57 61 72 6e 69 6e 67 
0000000100ee33b0	00 75 73 61 67 65 52 65 73 65 74 00 41 6c 6c 43 
0000000100ee33c0	61 73 65 73 00 52 61 77 56 61 6c 75 65 00 00 00 
0000000100ee33d0	75 6e 73 75 70 70 6f 72 74 65 64 46 6f 72 6d 61 
0000000100ee33e0	74 00 66 69 6c 65 54 6f 6f 4c 61 72 67 65 00 63 
0000000100ee33f0	6f 70 79 46 61 69 6c 65 64 00 66 69 6c 65 4d 69 
0000000100ee3400	73 73 69 6e 67 00 75 6e 72 65 61 64 61 62 6c 65 
0000000100ee3410	41 75 64 69 6f 00 00 00 00 00 00 00 00 00 00 00 
0000000100ee3420	61 75 74 6f 44 65 74 65 63 74 50 72 6f 62 65 73 
0000000100ee3430	00 72 75 6c 65 73 00 00 00 00 00 00 00 00 00 00 
0000000100ee3440	6c 61 73 74 53 65 73 73 69 6f 6e 53 74 61 72 74 
0000000100ee3450	53 6f 75 6e 64 41 74 00 6c 61 73 74 53 74 6f 70 
0000000100ee3460	53 6f 75 6e 64 41 74 00 00 00 00 00 00 00 00 00 
0000000100ee3470	6c 61 73 74 49 64 6c 65 52 65 6d 69 6e 64 65 72 
0000000100ee3480	41 74 00 00 00 00 00 00 00 00 00 00 00 00 00 00 
0000000100ee3490	73 65 73 73 69 6f 6e 53 74 61 72 74 54 69 6d 65 
0000000100ee34a0	73 00 00 00 00 00 00 00 00 00 00 00 00 00 00 00 
0000000100ee34b0	70 72 6f 6d 70 74 54 69 6d 65 73 74 61 6d 70 73 
0000000100ee34c0	00 73 65 73 73 69 6f 6e 4f 77 6e 65 72 73 00 6c 
0000000100ee34d0	61 73 74 53 6b 69 70 52 65 61 73 6f 6e 00 61 67 
0000000100ee34e0	65 6e 74 4d 6f 64 65 73 00 61 67 65 6e 74 53 65 
0000000100ee34f0	73 73 69 6f 6e 73 00 00 00 00 00 00 00 00 00 00 
0000000100ee3500	73 65 73 73 69 6f 6e 53 74 61 72 74 43 6f 6f 6c 
0000000100ee3510	64 6f 77 6e 00 73 74 6f 70 44 65 62 6f 75 6e 63 
0000000100ee3520	65 00 00 00 00 00 00 00 00 00 00 00 00 00 00 00 
0000000100ee3530	69 64 6c 65 52 65 6d 69 6e 64 65 72 43 6f 6f 6c 
0000000100ee3540	64 6f 77 6e 00 00 00 00 00 00 00 00 00 00 00 00 
0000000100ee3550	72 65 70 6c 61 79 53 75 70 70 72 65 73 73 69 6f 
0000000100ee3560	6e 57 69 6e 64 6f 77 00 73 70 61 6d 57 69 6e 64 
0000000100ee3570	6f 77 00 73 70 61 6d 54 68 72 65 73 68 6f 6c 64 
0000000100ee3580	00 69 64 00 74 79 70 65 00 70 61 74 74 65 72 6e 
0000000100ee3590	00 69 73 45 6e 61 62 6c 65 64 00 49 44 00 63 77 
0000000100ee35a0	64 00 74 69 74 6c 65 00 64 75 72 61 74 69 6f 6e 
0000000100ee35b0	00 41 6c 6c 43 61 73 65 73 00 52 61 77 56 61 6c 
0000000100ee35c0	75 65 00 00 00 00 00 00 00 00 00 00 00 00 00 00 
0000000100ee35d0	66 69 6c 74 65 72 00 73 79 6e 74 68 65 73 69 7a 
0000000100ee35e0	65 72 00 70 61 63 6b 50 6c 61 79 65 72 00 63 75 
0000000100ee35f0	73 74 6f 6d 53 74 6f 72 65 00 73 6f 75 72 63 65 
0000000100ee3600	53 74 6f 72 65 00 63 65 72 65 6d 6f 6e 79 51 75 
0000000100ee3610	65 75 65 00 00 00 00 00 00 00 00 00 00 00 00 00 
0000000100ee3620	6f 75 74 70 75 74 44 65 76 69 63 65 4f 62 73 65 
0000000100ee3630	72 76 65 72 00 5f 73 65 6c 65 63 74 65 64 50 61 
0000000100ee3640	63 6b 49 64 00 5f 69 73 45 6e 61 62 6c 65 64 00 
0000000100ee3650	5f 76 6f 6c 75 6d 65 00 00 00 00 00 00 00 00 00 
0000000100ee3660	5f 71 75 69 65 74 48 6f 75 72 73 45 6e 61 62 6c 
0000000100ee3670	65 64 00 00 00 00 00 00 00 00 00 00 00 00 00 00 
0000000100ee3680	5f 71 75 69 65 74 48 6f 75 72 73 53 74 61 72 74 
0000000100ee3690	4d 69 6e 75 74 65 73 00 00 00 00 00 00 00 00 00 
0000000100ee36a0	5f 71 75 69 65 74 48 6f 75 72 73 45 6e 64 4d 69 
0000000100ee36b0	6e 75 74 65 73 00 5f 63 65 72 65 6d 6f 6e 79 50 
0000000100ee36c0	6c 61 79 65 72 00 00 00 00 00 00 00 00 00 00 00 
0000000100ee36d0	5f 69 73 43 65 72 65 6d 6f 6e 79 4c 6f 61 64 49 
0000000100ee36e0	6e 50 72 6f 67 72 65 73 73 00 00 00 00 00 00 00 
0000000100ee36f0	5f 73 68 6f 75 6c 64 41 75 74 6f 70 6c 61 79 43 
0000000100ee3700	65 72 65 6d 6f 6e 79 57 68 65 6e 52 65 61 64 79 
0000000100ee3710	00 00 00 00 00 00 00 00 00 00 00 00 00 00 00 00 
0000000100ee3720	5f 63 65 72 65 6d 6f 6e 79 4c 6f 61 64 47 65 6e 
0000000100ee3730	65 72 61 74 69 6f 6e 00 5f 6c 61 73 74 50 72 65 
0000000100ee3740	76 69 65 77 41 74 00 00 00 00 00 00 00 00 00 00 
0000000100ee3750	5f 24 6f 62 73 65 72 76 61 74 69 6f 6e 52 65 67 
0000000100ee3760	69 73 74 72 61 72 00 73 6f 6d 65 43 6f 6d 70 6c 
0000000100ee3770	65 74 65 00 61 6c 6c 43 6f 6d 70 6c 65 74 65 00 
0000000100ee3780	6f 6e 43 68 61 6e 67 65 00 63 61 6c 6c 62 61 63 
0000000100ee3790	6b 51 75 65 75 65 00 65 6e 74 72 69 65 73 00 69 
0000000100ee37a0	73 53 74 61 72 74 65 64 00 64 65 66 61 75 6c 74 
0000000100ee37b0	4f 75 74 70 75 74 00 00 00 00 00 00 00 00 00 00 
0000000100ee37c0	73 79 73 74 65 6d 53 6f 75 6e 64 45 66 66 65 63 
0000000100ee37d0	74 73 4f 75 74 70 75 74 00 61 64 64 72 65 73 73 
0000000100ee37e0	00 6b 69 6e 64 00 62 6c 6f 63 6b 00 52 61 77 56 
0000000100ee37f0	61 6c 75 65 00 69 64 00 64 69 73 70 6c 61 79 4e 
0000000100ee3800	61 6d 65 00 76 65 72 73 69 6f 6e 00 64 69 72 65 
0000000100ee3810	63 74 6f 72 79 55 52 4c 00 73 6f 75 6e 64 73 00 
0000000100ee3820	49 44 00 6e 61 6d 65 00 67 69 74 68 75 62 00 63 
0000000100ee3830	65 73 70 5f 76 65 72 73 69 6f 6e 00 64 69 73 70 
0000000100ee3840	6c 61 79 5f 6e 61 6d 65 00 61 75 74 68 6f 72 00 
0000000100ee3850	6c 69 63 65 6e 73 65 00 63 61 74 65 67 6f 72 69 
0000000100ee3860	65 73 00 66 69 6c 65 00 6c 61 62 65 6c 00 00 00 
0000000100ee3870	70 6c 61 79 65 72 00 70 72 65 70 61 72 65 54 61 
0000000100ee3880	73 6b 00 73 74 6f 70 54 61 73 6b 00 00 00 00 00 
0000000100ee3890	70 6c 61 79 62 61 63 6b 47 65 6e 65 72 61 74 69 
0000000100ee38a0	6f 6e 00 6c 61 73 74 50 6c 61 79 65 64 00 65 6d 
0000000100ee38b0	70 74 79 46 69 6c 65 00 00 00 00 00 00 00 00 00 
0000000100ee38c0	75 6e 73 75 70 70 6f 72 74 65 64 46 6f 72 6d 61 
0000000100ee38d0	74 00 74 6f 6f 4c 6f 6e 67 00 73 69 6c 65 6e 74 
0000000100ee38e0	00 00 00 00 00 00 00 00 00 00 00 00 00 00 00 00 
0000000100ee38f0	5f 70 61 63 6b 73 00 00 00 00 00 00 00 00 00 00 
0000000100ee3900	5f 72 65 67 69 73 74 72 79 45 6e 74 72 69 65 73 
0000000100ee3910	00 5f 64 6f 77 6e 6c 6f 61 64 53 74 61 74 65 73 
0000000100ee3920	00 00 00 00 00 00 00 00 00 00 00 00 00 00 00 00 
0000000100ee3930	5f 72 65 67 69 73 74 72 79 46 65 74 63 68 46 61 
0000000100ee3940	69 6c 65 64 00 5f 73 63 61 6e 54 69 6d 65 72 00 
0000000100ee3950	5f 69 73 46 65 74 63 68 69 6e 67 52 65 67 69 73 
0000000100ee3960	74 72 79 00 00 00 00 00 00 00 00 00 00 00 00 00 
0000000100ee3970	5f 24 6f 62 73 65 72 76 61 74 69 6f 6e 52 65 67 
0000000100ee3980	69 73 74 72 61 72 00 6e 61 6d 65 00 67 69 74 68 
0000000100ee3990	75 62 00 64 69 73 70 6c 61 79 5f 6e 61 6d 65 00 
0000000100ee39a0	76 65 72 73 69 6f 6e 00 64 65 73 63 72 69 70 74 
0000000100ee39b0	69 6f 6e 00 61 75 74 68 6f 72 00 74 72 75 73 74 
0000000100ee39c0	5f 74 69 65 72 00 6c 69 63 65 6e 73 65 00 73 6f 
0000000100ee39d0	75 6e 64 5f 63 6f 75 6e 74 00 00 00 00 00 00 00 
0000000100ee39e0	74 6f 74 61 6c 5f 73 69 7a 65 5f 62 79 74 65 73 
0000000100ee39f0	00 73 6f 75 72 63 65 5f 72 65 70 6f 00 73 6f 75 
0000000100ee3a00	72 63 65 5f 72 65 66 00 73 6f 75 72 63 65 5f 70 
0000000100ee3a10	61 74 68 00 6c 61 6e 67 75 61 67 65 00 74 61 67 
0000000100ee3a20	73 00 66 61 69 6c 65 64 00 69 64 6c 65 00 64 6f 
0000000100ee3a30	77 6e 6c 6f 61 64 69 6e 67 00 49 44 00 70 61 63 
0000000100ee3a40	6b 73 00 61 70 70 6c 65 53 79 73 74 65 6d 00 63 
0000000100ee3a50	75 73 74 6f 6d 00 6f 66 66 00 62 75 69 6c 74 69 
0000000100ee3a60	6e 38 62 69 74 00 66 69 6c 65 49 64 00 6e 61 6d 
0000000100ee3a70	65 00 00 00 00 00 00 00 00 00 00 00 00 00 00 00 
0000000100ee3a80	5f 73 65 6c 65 63 74 69 6f 6e 73 00 64 65 66 61 
0000000100ee3a90	75 6c 74 73 00 00 00 00 00 00 00 00 00 00 00 00 
0000000100ee3aa0	5f 24 6f 62 73 65 72 76 61 74 69 6f 6e 52 65 67 
0000000100ee3ab0	69 73 74 72 61 72 00 00 00 00 00 00 00 00 00 00 
0000000100ee3ac0	65 6e 67 69 6e 65 00 6d 69 78 65 72 00 70 6c 61 
0000000100ee3ad0	79 65 72 00 00 00 00 00 00 00 00 00 00 00 00 00 
0000000100ee3ae0	63 6f 6e 66 69 67 75 72 61 74 69 6f 6e 4f 62 73 
0000000100ee3af0	65 72 76 65 72 00 69 73 53 65 74 75 70 00 6f 75 
0000000100ee3b00	74 70 75 74 56 6f 6c 75 6d 65 00 61 75 64 69 6f 
0000000100ee3b10	51 75 65 75 65 00 67 65 6e 65 72 61 74 69 6f 6e 
0000000100ee3b20	00 00 00 00 00 00 00 00 00 00 00 00 00 00 00 00 
0000000100ee3b30	69 64 6c 65 53 68 75 74 64 6f 77 6e 57 6f 72 6b 
0000000100ee3b40	00 73 74 61 6e 64 61 72 64 00 71 75 65 73 74 69 
0000000100ee3b50	6f 6e 00 64 69 73 70 6c 61 79 4e 61 6d 65 73 00 
0000000100ee3b60	6a 75 6d 70 52 75 6c 65 73 00 6d 65 74 68 6f 64 
0000000100ee3b70	00 74 65 6d 70 6c 61 74 65 00 00 00 00 00 00 00 
0000000100ee3b80	6d 69 73 73 69 6e 67 53 69 6e 63 65 42 79 42 75 
0000000100ee3b90	6e 64 6c 65 49 64 65 6e 74 69 66 69 65 72 00 00 
0000000100ee3ba0	72 75 6e 6e 69 6e 67 42 75 6e 64 6c 65 49 64 65 
0000000100ee3bb0	6e 74 69 66 69 65 72 73 00 67 72 61 63 65 00 65 
0000000100ee3bc0	78 70 69 72 65 64 00 72 75 6e 6e 69 6e 67 00 75 
0000000100ee3bd0	6e 74 72 61 63 6b 65 64 00 00 00 00 00 00 00 00 
0000000100ee3be0	62 75 6e 64 6c 65 49 64 65 6e 74 69 66 69 65 72 
0000000100ee3bf0	00 61 75 74 68 6f 72 69 74 79 00 72 75 6e 6e 69 
0000000100ee3c00	6e 67 42 65 68 61 76 69 6f 72 00 61 75 74 68 6f 
0000000100ee3c10	72 69 74 61 74 69 76 65 00 63 6f 6e 64 69 74 69 
0000000100ee3c20	6f 6e 61 6c 00 6b 65 65 70 41 6c 69 76 65 4f 6e 
0000000100ee3c30	6c 79 00 68 6f 6c 64 00 61 6c 6c 6f 77 46 61 6c 
0000000100ee3c40	6c 62 61 63 6b 00 00 00 00 00 00 00 00 00 00 00 
0000000100ee3c50	5f 64 65 6e 69 65 64 41 6e 63 65 73 74 6f 72 42 
0000000100ee3c60	75 6e 64 6c 65 73 00 63 6f 6e 66 69 67 55 52 4c 
0000000100ee3c70	00 5f 63 6f 6e 66 69 67 00 5f 64 69 64 4c 6f 61 
0000000100ee3c80	64 00 00 00 00 00 00 00 00 00 00 00 00 00 00 00 
0000000100ee3c90	5f 24 6f 62 73 65 72 76 61 74 69 6f 6e 52 65 67 
0000000100ee3ca0	69 73 74 72 61 72 00 61 64 64 65 64 00 72 65 65 
0000000100ee3cb0	6e 61 62 6c 65 64 00 61 6c 72 65 61 64 79 45 78 
0000000100ee3cc0	69 73 74 73 00 66 61 69 6c 65 64 00 75 6e 72 65 
0000000100ee3cd0	61 64 61 62 6c 65 00 00 00 00 00 00 00 00 00 00 
0000000100ee3ce0	6d 69 73 73 69 6e 67 49 6e 66 6f 50 6c 69 73 74 
0000000100ee3cf0	00 00 00 00 00 00 00 00 00 00 00 00 00 00 00 00 
0000000100ee3d00	69 6e 76 61 6c 69 64 49 6e 66 6f 50 6c 69 73 74 
0000000100ee3d10	00 00 00 00 00 00 00 00 00 00 00 00 00 00 00 00 
0000000100ee3d20	6d 69 73 73 69 6e 67 42 75 6e 64 6c 65 49 64 65 
0000000100ee3d30	6e 74 69 66 69 65 72 00 00 00 00 00 00 00 00 00 
0000000100ee3d40	63 6c 61 75 64 65 00 63 6f 64 65 78 00 7a 63 6f 
0000000100ee3d50	64 65 00 67 65 6d 69 6e 69 00 61 6e 74 69 67 72 
0000000100ee3d60	61 76 69 74 79 00 63 75 72 73 6f 72 00 74 72 61 
0000000100ee3d70	65 00 6f 70 65 6e 63 6f 64 65 00 6d 69 6d 6f 63 
0000000100ee3d80	6f 64 65 00 64 65 76 69 6e 00 64 72 6f 69 64 00 
0000000100ee3d90	71 6f 64 65 72 00 71 6f 64 65 72 63 6e 00 71 77 
0000000100ee3da0	65 6e 00 67 72 6f 6b 00 6b 69 6d 69 00 6b 69 6d 
0000000100ee3db0	69 43 6f 64 65 00 64 65 65 70 73 65 65 6b 00 6d 
0000000100ee3dc0	69 73 74 72 61 6c 56 69 62 65 00 67 61 6a 61 65 
0000000100ee3dd0	43 6f 64 65 00 63 6f 70 69 6c 6f 74 00 63 6f 64 
0000000100ee3de0	65 62 75 64 64 79 00 77 6f 72 6b 62 75 64 64 79 
0000000100ee3df0	00 6b 69 72 6f 00 68 65 72 6d 65 73 00 61 6d 70 
0000000100ee3e00	00 70 69 00 6f 68 4d 79 50 69 00 67 65 6e 65 72 
0000000100ee3e10	69 63 00 73 65 73 73 69 6f 6e 49 64 00 73 6f 75 
0000000100ee3e20	72 63 65 00 63 77 64 00 74 74 79 00 74 65 72 6d 
0000000100ee3e30	53 65 73 73 69 6f 6e 49 64 00 69 74 65 72 6d 53 
0000000100ee3e40	65 73 73 69 6f 6e 49 64 00 74 6d 75 78 50 61 6e 
0000000100ee3e50	65 00 00 00 00 00 00 00 00 00 00 00 00 00 00 00 
0000000100ee3e60	7a 65 6c 6c 69 6a 53 65 73 73 69 6f 6e 4e 61 6d 
0000000100ee3e70	65 00 7a 65 6c 6c 69 6a 50 61 6e 65 49 64 00 6b 
0000000100ee3e80	69 74 74 79 57 69 6e 64 6f 77 49 64 00 63 6d 75 
0000000100ee3e90	78 57 6f 72 6b 73 70 61 63 65 49 64 00 63 6d 75 
0000000100ee3ea0	78 53 75 72 66 61 63 65 49 64 00 63 6d 75 78 53 
0000000100ee3eb0	6f 63 6b 65 74 50 61 74 68 00 00 00 00 00 00 00 
0000000100ee3ec0	69 73 4f 70 65 6e 43 6f 64 65 53 75 62 61 67 65 
0000000100ee3ed0	6e 74 00 00 00 00 00 00 00 00 00 00 00 00 00 00 
0000000100ee3ee0	69 73 43 6f 64 65 78 54 68 72 65 61 64 53 70 61 
0000000100ee3ef0	77 6e 53 75 62 61 67 65 6e 74 00 73 65 73 73 69 
0000000100ee3f00	6f 6e 49 64 00 74 68 72 65 61 64 49 64 00 74 75 
0000000100ee3f10	72 6e 49 64 00 72 65 71 75 65 73 74 4e 6f 6e 63 
0000000100ee3f20	65 00 73 75 62 6d 69 73 73 69 6f 6e 54 6f 6b 65 
0000000100ee3f30	6e 00 00 00 00 00 00 00 00 00 00 00 00 00 00 00 
0000000100ee3f40	73 6f 75 72 63 65 00 73 65 73 73 69 6f 6e 49 64 
0000000100ee3f50	00 70 69 64 00 74 74 79 00 63 77 64 00 00 00 00 
0000000100ee3f60	62 75 6e 64 6c 65 49 64 65 6e 74 69 66 69 65 72 
0000000100ee3f70	00 63 6f 6d 6d 61 6e 64 00 00 00 00 00 00 00 00 
0000000100ee3f80	63 77 64 00 72 6f 6c 6c 6f 75 74 50 61 74 68 00 
0000000100ee3f90	6f 72 69 67 69 6e 61 74 6f 72 00 74 68 72 65 61 
0000000100ee3fa0	64 53 6f 75 72 63 65 00 6f 72 69 67 69 6e 00 00 
0000000100ee3fb0	62 75 6e 64 6c 65 49 64 65 6e 74 69 66 69 65 72 
0000000100ee3fc0	00 73 75 62 61 67 65 6e 74 4b 69 6e 64 00 00 00 
0000000100ee3fd0	73 75 62 61 67 65 6e 74 50 61 72 65 6e 74 54 68 
0000000100ee3fe0	72 65 61 64 49 64 00 00 00 00 00 00 00 00 00 00 
0000000100ee3ff0	73 75 62 61 67 65 6e 74 4e 69 63 6b 6e 61 6d 65 
0000000100ee4000	00 73 75 62 61 67 65 6e 74 52 6f 6c 65 00 73 6f 
0000000100ee4010	75 72 63 65 00 64 69 72 65 63 74 6f 72 79 00 74 
0000000100ee4020	69 74 6c 65 00 61 72 63 68 69 76 65 64 41 74 00 
0000000100ee4030	70 61 72 65 6e 74 49 44 00 00 00 00 00 00 00 00 
0000000100ee4040	68 61 73 50 61 72 65 6e 74 49 44 43 6f 6c 75 6d 
0000000100ee4050	6e 00 73 65 73 73 69 6f 6e 49 64 00 6d 6f 64 54 
0000000100ee4060	69 6d 65 00 69 6e 66 6f 00 00 00 00 00 00 00 00 
0000000100ee4070	6c 61 6e 65 73 4c 6f 63 6b 00 6c 61 6e 65 73 00 
0000000100ee4080	6c 6f 63 6b 00 67 65 6e 65 72 61 74 69 6f 6e 00 
0000000100ee4090	6f 77 6e 65 72 00 24 64 65 66 61 75 6c 74 41 63 
0000000100ee40a0	74 6f 72 00 73 65 73 73 69 6f 6e 73 00 00 00 00 
0000000100ee40b0	68 6f 73 74 41 70 70 45 78 69 74 54 72 61 63 6b 
0000000100ee40c0	65 72 00 00 00 00 00 00 00 00 00 00 00 00 00 00 
0000000100ee40d0	66 69 6e 61 6c 69 7a 65 64 48 6f 6f 6b 49 6e 67 
0000000100ee40e0	72 65 73 73 46 6c 6f 6f 72 73 00 00 00 00 00 00 
0000000100ee40f0	63 6f 6e 73 75 6d 65 64 48 6f 6f 6b 49 6e 67 72 
0000000100ee4100	65 73 73 52 65 76 69 73 69 6f 6e 73 00 00 00 00 
0000000100ee4110	76 61 63 61 6e 74 48 6f 6f 6b 52 65 64 75 63 65 
0000000100ee4120	72 43 6c 61 69 6d 73 00 00 00 00 00 00 00 00 00 
0000000100ee4130	68 6f 6f 6b 52 65 64 75 63 65 72 41 64 6d 69 73 
0000000100ee4140	73 69 6f 6e 53 65 71 75 65 6e 63 65 00 61 63 74 
0000000100ee4150	69 76 65 53 65 73 73 69 6f 6e 49 64 00 00 00 00 
0000000100ee4160	73 75 6d 6d 61 72 69 7a 65 64 53 65 73 73 69 6f 
0000000100ee4170	6e 49 64 73 00 00 00 00 00 00 00 00 00 00 00 00 
0000000100ee4180	70 65 6e 64 69 6e 67 43 6f 64 65 78 44 65 6c 74 
0000000100ee4190	61 73 00 00 00 00 00 00 00 00 00 00 00 00 00 00 
0000000100ee41a0	70 65 6e 64 69 6e 67 43 6f 64 65 78 44 65 6c 74 
0000000100ee41b0	61 54 69 6d 65 6f 75 74 00 00 00 00 00 00 00 00 
0000000100ee41c0	70 65 6e 64 69 6e 67 43 6f 64 65 78 44 65 73 6b 
0000000100ee41d0	74 6f 70 48 6f 6f 6b 73 00 00 00 00 00 00 00 00 
0000000100ee41e0	70 65 6e 64 69 6e 67 43 6f 64 65 78 44 65 73 6b 
0000000100ee41f0	74 6f 70 48 6f 6f 6b 54 69 6d 65 6f 75 74 00 00 
0000000100ee4200	68 61 73 43 6f 6e 66 69 67 75 72 65 64 43 6d 75 
0000000100ee4210	78 53 6f 63 6b 65 74 00 00 00 00 00 00 00 00 00 
0000000100ee4220	70 65 6e 64 69 6e 67 50 61 72 73 65 52 65 71 75 
0000000100ee4230	65 73 74 73 00 00 00 00 00 00 00 00 00 00 00 00 
0000000100ee4240	70 61 72 73 65 44 65 62 6f 75 6e 63 65 54 61 73 
0000000100ee4250	6b 00 00 00 00 00 00 00 00 00 00 00 00 00 00 00 
0000000100ee4260	70 61 72 73 65 44 65 62 6f 75 6e 63 65 44 65 6c 
0000000100ee4270	61 79 00 00 00 00 00 00 00 00 00 00 00 00 00 00 
0000000100ee4280	6d 65 74 61 64 61 74 61 57 72 69 74 65 54 61 73 
0000000100ee4290	6b 00 00 00 00 00 00 00 00 00 00 00 00 00 00 00 
0000000100ee42a0	68 61 73 43 6f 6d 70 6c 65 74 65 64 53 74 61 72 
0000000100ee42b0	74 75 70 52 65 73 74 6f 72 65 00 00 00 00 00 00 
0000000100ee42c0	63 6c 61 75 64 65 44 65 73 6b 74 6f 70 43 6f 64 
0000000100ee42d0	65 53 75 70 70 72 65 73 73 69 6f 6e 73 00 00 00 
0000000100ee42e0	68 61 73 4c 6f 61 64 65 64 43 6c 61 75 64 65 44 
0000000100ee42f0	65 73 6b 74 6f 70 43 6f 64 65 53 75 70 70 72 65 
0000000100ee4300	73 73 69 6f 6e 73 00 00 00 00 00 00 00 00 00 00 
0000000100ee4310	63 6c 61 75 64 65 44 65 73 6b 74 6f 70 43 6f 64 
0000000100ee4320	65 52 65 65 6e 67 61 67 65 64 43 4c 49 49 64 73 
0000000100ee4330	00 00 00 00 00 00 00 00 00 00 00 00 00 00 00 00 
0000000100ee4340	69 74 65 72 6d 53 65 73 73 69 6f 6e 52 65 66 72 
0000000100ee4350	65 73 68 43 6c 61 69 6d 73 00 00 00 00 00 00 00 
0000000100ee4360	72 65 66 72 65 73 68 69 6e 67 43 6f 64 65 78 54 
0000000100ee4370	69 74 6c 65 53 65 73 73 69 6f 6e 49 64 73 00 00 
0000000100ee4380	61 6e 74 69 67 72 61 76 69 74 79 57 61 74 63 68 
0000000100ee4390	65 72 73 00 00 00 00 00 00 00 00 00 00 00 00 00 
0000000100ee43a0	61 6e 74 69 67 72 61 76 69 74 79 41 74 74 65 6e 
0000000100ee43b0	74 69 6f 6e 57 61 74 63 68 65 72 73 00 00 00 00 
0000000100ee43c0	70 65 6e 64 69 6e 67 41 6e 74 69 67 72 61 76 69 
0000000100ee43d0	74 79 50 61 72 65 6e 74 4d 61 70 00 73 69 6c 65 
0000000100ee43e0	6e 63 65 53 6e 61 70 73 68 6f 74 00 00 00 00 00 
0000000100ee43f0	69 73 50 75 62 6c 69 73 68 53 63 68 65 64 75 6c 
0000000100ee4400	65 64 00 74 6f 6b 65 6e 00 73 65 73 73 69 6f 6e 
0000000100ee4410	49 64 00 00 00 00 00 00 00 00 00 00 00 00 00 00 
0000000100ee4420	72 75 6e 74 69 6d 65 49 6e 73 74 61 6e 63 65 49 
0000000100ee4430	64 00 73 74 61 72 74 65 64 56 61 63 61 6e 74 00 
0000000100ee4440	69 6e 67 72 65 73 73 52 65 76 69 73 69 6f 6e 00 
0000000100ee4450	61 64 6d 69 73 73 69 6f 6e 53 65 71 75 65 6e 63 
0000000100ee4460	65 00 70 72 65 76 69 6f 75 73 53 74 61 74 75 73 
0000000100ee4470	00 00 00 00 00 00 00 00 00 00 00 00 00 00 00 00 
0000000100ee4480	70 72 65 76 69 6f 75 73 41 63 74 69 76 65 43 6f 
0000000100ee4490	6d 70 61 63 74 69 6f 6e 00 00 00 00 00 00 00 00 
0000000100ee44a0	70 72 65 76 69 6f 75 73 4d 61 6e 75 61 6c 43 6f 
0000000100ee44b0	6d 70 61 63 74 69 6f 6e 43 6f 6d 70 6c 65 74 65 
0000000100ee44c0	64 00 73 74 61 74 75 73 00 63 75 72 72 65 6e 74 
0000000100ee44d0	54 6f 6f 6c 00 74 6f 6f 6c 54 61 72 67 65 74 00 
0000000100ee44e0	74 6f 6f 6c 49 6e 70 75 74 00 00 00 00 00 00 00 
0000000100ee44f0	68 61 73 54 6f 6f 6c 49 6e 70 75 74 55 70 64 61 
0000000100ee4500	74 65 00 75 73 65 72 4d 65 73 73 61 67 65 00 00 
0000000100ee4510	61 73 73 69 73 74 61 6e 74 4d 65 73 73 61 67 65 
0000000100ee4520	00 00 00 00 00 00 00 00 00 00 00 00 00 00 00 00 
0000000100ee4530	73 74 61 74 75 73 57 61 72 6e 69 6e 67 4d 65 73 
0000000100ee4540	73 61 67 65 00 74 69 74 6c 65 00 6d 6f 64 65 6c 
0000000100ee4550	00 72 65 61 73 6f 6e 69 6e 67 45 66 66 6f 72 74 
0000000100ee4560	00 6c 61 73 74 41 63 74 69 76 69 74 79 41 74 00 
0000000100ee4570	72 6f 6c 6c 6f 75 74 50 61 74 68 00 68 6f 6f 6b 
0000000100ee4580	43 6f 6e 66 69 67 49 64 00 00 00 00 00 00 00 00 
0000000100ee4590	6f 62 73 65 72 76 65 64 54 6f 6f 6c 43 61 6c 6c 
0000000100ee45a0	49 64 73 00 63 77 64 00 66 69 72 73 74 53 65 65 
0000000100ee45b0	6e 41 74 00 70 61 79 6c 6f 61 64 4b 69 6e 64 00 
0000000100ee45c0	70 61 6e 65 49 64 00 73 6f 63 6b 65 74 50 61 74 
0000000100ee45d0	68 00 74 68 72 65 61 64 49 64 00 77 61 74 63 68 
0000000100ee45e0	65 72 00 70 61 72 65 6e 74 53 65 73 73 69 6f 6e 
0000000100ee45f0	49 64 00 00 00 00 00 00 00 00 00 00 00 00 00 00 
0000000100ee4600	70 61 72 65 6e 74 52 75 6e 74 69 6d 65 49 6e 73 
0000000100ee4610	74 61 6e 63 65 49 64 00 00 00 00 00 00 00 00 00 
0000000100ee4620	68 6f 6f 6b 49 6e 67 72 65 73 73 52 65 76 69 73 
0000000100ee4630	69 6f 6e 00 00 00 00 00 00 00 00 00 00 00 00 00 
0000000100ee4640	72 61 77 48 6f 6f 6b 49 6e 67 72 65 73 73 43 75 
0000000100ee4650	74 6f 66 66 00 00 00 00 00 00 00 00 00 00 00 00 
0000000100ee4660	70 65 72 6d 69 73 73 69 6f 6e 49 6e 67 72 65 73 
0000000100ee4670	73 52 65 76 69 73 69 6f 6e 00 00 00 00 00 00 00 
0000000100ee4680	61 70 70 72 6f 76 61 6c 45 6e 74 65 72 65 64 41 
0000000100ee4690	74 00 00 00 00 00 00 00 00 00 00 00 00 00 00 00 
0000000100ee46a0	68 6f 6f 6b 50 65 72 6d 69 73 73 69 6f 6e 41 63 
0000000100ee46b0	74 69 76 65 00 74 69 74 6c 65 4d 61 72 6b 65 72 
0000000100ee46c0	00 61 70 70 42 75 6e 64 6c 65 49 64 00 69 73 55 
0000000100ee46d0	73 65 72 49 6e 69 74 69 61 74 65 64 00 73 65 73 
0000000100ee46e0	73 69 6f 6e 00 00 00 00 00 00 00 00 00 00 00 00 
0000000100ee46f0	70 65 72 6d 69 73 73 69 6f 6e 43 75 74 6f 66 66 
0000000100ee4700	00 00 00 00 00 00 00 00 00 00 00 00 00 00 00 00 
0000000100ee4710	72 6f 6c 6c 6f 75 74 52 65 76 6f 63 61 74 69 6f 
0000000100ee4720	6e 00 00 00 00 00 00 00 00 00 00 00 00 00 00 00 
0000000100ee4730	70 65 6e 64 69 6e 67 50 65 72 6d 69 73 73 69 6f 
0000000100ee4740	6e 50 75 62 6c 69 63 61 74 69 6f 6e 54 6f 6b 65 
0000000100ee4750	6e 00 00 00 00 00 00 00 00 00 00 00 00 00 00 00 
0000000100ee4760	68 6f 6f 6b 54 6f 67 67 6c 65 52 65 76 69 73 69 
0000000100ee4770	6f 6e 00 00 00 00 00 00 00 00 00 00 00 00 00 00 
0000000100ee4780	70 72 65 73 65 6e 74 61 74 69 6f 6e 47 65 6e 65 
0000000100ee4790	72 61 74 69 6f 6e 00 77 61 73 4e 65 77 53 65 73 
0000000100ee47a0	73 69 6f 6e 00 00 00 00 00 00 00 00 00 00 00 00 
0000000100ee47b0	63 6f 6d 70 61 63 74 69 6f 6e 50 72 65 73 65 6e 
0000000100ee47c0	74 61 74 69 6f 6e 00 00 00 00 00 00 00 00 00 00 
0000000100ee47d0	69 73 4d 61 6e 75 61 6c 43 6f 6d 70 61 63 74 69 
0000000100ee47e0	6f 6e 43 6f 6e 74 69 6e 75 61 74 69 6f 6e 52 65 
0000000100ee47f0	73 75 6d 65 00 00 00 00 00 00 00 00 00 00 00 00 
0000000100ee4800	67 68 6f 73 74 74 79 43 61 63 68 65 50 72 6f 62 
0000000100ee4810	65 52 65 71 75 65 73 74 00 73 65 73 73 69 6f 6e 
0000000100ee4820	73 00 61 63 74 69 76 65 53 65 73 73 69 6f 6e 49 
0000000100ee4830	64 00 00 00 00 00 00 00 00 00 00 00 00 00 00 00 
0000000100ee4840	62 75 6e 64 6c 65 49 64 65 6e 74 69 66 69 65 72 
0000000100ee4850	00 00 00 00 00 00 00 00 00 00 00 00 00 00 00 00 
0000000100ee4860	61 64 6d 69 73 73 69 6f 6e 42 75 6e 64 6c 65 49 
0000000100ee4870	64 65 6e 74 69 66 69 65 72 73 00 74 74 79 00 74 
0000000100ee4880	65 72 6d 50 72 6f 67 72 61 6d 00 00 00 00 00 00 
0000000100ee4890	68 6f 73 74 57 6f 72 6b 73 70 61 63 65 44 69 73 
0000000100ee48a0	70 6c 61 79 4e 61 6d 65 00 70 61 73 65 6f 41 67 
0000000100ee48b0	65 6e 74 49 64 00 69 73 49 6e 54 6d 75 78 00 69 
0000000100ee48c0	73 54 6d 75 78 43 43 00 74 6d 75 78 50 61 6e 65 
0000000100ee48d0	00 74 6d 75 78 53 6f 63 6b 65 74 50 61 74 68 00 
0000000100ee48e0	69 74 65 72 6d 53 65 73 73 69 6f 6e 49 64 00 00 
0000000100ee48f0	69 74 65 72 6d 53 65 73 73 69 6f 6e 49 64 53 6f 
0000000100ee4900	75 72 63 65 00 74 65 72 6d 53 65 73 73 69 6f 6e 
0000000100ee4910	49 64 00 6b 69 74 74 79 57 69 6e 64 6f 77 49 64 
0000000100ee4920	00 6b 69 74 74 79 4c 69 73 74 65 6e 4f 6e 00 00 
0000000100ee4930	7a 65 6c 6c 69 6a 53 65 73 73 69 6f 6e 4e 61 6d 
0000000100ee4940	65 00 7a 65 6c 6c 69 6a 50 61 6e 65 49 64 00 77 
0000000100ee4950	61 72 70 50 61 6e 65 55 55 49 44 00 77 61 72 70 
0000000100ee4960	46 6f 63 75 73 55 52 4c 00 69 73 49 6e 48 65 72 
0000000100ee4970	64 72 00 68 65 72 64 72 50 61 6e 65 49 64 00 68 
0000000100ee4980	65 72 64 72 54 61 62 49 64 00 00 00 00 00 00 00 
0000000100ee4990	68 65 72 64 72 57 6f 72 6b 73 70 61 63 65 49 64 
0000000100ee49a0	00 68 65 72 64 72 53 6f 63 6b 65 74 50 61 74 68 
0000000100ee49b0	00 73 6f 75 72 63 65 00 68 6f 6f 6b 43 6f 6e 66 
0000000100ee49c0	69 67 49 64 00 73 74 61 74 75 73 00 6c 61 73 74 
0000000100ee49d0	41 63 74 69 76 69 74 79 41 74 00 00 00 00 00 00 
0000000100ee49e0	68 61 64 52 65 61 6c 54 65 6c 65 6d 65 74 72 79 
0000000100ee49f0	41 63 74 69 76 69 74 79 00 63 77 64 00 72 65 70 
0000000100ee4a00	6f 4e 61 6d 65 00 77 6f 72 6b 74 72 65 65 4e 61 
0000000100ee4a10	6d 65 00 67 69 74 42 72 61 6e 63 68 00 66 69 72 
0000000100ee4a20	73 74 43 77 64 00 61 6e 63 68 6f 72 52 65 70 6f 
0000000100ee4a30	4e 61 6d 65 00 00 00 00 00 00 00 00 00 00 00 00 
0000000100ee4a40	73 6f 75 72 63 65 50 72 6f 6a 65 63 74 4e 61 6d 
0000000100ee4a50	65 00 63 75 73 74 6f 6d 54 69 74 6c 65 00 67 65 
0000000100ee4a60	6e 65 72 61 74 65 64 54 69 74 6c 65 00 00 00 00 
0000000100ee4a70	66 69 72 73 74 55 73 65 72 4d 65 73 73 61 67 65 
0000000100ee4a80	00 73 75 6d 6d 61 72 79 00 64 65 73 6b 74 6f 70 
0000000100ee4a90	54 69 74 6c 65 00 00 00 00 00 00 00 00 00 00 00 
0000000100ee4aa0	63 6c 61 75 64 65 44 65 73 6b 74 6f 70 53 65 73 
0000000100ee4ab0	73 69 6f 6e 49 64 00 00 00 00 00 00 00 00 00 00 
0000000100ee4ac0	63 6c 61 75 64 65 44 65 73 6b 74 6f 70 43 6f 6d 
0000000100ee4ad0	70 6c 65 74 65 64 54 75 72 6e 73 00 6c 61 73 74 
0000000100ee4ae0	55 73 65 72 4d 65 73 73 61 67 65 00 00 00 00 00 
0000000100ee4af0	6c 61 73 74 41 73 73 69 73 74 61 6e 74 4d 65 73 
0000000100ee4b00	73 61 67 65 00 00 00 00 00 00 00 00 00 00 00 00 
0000000100ee4b10	6c 61 73 74 41 73 73 69 73 74 61 6e 74 4d 65 73 
0000000100ee4b20	73 61 67 65 46 75 6c 6c 00 63 75 72 72 65 6e 74 
0000000100ee4b30	54 6f 6f 6c 00 74 6f 6f 6c 54 61 72 67 65 74 00 
0000000100ee4b40	74 61 73 6b 53 6e 61 70 73 68 6f 74 00 69 64 65 
0000000100ee4b50	57 69 6e 64 6f 77 49 64 00 00 00 00 00 00 00 00 
0000000100ee4b60	63 75 72 73 6f 72 57 69 6e 64 6f 77 4b 69 6e 64 
0000000100ee4b70	00 63 6d 75 78 57 6f 72 6b 73 70 61 63 65 49 64 
0000000100ee4b80	00 63 6d 75 78 53 75 72 66 61 63 65 49 64 00 63 
0000000100ee4b90	6d 75 78 53 6f 63 6b 65 74 50 61 74 68 00 00 00 
0000000100ee4ba0	73 75 70 61 63 6f 64 65 57 6f 72 6b 74 72 65 65 
0000000100ee4bb0	49 64 00 73 75 70 61 63 6f 64 65 54 61 62 49 64 
0000000100ee4bc0	00 00 00 00 00 00 00 00 00 00 00 00 00 00 00 00 
0000000100ee4bd0	73 75 70 61 63 6f 64 65 53 75 72 66 61 63 65 49 
0000000100ee4be0	64 00 00 00 00 00 00 00 00 00 00 00 00 00 00 00 
0000000100ee4bf0	73 75 70 61 63 6f 64 65 53 6f 63 6b 65 74 50 61 
0000000100ee4c00	74 68 00 77 65 7a 74 65 72 6d 53 6f 63 6b 65 74 
0000000100ee4c10	00 77 65 7a 74 65 72 6d 50 61 6e 65 00 77 65 7a 
0000000100ee4c20	74 65 72 6d 57 69 6e 64 6f 77 49 64 00 6f 74 74 
0000000100ee4c30	79 53 6f 63 6b 65 74 00 6f 74 74 79 50 61 6e 65 
0000000100ee4c40	49 64 00 00 00 00 00 00 00 00 00 00 00 00 00 00 
0000000100ee4c50	6f 72 63 61 54 65 72 6d 69 6e 61 6c 48 61 6e 64 
0000000100ee4c60	6c 65 00 6f 72 63 61 50 61 6e 65 4b 65 79 00 00 
0000000100ee4c70	6f 72 63 61 57 6f 72 6b 73 70 61 63 65 52 6f 6f 
0000000100ee4c80	74 00 00 00 00 00 00 00 00 00 00 00 00 00 00 00 
0000000100ee4c90	73 75 70 65 72 73 65 74 57 6f 72 6b 73 70 61 63 
0000000100ee4ca0	65 49 64 00 00 00 00 00 00 00 00 00 00 00 00 00 
0000000100ee4cb0	73 75 70 65 72 73 65 74 54 65 72 6d 69 6e 61 6c 
0000000100ee4cc0	49 64 00 00 00 00 00 00 00 00 00 00 00 00 00 00 
0000000100ee4cd0	63 6f 6e 64 75 63 74 6f 72 57 6f 72 6b 73 70 61 
0000000100ee4ce0	63 65 49 64 00 00 00 00 00 00 00 00 00 00 00 00 
0000000100ee4cf0	63 6f 6e 64 75 63 74 6f 72 53 65 73 73 69 6f 6e 
0000000100ee4d00	49 64 00 00 00 00 00 00 00 00 00 00 00 00 00 00 
0000000100ee4d10	63 6f 6e 64 75 63 74 6f 72 57 6f 72 6b 73 70 61 
0000000100ee4d20	63 65 50 61 74 68 00 00 00 00 00 00 00 00 00 00 
0000000100ee4d30	63 6f 64 65 78 4e 6f 74 69 66 79 54 68 72 65 61 
0000000100ee4d40	64 49 64 00 00 00 00 00 00 00 00 00 00 00 00 00 
0000000100ee4d50	63 6f 64 65 78 52 6f 6c 6c 6f 75 74 50 61 74 68 
0000000100ee4d60	00 63 6f 64 65 78 4f 72 69 67 69 6e 00 63 6f 64 
0000000100ee4d70	65 78 4f 72 69 67 69 6e 61 74 6f 72 00 00 00 00 
0000000100ee4d80	63 6f 64 65 78 54 68 72 65 61 64 53 6f 75 72 63 
0000000100ee4d90	65 00 00 00 00 00 00 00 00 00 00 00 00 00 00 00 
0000000100ee4da0	63 6f 64 65 78 53 75 62 61 67 65 6e 74 4b 69 6e 
0000000100ee4db0	64 00 00 00 00 00 00 00 00 00 00 00 00 00 00 00 
0000000100ee4dc0	63 6f 64 65 78 53 75 62 61 67 65 6e 74 50 61 72 
0000000100ee4dd0	65 6e 74 54 68 72 65 61 64 49 64 00 00 00 00 00 
0000000100ee4de0	63 6f 64 65 78 53 75 62 61 67 65 6e 74 4e 69 63 
0000000100ee4df0	6b 6e 61 6d 65 00 00 00 00 00 00 00 00 00 00 00 
0000000100ee4e00	63 6f 64 65 78 53 75 62 61 67 65 6e 74 52 6f 6c 
0000000100ee4e10	65 00 00 00 00 00 00 00 00 00 00 00 00 00 00 00 
0000000100ee4e20	6f 70 65 6e 63 6f 64 65 53 65 72 76 65 72 50 6f 
0000000100ee4e30	72 74 00 00 00 00 00 00 00 00 00 00 00 00 00 00 
0000000100ee4e40	6f 70 65 6e 43 6f 64 65 50 61 72 65 6e 74 49 44 
0000000100ee4e50	00 69 73 53 53 48 52 65 6d 6f 74 65 00 73 73 68 
0000000100ee4e60	52 65 6d 6f 74 65 48 6f 73 74 49 64 00 52 61 77 
0000000100ee4e70	56 61 6c 75 65 00 00 00 00 00 00 00 00 00 00 00 
0000000100ee4e80	72 75 6c 65 73 00 76 65 72 73 69 6f 6e 00 68 69 
0000000100ee4e90	64 65 50 61 6e 65 6c 00 6d 75 74 65 53 6f 75 6e 
0000000100ee4ea0	64 00 73 75 70 70 72 65 73 73 45 78 70 61 6e 64 
0000000100ee4eb0	00 00 00 00 00 00 00 00 00 00 00 00 00 00 00 00 
0000000100ee4ec0	61 75 74 6f 44 69 73 6d 69 73 73 4f 6e 53 74 6f 
0000000100ee4ed0	70 00 6d 61 74 63 68 65 64 52 75 6c 65 49 64 73 
0000000100ee4ee0	00 69 64 00 6e 61 6d 65 00 69 73 45 6e 61 62 6c 
0000000100ee4ef0	65 64 00 69 73 42 75 69 6c 74 49 6e 00 6d 61 74 
0000000100ee4f00	63 68 65 72 73 00 61 63 74 69 6f 6e 00 74 69 74 
0000000100ee4f10	6c 65 00 66 69 72 73 74 55 73 65 72 50 72 6f 6d 
0000000100ee4f20	70 74 00 63 6c 69 00 74 6f 6f 6c 4e 61 6d 65 00 
0000000100ee4f30	63 77 64 00 6f 72 69 67 69 6e 61 74 6f 72 00 73 
0000000100ee4f40	75 62 61 67 65 6e 74 4b 69 6e 64 00 70 65 72 6d 
0000000100ee4f50	69 73 73 69 6f 6e 4d 6f 64 65 00 63 6f 6e 74 61 
0000000100ee4f60	69 6e 73 00 65 71 75 61 6c 73 00 70 72 65 66 69 
0000000100ee4f70	78 00 66 69 65 6c 64 00 6d 61 74 63 68 54 79 70 
0000000100ee4f80	65 00 70 61 74 74 65 72 6e 00 63 61 73 65 53 65 
0000000100ee4f90	6e 73 69 74 69 76 65 00 49 44 00 41 6c 6c 43 61 
0000000100ee4fa0	73 65 73 00 52 61 77 56 61 6c 75 65 00 72 75 6c 
0000000100ee4fb0	65 4e 61 6d 65 73 00 00 00 00 00 00 00 00 00 00 
0000000100ee4fc0	5f 64 69 73 61 62 6c 65 64 42 75 69 6c 74 49 6e 
0000000100ee4fd0	49 64 73 00 5f 63 75 73 74 6f 6d 52 75 6c 65 73 
0000000100ee4fe0	00 00 00 00 00 00 00 00 00 00 00 00 00 00 00 00 
0000000100ee4ff0	5f 24 6f 62 73 65 72 76 61 74 69 6f 6e 52 65 67 
0000000100ee5000	69 73 74 72 61 72 00 69 64 00 65 6e 61 62 6c 65 
0000000100ee5010	64 00 66 69 65 6c 64 00 6d 61 74 63 68 54 79 70 
0000000100ee5020	65 00 70 61 74 74 65 72 6e 00 63 61 73 65 53 65 
0000000100ee5030	6e 73 69 74 69 76 65 00 63 72 65 61 74 65 64 41 
0000000100ee5040	74 00 49 44 00 76 65 72 73 69 6f 6e 00 00 00 00 
0000000100ee5050	64 69 73 61 62 6c 65 64 42 75 69 6c 74 49 6e 49 
0000000100ee5060	64 73 00 63 75 73 74 6f 6d 52 75 6c 65 73 00 69 
0000000100ee5070	64 00 74 69 74 6c 65 00 73 79 6d 62 6f 6c 4e 61 
0000000100ee5080	6d 65 00 69 74 65 6d 73 00 69 73 45 78 70 61 6e 
0000000100ee5090	64 65 64 00 49 44 00 64 65 66 61 75 6c 74 73 00 
0000000100ee50a0	66 65 74 63 68 00 75 6e 61 76 61 69 6c 61 62 6c 
0000000100ee50b0	65 00 76 65 72 73 69 6f 6e 00 6c 6f 63 61 6c 65 
0000000100ee50c0	00 68 74 6d 6c 00 00 00 00 00 00 00 00 00 00 00 
0000000100ee50d0	70 72 65 73 65 72 76 65 64 00 00 00 00 00 00 00 
0000000100ee50e0	69 6e 69 74 69 61 6c 69 7a 65 64 45 78 69 73 74 
0000000100ee50f0	69 6e 67 55 73 65 72 00 00 00 00 00 00 00 00 00 
0000000100ee5100	69 6e 69 74 69 61 6c 69 7a 65 64 4e 65 77 55 73 
0000000100ee5110	65 72 00 00 00 00 00 00 00 00 00 00 00 00 00 00 
0000000100ee5120	76 69 65 77 4d 6f 64 65 6c 00 00 00 00 00 00 00 
0000000100ee5130	24 5f 5f 6c 61 7a 79 5f 73 74 6f 72 61 67 65 5f 
0000000100ee5140	24 5f 77 69 6e 64 6f 77 43 6f 6e 74 72 6f 6c 6c 
0000000100ee5150	65 72 00 00 00 00 00 00 00 00 00 00 00 00 00 00 
0000000100ee5160	5f 70 68 61 73 65 00 5f 63 75 72 72 65 6e 74 56 
0000000100ee5170	65 72 73 69 6f 6e 00 5f 6e 65 77 56 65 72 73 69 
0000000100ee5180	6f 6e 00 5f 69 73 43 72 69 74 69 63 61 6c 00 00 
0000000100ee5190	5f 69 73 49 6e 66 6f 72 6d 61 74 69 6f 6e 4f 6e 
0000000100ee51a0	6c 79 00 5f 69 73 4d 61 6a 6f 72 55 70 67 72 61 
0000000100ee51b0	64 65 00 00 00 00 00 00 00 00 00 00 00 00 00 00 
0000000100ee51c0	5f 69 73 41 6c 72 65 61 64 79 44 6f 77 6e 6c 6f 
0000000100ee51d0	61 64 65 64 00 00 00 00 00 00 00 00 00 00 00 00 
0000000100ee51e0	5f 72 65 6c 65 61 73 65 4e 6f 74 65 73 53 65 63 
0000000100ee51f0	74 69 6f 6e 73 00 00 00 00 00 00 00 00 00 00 00 
0000000100ee5200	5f 65 78 70 65 63 74 65 64 43 6f 6e 74 65 6e 74 
0000000100ee5210	4c 65 6e 67 74 68 00 00 00 00 00 00 00 00 00 00 
0000000100ee5220	5f 64 6f 77 6e 6c 6f 61 64 65 64 4c 65 6e 67 74 
0000000100ee5230	68 00 00 00 00 00 00 00 00 00 00 00 00 00 00 00 
0000000100ee5240	5f 75 70 64 61 74 65 43 68 6f 69 63 65 52 65 70 
0000000100ee5250	6c 79 00 5f 69 6e 73 74 61 6c 6c 52 65 70 6c 79 
0000000100ee5260	00 5f 63 61 6e 63 65 6c 6c 61 74 69 6f 6e 00 00 
0000000100ee5270	5f 61 63 6b 6e 6f 77 6c 65 64 67 65 6d 65 6e 74 
0000000100ee5280	00 00 00 00 00 00 00 00 00 00 00 00 00 00 00 00 
0000000100ee5290	5f 70 65 6e 64 69 6e 67 49 6d 6d 65 64 69 61 74 
0000000100ee52a0	65 49 6e 73 74 61 6c 6c 00 00 00 00 00 00 00 00 
0000000100ee52b0	5f 70 72 65 76 69 6f 75 73 56 65 72 73 69 6f 6e 
0000000100ee52c0	00 00 00 00 00 00 00 00 00 00 00 00 00 00 00 00 
0000000100ee52d0	5f 24 6f 62 73 65 72 76 61 74 69 6f 6e 52 65 67 
0000000100ee52e0	69 73 74 72 61 72 00 64 6f 77 6e 6c 6f 61 64 69 
0000000100ee52f0	6e 67 00 65 78 74 72 61 63 74 69 6e 67 00 65 72 
0000000100ee5300	72 6f 72 00 69 64 6c 65 00 63 68 65 63 6b 69 6e 
0000000100ee5310	67 00 75 70 64 61 74 65 46 6f 75 6e 64 00 72 65 
0000000100ee5320	61 64 79 54 6f 49 6e 73 74 61 6c 6c 00 69 6e 73 
0000000100ee5330	74 61 6c 6c 69 6e 67 00 75 70 54 6f 44 61 74 65 
0000000100ee5340	00 77 68 61 74 73 4e 65 77 00 00 00 00 00 00 00 
0000000100ee5350	72 65 61 64 79 54 6f 49 6e 73 74 61 6c 6c 50 65 
0000000100ee5360	6e 64 69 6e 67 00 00 00 00 00 00 00 00 00 00 00 
0000000100ee5370	24 64 65 66 61 75 6c 74 41 63 74 6f 72 00 72 6f 
0000000100ee5380	6f 74 44 69 72 00 00 00 00 00 00 00 00 00 00 00 
0000000100ee5390	74 69 6d 65 5a 6f 6e 65 4f 76 65 72 72 69 64 65 
0000000100ee53a0	00 6e 6f 77 00 63 6f 6e 66 69 67 00 00 00 00 00 
0000000100ee53b0	68 61 73 53 65 65 64 65 64 4b 6e 6f 77 6e 49 64 
0000000100ee53c0	73 00 6b 6e 6f 77 6e 53 65 73 73 69 6f 6e 49 64 
0000000100ee53d0	73 00 61 63 74 69 76 65 53 69 6e 63 65 00 77 6f 
0000000100ee53e0	72 6b 69 6e 67 53 69 6e 63 65 00 70 65 6e 64 69 
0000000100ee53f0	6e 67 00 63 6f 6e 6e 65 63 74 69 6f 6e 00 74 69 
0000000100ee5400	6d 65 5a 6f 6e 65 00 70 72 69 63 69 6e 67 54 61 
0000000100ee5410	62 6c 65 00 00 00 00 00 00 00 00 00 00 00 00 00 
0000000100ee5420	73 63 68 65 6d 61 56 65 72 73 69 6f 6e 00 64 65 
0000000100ee5430	76 69 63 65 49 64 00 00 00 00 00 00 00 00 00 00 
0000000100ee5440	6c 6f 63 6b 65 64 54 69 6d 65 5a 6f 6e 65 49 64 
0000000100ee5450	00 00 00 00 00 00 00 00 00 00 00 00 00 00 00 00 
0000000100ee5460	64 61 79 00 00 00 00 00 00 00 00 00 00 00 00 00 
0000000100ee5470	61 70 70 72 6f 76 61 6c 73 48 61 6e 64 6c 65 64 
0000000100ee5480	00 73 65 73 73 69 6f 6e 73 53 74 61 72 74 65 64 
0000000100ee5490	00 63 6f 6e 63 75 72 72 65 6e 74 50 65 61 6b 00 
0000000100ee54a0	61 63 74 69 76 65 53 65 63 6f 6e 64 73 00 00 00 
0000000100ee54b0	6c 6f 6e 67 65 73 74 54 61 73 6b 53 65 63 6f 6e 
0000000100ee54c0	64 73 00 73 63 68 65 6d 61 56 65 72 73 69 6f 6e 
0000000100ee54d0	00 64 65 76 69 63 65 49 64 00 74 69 6d 65 5a 6f 
0000000100ee54e0	6e 65 49 64 00 64 61 79 73 00 72 6f 77 73 00 00 
0000000100ee54f0	73 65 73 73 69 6f 6e 73 4f 62 73 65 72 76 65 64 
0000000100ee5500	00 6d 63 70 43 61 6c 6c 73 00 73 6b 69 6c 6c 43 
0000000100ee5510	61 6c 6c 73 00 61 67 65 6e 74 00 6d 6f 64 65 6c 
0000000100ee5520	00 70 72 6f 6a 65 63 74 00 73 61 6d 70 6c 65 43 
0000000100ee5530	6f 75 6e 74 00 74 6f 6b 65 6e 73 00 63 6f 73 74 
0000000100ee5540	00 69 6e 70 75 74 00 6f 75 74 70 75 74 00 63 61 
0000000100ee5550	63 68 65 43 72 65 61 74 69 6f 6e 00 63 61 63 68 
0000000100ee5560	65 52 65 61 64 00 72 65 61 73 6f 6e 69 6e 67 00 
0000000100ee5570	72 65 70 6f 72 74 65 64 54 6f 74 61 6c 00 6c 6f 
0000000100ee5580	67 67 65 64 55 53 44 00 65 73 74 69 6d 61 74 65 
0000000100ee5590	64 55 53 44 00 00 00 00 00 00 00 00 00 00 00 00 
0000000100ee55a0	63 61 6c 63 75 6c 61 74 65 64 53 61 6d 70 6c 65 
0000000100ee55b0	73 00 64 69 73 70 6c 61 79 53 61 6d 70 6c 65 73 
0000000100ee55c0	00 00 00 00 00 00 00 00 00 00 00 00 00 00 00 00 
0000000100ee55d0	75 6e 61 76 61 69 6c 61 62 6c 65 53 61 6d 70 6c 
0000000100ee55e0	65 73 00 70 72 69 63 69 6e 67 53 6f 75 72 63 65 
0000000100ee55f0	73 00 24 64 65 66 61 75 6c 74 41 63 74 6f 72 00 
0000000100ee5600	72 6f 6f 74 44 69 72 00 64 65 66 61 75 6c 74 54 
0000000100ee5610	69 6d 65 5a 6f 6e 65 00 63 6f 6e 66 69 67 00 63 
0000000100ee5620	61 63 68 65 00 68 61 6e 64 6c 65 00 73 74 61 74 
0000000100ee5630	65 6d 65 6e 74 00 63 6f 6e 6e 65 63 74 69 6f 6e 
0000000100ee5640	00 74 72 61 6e 73 69 65 6e 74 00 24 64 65 66 61 
0000000100ee5650	75 6c 74 41 63 74 6f 72 00 64 69 72 65 63 74 6f 
0000000100ee5660	72 79 00 00 00 00 00 00 00 00 00 00 00 00 00 00 
0000000100ee5670	69 64 00 63 6f 6d 70 61 6e 79 49 44 00 64 69 73 
0000000100ee5680	70 6c 61 79 4e 61 6d 65 00 63 61 74 65 67 6f 72 
0000000100ee5690	79 00 64 69 73 70 6c 61 79 4f 72 64 65 72 00 62 
0000000100ee56a0	72 61 6e 64 69 6e 67 00 63 61 70 61 62 69 6c 69 
0000000100ee56b0	74 69 65 73 00 72 65 66 72 65 73 68 43 68 61 6e 
0000000100ee56c0	6e 65 6c 00 71 75 6f 74 61 57 69 6e 64 6f 77 73 
0000000100ee56d0	00 72 61 77 41 6d 6f 75 6e 74 73 00 62 61 6c 61 
0000000100ee56e0	6e 63 65 00 70 6c 61 6e 4d 65 74 61 64 61 74 61 
0000000100ee56f0	00 63 72 65 64 69 74 73 00 6d 6f 64 65 6c 42 75 
0000000100ee5700	63 6b 65 74 73 00 6d 75 6c 74 69 41 63 63 6f 75 
0000000100ee5710	6e 74 00 00 00 00 00 00 00 00 00 00 00 00 00 00 
0000000100ee5720	63 6f 6e 73 75 6d 70 74 69 6f 6e 41 74 74 72 69 
0000000100ee5730	62 75 74 69 6f 6e 00 61 73 73 65 74 4e 61 6d 65 
0000000100ee5740	00 62 75 6e 64 6c 65 49 44 00 6d 6f 6e 6f 67 72 
0000000100ee5750	61 6d 00 72 65 64 00 67 72 65 65 6e 00 62 6c 75 
0000000100ee5760	65 00 6e 65 65 64 73 4f 75 74 6c 69 6e 65 00 00 
0000000100ee5770	70 72 6f 76 69 64 65 72 00 61 63 63 6f 75 6e 74 
0000000100ee5780	49 44 00 73 74 61 74 75 73 00 73 6e 61 70 73 68 
0000000100ee5790	6f 74 00 61 74 74 65 6d 70 74 73 00 65 72 72 6f 
0000000100ee57a0	72 00 66 72 65 73 68 00 63 61 63 68 65 64 00 73 
0000000100ee57b0	74 61 6c 65 00 75 6e 61 76 61 69 6c 61 62 6c 65 
0000000100ee57c0	00 66 61 69 6c 65 64 00 73 6f 75 72 63 65 00 61 
0000000100ee57d0	75 74 68 65 6e 74 69 63 61 74 69 6f 6e 00 72 61 
0000000100ee57e0	74 65 4c 69 6d 69 74 65 64 00 74 69 6d 65 6f 75 
0000000100ee57f0	74 00 6e 65 74 77 6f 72 6b 00 73 63 68 65 6d 61 
0000000100ee5800	00 75 6e 6b 6e 6f 77 6e 00 6b 69 6e 64 00 63 6f 
0000000100ee5810	6e 66 69 64 65 6e 63 65 00 66 6f 72 63 65 00 6e 
0000000100ee5820	6f 77 00 52 61 77 56 61 6c 75 65 00 64 69 72 65 
0000000100ee5830	63 74 41 67 65 6e 74 00 00 00 00 00 00 00 00 00 
0000000100ee5840	63 6f 6d 70 61 74 69 62 6c 65 45 6e 64 70 6f 69 
0000000100ee5850	6e 74 00 63 72 65 64 65 6e 74 69 61 6c 00 70 65 
0000000100ee5860	72 73 69 73 74 65 64 43 61 63 68 65 00 6d 61 6e 
0000000100ee5870	75 61 6c 00 73 74 72 6f 6e 67 00 77 65 61 6b 00 
0000000100ee5880	24 64 65 66 61 75 6c 74 41 63 74 6f 72 00 73 74 
0000000100ee5890	61 74 65 73 00 67 65 6e 65 72 61 74 69 6f 6e 00 
0000000100ee58a0	70 72 6f 76 69 64 65 72 00 61 63 63 6f 75 6e 74 
0000000100ee58b0	49 44 00 70 65 6e 64 69 6e 67 00 69 6e 46 6c 69 
0000000100ee58c0	67 68 74 00 64 65 6c 61 79 00 74 61 73 6b 00 00 
0000000100ee58d0	6c 6f 63 6b 00 63 6f 6e 74 69 6e 75 61 74 69 6f 
0000000100ee58e0	6e 00 74 61 73 6b 73 00 69 73 52 65 73 6f 6c 76 
0000000100ee58f0	65 64 00 24 64 65 66 61 75 6c 74 41 63 74 6f 72 
0000000100ee5900	00 61 64 61 70 74 65 72 73 00 74 69 6d 65 6f 75 
0000000100ee5910	74 00 70 65 72 73 69 73 74 65 6e 63 65 00 6c 61 
0000000100ee5920	73 74 4b 6e 6f 77 6e 47 6f 6f 64 00 6c 61 73 74 
0000000100ee5930	41 74 74 65 6d 70 74 41 74 00 6c 61 73 74 4f 75 
0000000100ee5940	74 63 6f 6d 65 73 00 70 72 6f 76 69 64 65 72 00 
0000000100ee5950	61 63 63 6f 75 6e 74 49 44 00 00 00 00 00 00 00 
0000000100ee5960	64 75 70 6c 69 63 61 74 65 41 64 61 70 74 65 72 
0000000100ee5970	00 70 69 64 00 6b 69 6e 64 00 63 73 72 66 54 6f 
0000000100ee5980	6b 65 6e 00 70 6f 72 74 00 61 70 70 00 61 67 79 
0000000100ee5990	00 52 61 77 56 61 6c 75 65 00 00 00 00 00 00 00 
0000000100ee59a0	70 72 6f 76 69 64 65 72 00 69 64 00 6b 69 6e 64 
0000000100ee59b0	00 73 6c 6f 74 00 64 69 73 70 6c 61 79 4e 61 6d 
0000000100ee59c0	65 00 00 00 00 00 00 00 00 00 00 00 00 00 00 00 
0000000100ee59d0	72 65 6d 61 69 6e 69 6e 67 46 72 61 63 74 69 6f 
0000000100ee59e0	6e 00 72 65 73 65 74 73 41 74 00 64 61 74 61 00 
0000000100ee59f0	73 6f 75 72 63 65 00 73 6e 61 70 73 68 6f 74 00 
0000000100ee5a00	68 69 73 74 6f 72 79 00 70 72 6f 76 69 64 65 72 
0000000100ee5a10	00 72 65 61 64 41 75 74 68 53 65 73 73 69 6f 6e 
0000000100ee5a20	00 72 65 71 75 65 73 74 44 61 74 61 00 64 61 74 
0000000100ee5a30	61 00 73 74 61 74 75 73 00 74 72 61 6e 73 70 6f 
0000000100ee5a40	72 74 00 61 63 63 65 73 73 54 6f 6b 65 6e 00 75 
0000000100ee5a50	73 65 72 49 44 00 70 72 6f 76 69 64 65 72 00 73 
0000000100ee5a60	6e 61 70 73 68 6f 74 00 66 61 69 6c 65 64 00 74 
0000000100ee5a70	6f 6b 65 6e 00 65 78 70 69 72 65 73 41 74 00 6c 
0000000100ee5a80	6f 63 6b 00 74 65 78 74 00 24 64 65 66 61 75 6c 
0000000100ee5a90	74 41 63 74 6f 72 00 63 61 63 68 65 64 52 65 73 
0000000100ee5aa0	75 6c 74 00 69 73 50 72 6f 62 69 6e 67 00 64 61 
0000000100ee5ab0	74 61 00 73 6f 75 72 63 65 00 70 72 6f 76 69 64 
0000000100ee5ac0	65 72 00 68 74 74 70 53 74 61 74 75 73 00 69 6e 
0000000100ee5ad0	76 61 6c 69 64 52 65 73 70 6f 6e 73 65 00 75 6e 
0000000100ee5ae0	61 75 74 68 6f 72 69 7a 65 64 00 70 61 72 73 65 
0000000100ee5af0	46 61 69 6c 65 64 00 6c 65 76 65 6c 00 72 65 67 
0000000100ee5b00	69 6f 6e 00 6d 65 6d 62 65 72 73 68 69 70 00 6c 
0000000100ee5b10	69 6d 69 74 00 6d 65 74 68 6f 64 00 73 63 6f 70 
0000000100ee5b20	65 00 75 73 65 72 00 75 73 61 67 65 00 6c 69 6d 
0000000100ee5b30	69 74 73 00 74 6f 74 61 6c 51 75 6f 74 61 00 70 
0000000100ee5b40	61 72 61 6c 6c 65 6c 00 73 75 62 54 79 70 65 00 
0000000100ee5b50	61 75 74 68 65 6e 74 69 63 61 74 69 6f 6e 00 64 
0000000100ee5b60	6f 6d 61 69 6e 00 75 73 65 64 00 72 65 6d 61 69 
0000000100ee5b70	6e 69 6e 67 00 72 65 73 65 74 54 69 6d 65 00 75 
0000000100ee5b80	73 61 67 65 73 00 64 65 74 61 69 6c 00 61 63 63 
0000000100ee5b90	65 73 73 54 6f 6b 65 6e 00 72 65 66 72 65 73 68 
0000000100ee5ba0	54 6f 6b 65 6e 00 65 78 70 69 72 65 73 41 74 00 
0000000100ee5bb0	74 6f 6b 65 6e 54 79 70 65 00 73 74 6f 72 61 67 
0000000100ee5bc0	65 50 61 74 68 00 65 78 70 69 72 65 73 49 6e 00 
0000000100ee5bd0	77 69 6e 64 6f 77 00 76 61 6c 75 65 00 52 61 77 
0000000100ee5be0	56 61 6c 75 65 00 64 75 72 61 74 69 6f 6e 00 74 
0000000100ee5bf0	69 6d 65 55 6e 69 74 00 70 72 6f 76 69 64 65 72 
0000000100ee5c00	00 73 6e 61 70 73 68 6f 74 00 62 75 73 69 6e 65 
0000000100ee5c10	73 73 46 61 69 6c 75 72 65 00 69 6e 76 61 6c 69 
0000000100ee5c20	64 00 7a 61 69 00 7a 68 69 70 75 00 64 65 76 00 
0000000100ee5c30	52 61 77 56 61 6c 75 65 00 63 6f 64 65 00 73 75 
0000000100ee5c40	63 63 65 73 73 00 64 61 74 61 00 6c 69 6d 69 74 
0000000100ee5c50	73 00 70 6c 61 6e 4e 61 6d 65 00 74 79 70 65 00 
0000000100ee5c60	70 65 72 63 65 6e 74 61 67 65 00 75 73 61 67 65 
0000000100ee5c70	00 63 75 72 72 65 6e 74 56 61 6c 75 65 00 72 65 
0000000100ee5c80	6d 61 69 6e 69 6e 67 00 6e 65 78 74 52 65 73 65 
0000000100ee5c90	74 54 69 6d 65 00 75 6e 69 74 00 6e 75 6d 62 65 
0000000100ee5ca0	72 00 70 72 6f 64 75 63 74 4e 61 6d 65 00 6e 65 
0000000100ee5cb0	78 74 52 65 6e 65 77 54 69 6d 65 00 69 6e 43 75 
0000000100ee5cc0	72 72 65 6e 74 50 65 72 69 6f 64 00 73 65 65 6e 
0000000100ee5cd0	45 76 65 6e 74 49 44 73 00 65 76 65 6e 74 49 44 
0000000100ee5ce0	00 70 68 61 73 65 00 63 6f 6e 66 69 64 65 6e 63 
0000000100ee5cf0	65 00 73 6f 75 72 63 65 55 52 4c 00 6f 62 73 65 
0000000100ee5d00	72 76 65 64 41 74 00 65 78 70 69 72 65 73 41 74 
0000000100ee5d10	00 70 72 6f 62 61 62 6c 65 00 61 6e 6e 6f 75 6e 
0000000100ee5d20	63 65 64 00 52 61 77 56 61 6c 75 65 00 64 61 74 
0000000100ee5d30	65 00 73 63 68 65 6d 61 56 65 72 73 69 6f 6e 00 
0000000100ee5d40	67 65 6e 65 72 61 74 65 64 41 74 00 73 69 67 6e 
0000000100ee5d50	61 6c 73 00 70 68 61 73 65 00 63 6f 6e 66 69 64 
0000000100ee5d60	65 6e 63 65 00 73 6f 75 72 63 65 55 52 4c 00 6f 
0000000100ee5d70	62 73 65 72 76 65 64 41 74 00 65 78 70 69 72 65 
0000000100ee5d80	73 41 74 00 52 61 77 56 61 6c 75 65 00 00 00 00 
0000000100ee5d90	24 64 65 66 61 75 6c 74 41 63 74 6f 72 00 73 6f 
0000000100ee5da0	75 72 63 65 00 00 00 00 00 00 00 00 00 00 00 00 
0000000100ee5db0	6d 69 6e 69 6d 75 6d 52 65 66 72 65 73 68 49 6e 
0000000100ee5dc0	74 65 72 76 61 6c 00 6c 65 64 67 65 72 00 6c 61 
0000000100ee5dd0	73 74 52 65 66 72 65 73 68 41 74 00 73 6f 75 72 
0000000100ee5de0	63 65 49 44 00 61 63 63 6f 75 6e 74 73 00 69 64 
0000000100ee5df0	00 70 72 6f 76 69 64 65 72 00 63 61 74 65 67 6f 
0000000100ee5e00	72 79 00 6c 61 62 65 6c 00 6f 72 69 67 69 6e 00 
0000000100ee5e10	73 6e 61 70 73 68 6f 74 00 72 75 6e 74 69 6d 65 
0000000100ee5e20	00 72 61 77 56 61 6c 75 65 00 49 44 00 52 61 77 
0000000100ee5e30	56 61 6c 75 65 00 6f 66 66 69 63 69 61 6c 00 63 
0000000100ee5e40	6e 4f 66 66 69 63 69 61 6c 00 61 67 67 72 65 67 
0000000100ee5e50	61 74 6f 72 00 63 75 73 74 6f 6d 00 61 75 74 6f 
0000000100ee5e60	00 6d 61 6e 75 61 6c 00 64 65 74 65 63 74 69 6f 
0000000100ee5e70	6e 73 00 66 65 74 63 68 53 74 61 74 65 00 61 74 
0000000100ee5e80	74 65 6d 70 74 73 00 73 74 61 6c 65 00 66 61 69 
0000000100ee5e90	6c 65 64 00 64 65 74 65 63 74 65 64 00 6c 6f 61 
0000000100ee5ea0	64 69 6e 67 00 72 65 61 64 79 00 00 00 00 00 00 
0000000100ee5eb0	69 6e 70 75 74 50 65 72 4d 69 6c 6c 69 6f 6e 00 
0000000100ee5ec0	6f 75 74 70 75 74 50 65 72 4d 69 6c 6c 69 6f 6e 
0000000100ee5ed0	00 00 00 00 00 00 00 00 00 00 00 00 00 00 00 00 
0000000100ee5ee0	63 61 63 68 65 43 72 65 61 74 69 6f 6e 50 65 72 
0000000100ee5ef0	4d 69 6c 6c 69 6f 6e 00 00 00 00 00 00 00 00 00 
0000000100ee5f00	63 61 63 68 65 52 65 61 64 50 65 72 4d 69 6c 6c 
0000000100ee5f10	69 6f 6e 00 00 00 00 00 00 00 00 00 00 00 00 00 
0000000100ee5f20	72 65 61 73 6f 6e 69 6e 67 50 65 72 4d 69 6c 6c 
0000000100ee5f30	69 6f 6e 00 73 6f 75 72 63 65 00 24 64 65 66 61 
0000000100ee5f40	75 6c 74 41 63 74 6f 72 00 00 00 00 00 00 00 00 
0000000100ee5f50	6b 69 6e 64 00 73 6c 6f 74 00 64 69 73 70 6c 61 
0000000100ee5f60	79 4e 61 6d 65 00 73 68 6f 72 74 4e 61 6d 65 00 
0000000100ee5f70	69 73 44 65 72 69 76 65 64 41 67 67 72 65 67 61 
0000000100ee5f80	74 65 00 75 74 69 6c 69 7a 61 74 69 6f 6e 00 72 
0000000100ee5f90	65 73 65 74 73 41 74 00 61 6d 6f 75 6e 74 00 69 
0000000100ee5fa0	73 45 6e 61 62 6c 65 64 00 75 73 65 64 00 6c 69 
0000000100ee5fb0	6d 69 74 00 63 75 72 72 65 6e 63 79 00 61 6e 74 
0000000100ee5fc0	68 72 6f 70 69 63 00 6f 70 65 6e 61 69 00 67 6f 
0000000100ee5fd0	6f 67 6c 65 00 61 6e 74 69 67 72 61 76 69 74 79 
0000000100ee5fe0	00 7a 68 69 70 75 00 6b 69 6d 69 00 78 61 69 00 
0000000100ee5ff0	63 75 72 73 6f 72 00 6d 69 6e 69 6d 61 78 00 64 
0000000100ee6000	75 72 61 74 69 6f 6e 00 00 00 00 00 00 00 00 00 
0000000100ee6010	62 6c 6f 63 6b 65 64 43 61 6e 64 69 64 61 74 65 
0000000100ee6020	49 64 65 6e 74 69 74 79 00 72 65 74 72 79 41 74 
0000000100ee6030	00 70 72 6f 76 69 64 65 72 00 77 69 6e 64 6f 77 
0000000100ee6040	73 00 73 6f 75 72 63 65 00 66 65 74 63 68 65 64 
0000000100ee6050	41 74 00 6d 65 74 61 64 61 74 61 00 41 6c 6c 43 
0000000100ee6060	61 73 65 73 00 52 61 77 56 61 6c 75 65 00 63 75 
0000000100ee6070	73 74 6f 6d 00 66 69 76 65 48 6f 75 72 00 73 65 
0000000100ee6080	76 65 6e 44 61 79 00 73 65 76 65 6e 44 61 79 4f 
0000000100ee6090	70 75 73 00 73 65 76 65 6e 44 61 79 53 6f 6e 6e 
0000000100ee60a0	65 74 00 00 00 00 00 00 00 00 00 00 00 00 00 00 
0000000100ee60b0	73 65 76 65 6e 44 61 79 4f 41 75 74 68 41 70 70 
0000000100ee60c0	73 00 6d 6f 6e 74 68 6c 79 00 70 72 69 6d 61 72 
0000000100ee60d0	79 00 73 65 63 6f 6e 64 61 72 79 00 74 65 72 74 
0000000100ee60e0	69 61 72 79 00 61 75 78 69 6c 69 61 72 79 00 73 
0000000100ee60f0	74 61 74 75 73 6c 69 6e 65 43 61 63 68 65 00 72 
0000000100ee6100	65 63 6f 6e 63 69 6c 65 64 43 61 63 68 65 00 00 
0000000100ee6110	72 65 6d 6f 74 65 53 74 61 74 75 73 6c 69 6e 65 
0000000100ee6120	00 70 65 72 73 69 73 74 65 64 43 61 63 68 65 00 
0000000100ee6130	61 6e 74 68 72 6f 70 69 63 4f 41 75 74 68 00 00 
0000000100ee6140	63 6c 61 75 64 65 44 65 73 6b 74 6f 70 4c 6f 63 
0000000100ee6150	61 6c 00 00 00 00 00 00 00 00 00 00 00 00 00 00 
0000000100ee6160	63 6c 61 75 64 65 44 65 73 6b 74 6f 70 48 69 73 
0000000100ee6170	74 6f 72 79 00 7a 61 69 51 75 6f 74 61 00 63 6f 
0000000100ee6180	64 65 78 52 61 74 65 4c 69 6d 69 74 73 00 00 00 
0000000100ee6190	6b 69 6d 69 41 6e 74 68 72 6f 70 69 63 43 6f 6d 
0000000100ee61a0	70 61 74 00 6b 69 6d 69 55 73 61 67 65 41 50 49 
0000000100ee61b0	00 6b 69 6d 69 43 6c 69 50 72 6f 62 65 00 67 72 
0000000100ee61c0	6f 6b 42 69 6c 6c 69 6e 67 00 00 00 00 00 00 00 
0000000100ee61d0	63 75 72 73 6f 72 55 73 61 67 65 53 75 6d 6d 61 
0000000100ee61e0	72 79 00 00 00 00 00 00 00 00 00 00 00 00 00 00 
0000000100ee61f0	63 75 72 73 6f 72 4c 65 67 61 63 79 55 73 61 67 
0000000100ee6200	65 00 6d 69 6e 69 6d 61 78 55 73 61 67 65 41 50 
0000000100ee6210	49 00 00 00 00 00 00 00 00 00 00 00 00 00 00 00 
0000000100ee6220	61 6e 74 69 67 72 61 76 69 74 79 4c 6f 63 61 6c 
0000000100ee6230	00 6d 61 6e 75 61 6c 00 73 65 73 73 69 6f 6e 53 
0000000100ee6240	74 61 72 74 00 74 6f 6f 6c 55 73 65 00 74 75 72 
0000000100ee6250	6e 43 6f 6d 70 6c 65 74 65 00 69 64 6c 65 00 6c 
0000000100ee6260	69 76 65 41 50 49 00 61 63 63 6f 75 6e 74 41 50 
0000000100ee6270	49 00 70 75 73 68 00 61 70 70 53 65 72 76 65 72 
0000000100ee6280	00 63 6c 69 50 72 6f 62 65 00 6c 6f 63 61 6c 53 
0000000100ee6290	63 61 6e 00 77 65 62 44 61 73 68 62 6f 61 72 64 
0000000100ee62a0	00 6e 6f 72 6d 61 6c 00 77 61 72 6e 69 6e 67 00 
0000000100ee62b0	63 72 69 74 69 63 61 6c 00 00 00 00 00 00 00 00 
0000000100ee62c0	24 64 65 66 61 75 6c 74 41 63 74 6f 72 00 75 70 
0000000100ee62d0	73 74 72 65 61 6d 73 00 6d 69 6e 49 6e 74 65 72 
0000000100ee62e0	76 61 6c 00 00 00 00 00 00 00 00 00 00 00 00 00 
0000000100ee62f0	75 6e 6b 6e 6f 77 6e 4d 6f 64 65 6c 47 6c 6f 62 
0000000100ee6300	61 6c 47 61 70 00 00 00 00 00 00 00 00 00 00 00 
0000000100ee6310	75 6e 6b 6e 6f 77 6e 4d 6f 64 65 6c 50 65 72 4d 
0000000100ee6320	6f 64 65 6c 47 61 70 00 69 6e 46 6c 69 67 68 74 
0000000100ee6330	00 00 00 00 00 00 00 00 00 00 00 00 00 00 00 00 
0000000100ee6340	6c 61 73 74 45 76 65 6e 74 54 72 69 67 67 65 72 
0000000100ee6350	41 74 00 63 68 65 63 6b 65 64 4d 6f 64 65 6c 73 
0000000100ee6360	00 00 00 00 00 00 00 00 00 00 00 00 00 00 00 00 
0000000100ee6370	70 65 6e 64 69 6e 67 55 6e 6b 6e 6f 77 6e 4d 6f 
0000000100ee6380	64 65 6c 73 00 6e 61 6d 65 00 75 72 6c 00 63 61 
0000000100ee6390	63 68 65 55 52 4c 00 70 72 75 6e 65 00 6d 6f 64 
0000000100ee63a0	65 6c 73 00 61 6c 69 61 73 65 73 00 73 6f 75 72 
0000000100ee63b0	63 65 00 00 00 00 00 00 00 00 00 00 00 00 00 00 
0000000100ee63c0	24 64 65 66 61 75 6c 74 41 63 74 6f 72 00 00 00 
0000000100ee63d0	63 61 63 68 65 64 53 6e 61 70 73 68 6f 74 73 42 
0000000100ee63e0	79 50 72 6f 76 69 64 65 72 00 00 00 00 00 00 00 
0000000100ee63f0	6c 61 73 74 46 65 74 63 68 41 74 74 65 6d 70 74 
0000000100ee6400	00 00 00 00 00 00 00 00 00 00 00 00 00 00 00 00 
0000000100ee6410	72 65 70 6f 72 74 65 64 44 65 73 6b 74 6f 70 55 
0000000100ee6420	6e 6b 6e 6f 77 6e 41 6c 69 61 73 65 73 00 00 00 
0000000100ee6430	62 61 63 6b 6f 66 66 4d 75 6c 74 69 70 6c 69 65 
0000000100ee6440	72 00 00 00 00 00 00 00 00 00 00 00 00 00 00 00 
0000000100ee6450	7a 61 69 43 6f 6e 66 69 67 43 68 65 63 6b 65 64 
0000000100ee6460	00 63 61 63 68 65 64 5a 61 69 43 6f 6e 66 69 67 
0000000100ee6470	00 77 69 6e 64 6f 77 73 00 66 65 74 63 68 65 64 
0000000100ee6480	41 74 00 6d 65 74 61 64 61 74 61 00 6e 65 74 77 
0000000100ee6490	6f 72 6b 45 72 72 6f 72 00 6e 6f 43 72 65 64 65 
0000000100ee64a0	6e 74 69 61 6c 73 00 74 6f 6b 65 6e 45 78 70 69 
0000000100ee64b0	72 65 64 00 72 61 74 65 4c 69 6d 69 74 65 64 00 
0000000100ee64c0	70 61 72 73 65 45 72 72 6f 72 00 69 73 45 6e 61 
0000000100ee64d0	62 6c 65 64 00 75 74 69 6c 69 7a 61 74 69 6f 6e 
0000000100ee64e0	00 6d 6f 6e 74 68 6c 79 4c 69 6d 69 74 00 75 73 
0000000100ee64f0	65 64 43 72 65 64 69 74 73 00 63 75 72 72 65 6e 
0000000100ee6500	63 79 00 00 00 00 00 00 00 00 00 00 00 00 00 00 
0000000100ee6510	77 69 6e 64 6f 77 00 70 72 65 76 69 6f 75 73 41 
0000000100ee6520	70 70 00 6f 70 65 6e 65 64 41 74 00 6f 70 65 6e 
0000000100ee6530	53 6f 75 72 63 65 00 6f 6e 44 69 73 6d 69 73 73 
0000000100ee6540	00 6d 61 6e 61 67 65 72 00 5f 6c 69 63 65 6e 73 
0000000100ee6550	65 4b 65 79 00 5f 61 70 70 65 61 72 65 64 00 00 
0000000100ee6560	5f 63 6f 6e 66 65 74 74 69 54 72 69 67 67 65 72 
0000000100ee6570	00 5f 63 6f 70 69 65 64 4b 65 79 00 5f 69 73 43 
0000000100ee6580	6c 6f 73 65 48 6f 76 65 72 65 64 00 5f 69 73 50 
0000000100ee6590	61 6e 65 6c 48 6f 76 65 72 65 64 00 00 00 00 00 
0000000100ee65a0	5f 73 65 6c 65 63 74 65 64 44 65 76 69 63 65 73 
0000000100ee65b0	00 00 00 00 00 00 00 00 00 00 00 00 00 00 00 00 
0000000100ee65c0	5f 73 68 6f 77 41 63 74 69 76 61 74 69 6f 6e 4d 
0000000100ee65d0	6f 64 65 00 00 00 00 00 00 00 00 00 00 00 00 00 
0000000100ee65e0	5f 64 65 61 63 74 69 76 61 74 65 53 74 61 74 65 
0000000100ee65f0	00 5f 63 6f 6c 6f 72 53 63 68 65 6d 65 00 5f 68 
0000000100ee6600	61 73 4b 65 79 45 78 70 61 6e 64 65 64 00 5f 73 
0000000100ee6610	6c 6f 74 46 72 65 65 64 00 5f 64 65 62 6f 75 6e 
0000000100ee6620	63 65 64 4b 65 79 00 00 00 00 00 00 00 00 00 00 
0000000100ee6630	5f 69 73 53 74 61 72 74 69 6e 67 55 70 67 72 61 
0000000100ee6640	64 65 43 68 65 63 6b 6f 75 74 00 00 00 00 00 00 
0000000100ee6650	5f 75 70 67 72 61 64 65 43 68 65 63 6b 6f 75 74 
0000000100ee6660	46 61 69 6c 65 64 00 42 6f 64 79 00 00 00 00 00 
0000000100ee6670	74 61 72 67 65 74 53 63 72 65 65 6e 00 6e 6f 74 
0000000100ee6680	63 68 50 61 6e 65 6c 00 68 6f 73 74 69 6e 67 56 
0000000100ee6690	69 65 77 00 00 00 00 00 00 00 00 00 00 00 00 00 
0000000100ee66a0	67 6c 6f 62 61 6c 43 6c 69 63 6b 4d 6f 6e 69 74 
0000000100ee66b0	6f 72 00 00 00 00 00 00 00 00 00 00 00 00 00 00 
0000000100ee66c0	6c 6f 63 61 6c 43 6c 69 63 6b 4d 6f 6e 69 74 6f 
0000000100ee66d0	72 00 00 00 00 00 00 00 00 00 00 00 00 00 00 00 
0000000100ee66e0	67 6c 6f 62 61 6c 4d 6f 76 65 4d 6f 6e 69 74 6f 
0000000100ee66f0	72 00 00 00 00 00 00 00 00 00 00 00 00 00 00 00 
0000000100ee6700	6c 6f 63 61 6c 4d 6f 76 65 4d 6f 6e 69 74 6f 72 
0000000100ee6710	00 6c 61 73 74 4e 6f 74 63 68 53 74 61 74 75 73 
0000000100ee6720	00 00 00 00 00 00 00 00 00 00 00 00 00 00 00 00 
0000000100ee6730	64 65 6c 61 79 65 64 48 69 64 64 65 6e 46 61 64 
0000000100ee6740	65 54 61 73 6b 00 00 00 00 00 00 00 00 00 00 00 
0000000100ee6750	69 73 44 65 66 65 72 72 69 6e 67 48 69 64 64 65 
0000000100ee6760	6e 46 61 64 65 00 00 00 00 00 00 00 00 00 00 00 
0000000100ee6770	70 61 6e 65 6c 48 69 64 64 65 6e 54 61 72 67 65 
0000000100ee6780	74 00 00 00 00 00 00 00 00 00 00 00 00 00 00 00 
0000000100ee6790	77 69 6e 64 6f 77 46 72 61 6d 65 55 70 64 61 74 
0000000100ee67a0	65 54 61 73 6b 00 6c 61 73 74 4d 6f 76 65 54 69 
0000000100ee67b0	6d 65 00 00 00 00 00 00 00 00 00 00 00 00 00 00 
0000000100ee67c0	73 6f 75 6e 64 45 76 65 6e 74 00 70 72 65 77 61 
0000000100ee67d0	72 6d 00 64 69 73 70 6c 61 79 00 74 61 73 6b 43 
0000000100ee67e0	6f 6d 70 6c 65 74 65 00 73 74 61 74 75 73 57 61 
0000000100ee67f0	72 6e 69 6e 67 00 75 73 61 67 65 4c 69 6d 69 74 
0000000100ee6800	50 65 65 6b 00 61 70 70 72 6f 76 61 6c 52 65 71 
0000000100ee6810	75 65 73 74 00 75 73 65 72 51 75 65 73 74 69 6f 
0000000100ee6820	6e 00 00 00 00 00 00 00 00 00 00 00 00 00 00 00 
0000000100ee6830	63 6f 64 65 78 52 6f 6c 6c 6f 75 74 43 6f 6d 70 
0000000100ee6840	6c 65 74 69 6f 6e 00 00 00 00 00 00 00 00 00 00 
0000000100ee6850	61 74 74 65 6e 74 69 6f 6e 52 65 6d 69 6e 64 65 
0000000100ee6860	72 00 63 6f 6d 70 6c 65 74 69 6f 6e 00 00 00 00 
0000000100ee6870	74 61 73 6b 43 6f 6d 70 6c 65 74 65 52 65 76 65 
0000000100ee6880	61 6c 00 00 00 00 00 00 00 00 00 00 00 00 00 00 
0000000100ee6890	73 74 61 74 75 73 57 61 72 6e 69 6e 67 52 65 76 
0000000100ee68a0	65 61 6c 00 41 6c 6c 43 61 73 65 73 00 52 61 77 
0000000100ee68b0	56 61 6c 75 65 00 6b 69 6e 64 00 70 72 69 6f 72 
0000000100ee68c0	69 74 79 00 69 73 42 6c 6f 63 6b 69 6e 67 00 64 
0000000100ee68d0	77 65 6c 6c 53 65 63 6f 6e 64 73 00 64 69 61 67 
0000000100ee68e0	6e 6f 73 74 69 63 4c 61 62 65 6c 00 63 68 61 6e 
0000000100ee68f0	6e 65 6c 73 00 00 00 00 00 00 00 00 00 00 00 00 
0000000100ee6900	72 75 6e 49 64 00 65 6e 74 72 79 52 65 61 73 6f 
0000000100ee6910	6e 00 73 74 61 72 74 53 74 65 70 00 73 74 61 72 
0000000100ee6920	74 65 64 41 74 00 6e 6f 77 00 73 69 6e 6b 00 65 
0000000100ee6930	76 65 6e 74 53 65 71 75 65 6e 63 65 00 65 6d 69 
0000000100ee6940	74 74 65 64 4b 65 79 73 00 66 69 72 73 74 49 6e 
0000000100ee6950	73 74 61 6c 6c 00 72 65 74 72 79 00 66 6f 72 63 
0000000100ee6960	65 64 52 65 70 6c 61 79 00 64 65 62 75 67 50 72 
0000000100ee6970	65 76 69 65 77 00 75 70 67 72 61 64 65 00 52 61 
0000000100ee6980	77 56 61 6c 75 65 00 77 61 74 63 68 00 70 65 72 
0000000100ee6990	6d 69 73 73 69 6f 6e 00 63 6f 6d 70 6c 65 74 65 
0000000100ee69a0	00 6a 75 6d 70 00 41 6c 6c 43 61 73 65 73 00 73 
0000000100ee69b0	6b 69 70 70 65 64 00 73 63 65 6e 65 00 70 68 61 
0000000100ee69c0	73 65 00 74 72 69 61 6c 00 00 00 00 00 00 00 00 
0000000100ee69d0	74 72 69 61 6c 41 66 74 65 72 43 68 65 63 6b 6f 
0000000100ee69e0	75 74 41 74 74 65 6d 70 74 00 00 00 00 00 00 00 
0000000100ee69f0	6c 69 63 65 6e 73 65 41 63 74 69 76 61 74 65 64 
0000000100ee6a00	00 73 6f 63 6b 65 74 50 61 74 68 00 64 65 66 61 
0000000100ee6a10	75 6c 74 43 77 64 00 70 65 72 73 69 73 74 65 6e 
0000000100ee6a20	74 46 64 00 64 65 66 61 75 6c 74 45 6e 76 00 00 
0000000100ee6a30	66 75 6c 6c 73 63 72 65 65 6e 57 69 6e 64 6f 77 
0000000100ee6a40	00 63 61 72 64 57 69 6e 64 6f 77 00 72 65 61 64 
0000000100ee6a50	79 57 69 6e 64 6f 77 00 00 00 00 00 00 00 00 00 
0000000100ee6a60	61 6e 61 6c 79 74 69 63 73 53 65 73 73 69 6f 6e 
0000000100ee6a70	00 63 6f 6d 70 6c 65 74 69 6f 6e 00 70 68 61 73 
0000000100ee6a80	65 00 77 65 6c 63 6f 6d 65 00 64 65 6d 6f 00 63 
0000000100ee6a90	6f 6e 66 69 67 00 76 69 62 65 00 6c 69 63 65 6e 
0000000100ee6aa0	73 65 00 72 65 61 64 79 00 69 64 6c 65 00 66 75 
0000000100ee6ab0	6c 6c 73 63 72 65 65 6e 00 74 72 61 6e 73 69 74 
0000000100ee6ac0	69 6f 6e 69 6e 67 00 63 61 72 64 00 63 6f 6d 70 
0000000100ee6ad0	6c 65 74 65 64 00 41 6c 6c 43 61 73 65 73 00 52 
0000000100ee6ae0	61 77 56 61 6c 75 65 00 61 6e 61 6c 79 74 69 63 
0000000100ee6af0	73 00 6f 6e 4c 69 63 65 6e 73 65 44 6f 6e 65 00 
0000000100ee6b00	5f 63 75 72 72 65 6e 74 53 74 65 70 00 5f 61 70 
0000000100ee6b10	70 65 61 72 65 64 00 00 00 00 00 00 00 00 00 00 
0000000100ee6b20	5f 69 73 54 72 61 6e 73 69 74 69 6f 6e 69 6e 67 
0000000100ee6b30	00 6f 6e 44 65 6d 6f 46 69 6e 69 73 68 65 64 00 
0000000100ee6b40	73 63 72 65 65 6e 53 69 7a 65 00 77 61 6c 6c 70 
0000000100ee6b50	61 70 65 72 00 5f 63 75 72 74 61 69 6e 4f 70 61 
0000000100ee6b60	63 69 74 79 00 5f 73 68 6f 77 57 61 6c 6c 70 61 
0000000100ee6b70	70 65 72 00 5f 77 61 6c 6c 70 61 70 65 72 53 63 
0000000100ee6b80	61 6c 65 00 42 6f 64 79 00 00 00 00 00 00 00 00 
0000000100ee6b90	74 72 61 66 66 69 63 4c 69 67 68 74 54 69 74 6c 
0000000100ee6ba0	65 62 61 72 42 6f 75 6e 64 73 4f 72 69 67 69 6e 
0000000100ee6bb0	00 77 69 6e 64 6f 77 00 63 6c 6f 73 65 4f 62 73 
0000000100ee6bc0	65 72 76 65 72 00 70 72 65 76 69 6f 75 73 41 70 
0000000100ee6bd0	70 00 77 69 6e 64 6f 77 00 76 69 65 77 4d 6f 64 
0000000100ee6be0	65 6c 00 70 72 65 76 69 6f 75 73 41 70 70 00 5f 
0000000100ee6bf0	76 6d 00 6f 6e 44 69 73 6d 69 73 73 00 5f 61 70 
0000000100ee6c00	70 65 61 72 65 64 00 5f 63 6f 6c 6f 72 53 63 68 
0000000100ee6c10	65 6d 65 00 42 6f 64 79 00 00 00 00 00 00 00 00 
0000000100ee6c20	73 65 73 73 69 6f 6e 00 6f 76 65 72 72 69 64 65 
0000000100ee6c30	54 6f 6f 6c 00 00 00 00 00 00 00 00 00 00 00 00 
0000000100ee6c40	6f 76 65 72 72 69 64 65 54 6f 6f 6c 49 6e 70 75 
0000000100ee6c50	74 00 00 00 00 00 00 00 00 00 00 00 00 00 00 00 
0000000100ee6c60	70 65 72 6d 69 73 73 69 6f 6e 50 75 62 6c 69 63 
0000000100ee6c70	61 74 69 6f 6e 54 6f 6b 65 6e 00 72 65 71 75 65 
0000000100ee6c80	73 74 65 72 4e 61 6d 65 00 76 69 65 77 4d 6f 64 
0000000100ee6c90	65 6c 00 42 6f 64 79 00 6c 69 6e 65 73 00 61 64 
0000000100ee6ca0	64 65 64 43 6f 75 6e 74 00 72 65 6d 6f 76 65 64 
0000000100ee6cb0	43 6f 75 6e 74 00 69 6e 70 75 74 00 66 6f 6e 74 
0000000100ee6cc0	53 69 7a 65 00 63 77 64 00 5f 6c 6f 61 64 65 64 
0000000100ee6cd0	4c 69 6e 65 73 00 5f 64 69 66 66 52 65 73 75 6c 
0000000100ee6ce0	74 00 61 64 64 46 69 6c 65 00 75 70 64 61 74 65 
0000000100ee6cf0	46 69 6c 65 00 64 65 6c 65 74 65 46 69 6c 65 00 
0000000100ee6d00	6d 6f 76 65 54 6f 00 6c 65 67 61 63 79 4d 6f 76 
0000000100ee6d10	65 46 69 6c 65 00 62 65 67 69 6e 50 61 74 63 68 
0000000100ee6d20	00 65 6e 64 50 61 74 63 68 00 65 6e 64 4f 66 46 
0000000100ee6d30	69 6c 65 00 6b 69 6e 64 00 70 61 74 68 00 74 65 
0000000100ee6d40	78 74 00 74 79 70 65 00 6c 69 6e 65 4e 75 6d 62 
0000000100ee6d50	65 72 00 6f 6c 64 50 61 74 68 00 6e 65 77 50 61 
0000000100ee6d60	74 68 00 6d 6f 76 65 00 61 64 64 00 75 70 64 61 
0000000100ee6d70	74 65 00 64 65 6c 65 74 65 00 63 6f 6e 74 65 78 
0000000100ee6d80	74 00 72 65 6d 6f 76 65 64 00 61 64 64 65 64 00 
0000000100ee6d90	73 65 70 61 72 61 74 6f 72 00 42 6f 64 79 00 4e 
0000000100ee6da0	53 56 69 65 77 54 79 70 65 00 43 6f 6f 72 64 69 
0000000100ee6db0	6e 61 74 6f 72 00 00 00 00 00 00 00 00 00 00 00 
0000000100ee6dc0	5f 74 65 78 74 00 70 6c 61 63 65 68 6f 6c 64 65 
0000000100ee6dd0	72 00 66 6f 63 75 73 00 61 78 69 73 00 6c 69 6e 
0000000100ee6de0	65 4c 69 6d 69 74 00 66 6f 6e 74 53 69 7a 65 00 
0000000100ee6df0	74 72 61 69 6c 69 6e 67 48 69 6e 74 00 61 78 49 
0000000100ee6e00	64 65 6e 74 69 66 69 65 72 00 6f 6e 48 6f 76 65 
0000000100ee6e10	72 43 68 61 6e 67 65 64 00 6f 6e 53 75 62 6d 69 
0000000100ee6e20	74 00 5f 69 73 48 6f 76 65 72 65 64 00 42 6f 64 
0000000100ee6e30	79 00 72 65 71 75 65 73 74 49 44 00 71 75 65 73 
0000000100ee6e40	74 69 6f 6e 49 6e 64 65 78 00 00 00 00 00 00 00 
0000000100ee6e50	73 75 62 6d 69 74 41 58 49 64 65 6e 74 69 66 69 
0000000100ee6e60	65 72 00 00 00 00 00 00 00 00 00 00 00 00 00 00 
0000000100ee6e70	6f 6e 42 75 74 74 6f 6e 41 72 65 61 48 6f 76 65 
0000000100ee6e80	72 00 5f 69 73 46 6f 63 75 73 65 64 00 76 69 65 
0000000100ee6e90	77 4d 6f 64 65 6c 00 00 00 00 00 00 00 00 00 00 
0000000100ee6ea0	73 65 73 73 69 6f 6e 73 00 70 72 6f 76 69 73 69 
0000000100ee6eb0	6f 6e 61 6c 49 44 73 00 61 74 74 65 6e 74 69 6f 
0000000100ee6ec0	6e 49 44 73 00 72 65 71 75 65 73 74 65 72 4e 61 
0000000100ee6ed0	6d 65 73 00 72 75 6e 6e 69 6e 67 43 6f 75 6e 74 
0000000100ee6ee0	00 00 00 00 00 00 00 00 00 00 00 00 00 00 00 00 
0000000100ee6ef0	63 6c 61 69 6d 65 64 54 65 61 6d 6d 61 74 65 49 
0000000100ee6f00	64 65 6e 74 69 74 69 65 73 00 74 65 61 6d 4d 65 
0000000100ee6f10	6d 62 65 72 73 00 00 00 00 00 00 00 00 00 00 00 
0000000100ee6f20	6f 6e 42 75 74 74 6f 6e 41 72 65 61 48 6f 76 65 
0000000100ee6f30	72 00 73 65 73 73 69 6f 6e 00 73 68 6f 77 53 75 
0000000100ee6f40	62 61 67 65 6e 74 73 00 00 00 00 00 00 00 00 00 
0000000100ee6f50	61 74 74 65 6e 74 69 6f 6e 43 68 69 6c 64 49 44 
0000000100ee6f60	73 00 00 00 00 00 00 00 00 00 00 00 00 00 00 00 
0000000100ee6f70	70 72 6f 76 69 73 69 6f 6e 61 6c 43 68 69 6c 64 
0000000100ee6f80	49 44 73 00 00 00 00 00 00 00 00 00 00 00 00 00 
0000000100ee6f90	5f 73 68 6f 77 4d 6f 64 65 6c 49 6e 50 61 6e 65 
0000000100ee6fa0	6c 00 00 00 00 00 00 00 00 00 00 00 00 00 00 00 
0000000100ee6fb0	5f 73 68 6f 77 52 65 61 73 6f 6e 69 6e 67 45 66 
0000000100ee6fc0	66 6f 72 74 49 6e 50 61 6e 65 6c 00 42 6f 64 79 
0000000100ee6fd0	00 72 65 71 75 65 73 74 65 72 4e 61 6d 65 00 66 
0000000100ee6fe0	6f 6e 74 53 69 7a 65 00 6e 61 6d 65 00 73 74 61 
0000000100ee6ff0	74 75 73 54 65 78 74 00 73 74 61 74 75 73 43 6f 
0000000100ee7000	6c 6f 72 00 69 73 43 6f 6d 70 6c 65 74 65 64 00 
0000000100ee7010	6e 65 65 64 73 41 74 74 65 6e 74 69 6f 6e 00 00 
0000000100ee7020	72 75 6e 74 69 6d 65 50 72 6f 66 69 6c 65 54 65 
0000000100ee7030	78 74 00 64 65 74 61 69 6c 54 65 78 74 00 5f 73 
0000000100ee7040	65 6c 65 63 74 65 64 00 6c 69 63 65 6e 73 65 00 
0000000100ee7050	64 65 76 69 63 65 73 00 70 72 69 63 65 44 69 73 
0000000100ee7060	70 6c 61 79 00 6f 6e 43 68 61 6e 67 65 00 42 6f 
0000000100ee7070	64 79 00 63 6f 6c 6f 72 00 5f 64 69 6d 00 65 6c 
0000000100ee7080	65 63 74 72 69 63 00 63 6c 61 75 64 65 00 61 75 
0000000100ee7090	72 6f 72 61 00 72 6f 79 61 6c 00 6e 6f 69 72 00 
0000000100ee70a0	49 44 00 41 6c 6c 43 61 73 65 73 00 52 61 77 56 
0000000100ee70b0	61 6c 75 65 00 65 64 69 74 69 6f 6e 4e 75 6d 62 
0000000100ee70c0	65 72 00 65 64 69 74 69 6f 6e 54 69 74 6c 65 00 
0000000100ee70d0	6d 65 6d 62 65 72 44 61 74 65 00 73 74 79 6c 65 
0000000100ee70e0	00 5f 70 68 61 73 65 00 5f 68 6f 76 65 72 50 6f 
0000000100ee70f0	69 6e 74 00 5f 69 73 48 6f 76 65 72 65 64 00 5f 
0000000100ee7100	73 63 72 61 6d 62 6c 65 48 65 78 00 5f 73 63 72 
0000000100ee7110	61 6d 62 6c 65 54 61 72 67 65 74 00 5f 73 63 72 
0000000100ee7120	61 6d 62 6c 65 4c 6f 63 6b 65 64 00 5f 73 63 72 
0000000100ee7130	61 6d 62 6c 65 4d 6f 64 65 00 5f 68 6f 6c 64 54 
0000000100ee7140	69 63 6b 73 00 5f 61 6e 69 6d 61 74 69 6f 6e 54 
0000000100ee7150	69 6d 65 72 00 63 61 72 64 43 6f 72 6e 65 72 00 
0000000100ee7160	70 61 6c 65 74 74 65 00 42 6f 64 79 00 68 61 6c 
0000000100ee7170	66 74 6f 6e 65 00 61 73 63 69 69 00 70 69 78 65 
0000000100ee7180	6c 00 70 65 6e 64 69 6e 67 49 6e 74 65 6e 74 00 
0000000100ee7190	74 68 69 73 4d 61 63 00 73 69 67 6e 4f 75 74 00 
0000000100ee71a0	6c 69 63 65 6e 73 65 4b 65 79 00 63 75 73 74 6f 
0000000100ee71b0	6d 65 72 45 6d 61 69 6c 00 6f 6e 43 61 6e 63 65 
0000000100ee71c0	6c 00 6f 6e 43 6f 6e 66 69 72 6d 00 5f 63 6f 70 
0000000100ee71d0	69 65 64 00 5f 63 6f 70 79 46 61 69 6c 65 64 00 
0000000100ee71e0	42 6f 64 79 00 00 00 00 00 00 00 00 00 00 00 00 
0000000100ee71f0	6b 65 79 4f 76 65 72 72 69 64 65 00 73 68 6f 77 
0000000100ee7200	73 41 64 64 53 65 61 74 52 6f 77 00 6f 6e 53 6c 
0000000100ee7210	6f 74 46 72 65 65 64 00 00 00 00 00 00 00 00 00 
0000000100ee7220	6f 6e 52 65 71 75 65 73 74 53 65 6c 66 44 65 61 
0000000100ee7230	63 74 69 76 61 74 65 00 6d 61 6e 61 67 65 72 00 
0000000100ee7240	5f 63 6f 6e 66 69 72 6d 69 6e 67 49 64 00 00 00 
0000000100ee7250	5f 6c 61 73 74 44 65 61 63 74 69 76 61 74 65 46 
0000000100ee7260	61 69 6c 65 64 00 00 00 00 00 00 00 00 00 00 00 
0000000100ee7270	5f 69 73 41 64 64 53 65 61 74 48 6f 76 65 72 65 
0000000100ee7280	64 00 00 00 00 00 00 00 00 00 00 00 00 00 00 00 
0000000100ee7290	5f 69 73 53 74 61 72 74 69 6e 67 43 68 65 63 6b 
0000000100ee72a0	6f 75 74 00 5f 63 68 65 63 6b 6f 75 74 46 61 69 
0000000100ee72b0	6c 65 64 00 42 6f 64 79 00 00 00 00 00 00 00 00 
0000000100ee72c0	76 69 65 77 4d 6f 64 65 6c 00 5f 73 6f 75 6e 64 
0000000100ee72d0	45 6e 61 62 6c 65 64 00 00 00 00 00 00 00 00 00 
0000000100ee72e0	5f 73 68 6f 77 43 6f 64 65 78 52 65 73 65 74 43 
0000000100ee72f0	61 72 64 73 00 00 00 00 00 00 00 00 00 00 00 00 
0000000100ee7300	5f 75 73 61 67 65 42 72 69 64 67 65 50 72 6f 6d 
0000000100ee7310	70 74 00 00 00 00 00 00 00 00 00 00 00 00 00 00 
0000000100ee7320	75 73 61 67 65 42 72 69 64 67 65 50 72 6f 6d 70 
0000000100ee7330	74 53 6e 6f 6f 7a 65 4b 65 79 00 00 00 00 00 00 
0000000100ee7340	75 73 61 67 65 42 72 69 64 67 65 50 72 6f 6d 70 
0000000100ee7350	74 53 68 6f 72 74 53 6e 6f 6f 7a 65 00 00 00 00 
0000000100ee7360	75 73 61 67 65 42 72 69 64 67 65 50 72 6f 6d 70 
0000000100ee7370	74 4c 6f 6e 67 53 6e 6f 6f 7a 65 00 5f 61 70 70 
0000000100ee7380	65 61 72 53 63 61 6c 65 00 00 00 00 00 00 00 00 
0000000100ee7390	5f 63 6f 6d 70 6c 65 74 69 6f 6e 46 6c 61 73 68 
0000000100ee73a0	4f 70 61 63 69 74 79 00 00 00 00 00 00 00 00 00 
0000000100ee73b0	6f 6e 62 6f 61 72 64 69 6e 67 52 61 69 6e 62 6f 
0000000100ee73c0	77 00 42 6f 64 79 00 64 61 74 61 00 70 72 6f 76 
0000000100ee73d0	69 64 65 72 00 63 61 6e 43 79 63 6c 65 00 5f 69 
0000000100ee73e0	73 48 6f 76 65 72 65 64 00 6c 69 63 65 6e 73 65 
0000000100ee73f0	00 64 69 73 70 6c 61 79 4e 61 6d 65 00 6f 6e 53 
0000000100ee7400	77 69 74 63 68 00 6f 6e 44 69 73 6d 69 73 73 00 
0000000100ee7410	5f 69 73 4c 69 6e 6b 48 6f 76 65 72 65 64 00 6e 
0000000100ee7420	6f 74 69 66 69 63 61 74 69 6f 6e 00 77 69 64 74 
0000000100ee7430	68 00 00 00 00 00 00 00 00 00 00 00 00 00 00 00 
0000000100ee7440	6f 6e 46 69 6e 69 73 68 00 5f 61 70 70 65 61 72 
0000000100ee7450	65 64 00 5f 63 61 72 64 41 70 70 65 61 72 65 64 
0000000100ee7460	00 5f 63 61 72 64 52 6f 74 61 74 69 6f 6e 00 5f 
0000000100ee7470	72 61 6e 64 6f 6d 50 61 6c 65 74 74 65 00 5f 63 
0000000100ee7480	6f 70 79 46 65 65 64 62 61 63 6b 00 6c 69 63 65 
0000000100ee7490	6e 73 65 00 42 6f 64 79 00 6f 6e 4e 65 78 74 00 
0000000100ee74a0	5f 73 68 6f 77 41 63 74 69 76 61 74 65 46 69 65 
0000000100ee74b0	6c 64 00 00 00 00 00 00 00 00 00 00 00 00 00 00 
0000000100ee74c0	5f 64 69 64 4f 70 65 6e 43 68 65 63 6b 6f 75 74 
0000000100ee74d0	00 5f 6c 69 63 65 6e 73 65 4b 65 79 00 5f 69 73 
0000000100ee74e0	41 63 74 69 76 61 74 69 6e 67 00 00 00 00 00 00 
0000000100ee74f0	5f 61 63 74 69 76 61 74 69 6f 6e 45 72 72 6f 72 
0000000100ee7500	00 00 00 00 00 00 00 00 00 00 00 00 00 00 00 00 
0000000100ee7510	5f 73 65 6c 65 63 74 65 64 44 65 76 69 63 65 73 
0000000100ee7520	00 5f 64 69 64 43 6f 6d 70 6c 65 74 65 00 00 00 
0000000100ee7530	5f 69 73 53 74 61 72 74 69 6e 67 54 72 69 61 6c 
0000000100ee7540	00 61 6e 61 6c 79 74 69 63 73 00 5f 73 63 61 6e 
0000000100ee7550	52 65 73 75 6c 74 00 5f 61 67 65 6e 74 54 6f 67 
0000000100ee7560	67 6c 65 73 00 00 00 00 00 00 00 00 00 00 00 00 
0000000100ee7570	5f 64 69 64 43 6f 6d 70 6c 65 74 65 43 6f 6e 66 
0000000100ee7580	69 67 00 5f 6c 61 75 6e 63 68 41 74 4c 6f 67 69 
0000000100ee7590	6e 00 00 00 00 00 00 00 00 00 00 00 00 00 00 00 
0000000100ee75a0	6f 6e 4e 65 78 74 00 73 63 72 65 65 6e 53 69 7a 
0000000100ee75b0	65 00 5f 69 73 6c 61 6e 64 43 65 6e 74 65 72 59 
0000000100ee75c0	00 5f 69 73 6c 61 6e 64 53 63 61 6c 65 00 5f 69 
0000000100ee75d0	73 6c 61 6e 64 56 69 73 69 62 6c 65 00 5f 64 72 
0000000100ee75e0	61 77 41 6e 67 6c 65 00 5f 67 6c 6f 77 53 74 6f 
0000000100ee75f0	70 73 00 5f 67 6c 6f 77 42 72 65 61 74 68 00 5f 
0000000100ee7600	63 61 70 73 75 6c 65 46 69 6c 6c 65 64 00 5f 62 
0000000100ee7610	72 61 6e 64 49 6e 49 73 6c 61 6e 64 00 5f 73 63 
0000000100ee7620	72 61 6d 62 6c 65 54 65 78 74 00 00 00 00 00 00 
0000000100ee7630	5f 74 61 67 6c 69 6e 65 41 70 70 65 61 72 65 64 
0000000100ee7640	00 5f 62 75 74 74 6f 6e 41 70 70 65 61 72 65 64 
0000000100ee7650	00 5f 67 6c 6f 77 53 74 6f 70 73 54 69 6d 65 72 
0000000100ee7660	00 00 00 00 00 00 00 00 00 00 00 00 00 00 00 00 
0000000100ee7670	5f 67 6c 6f 77 42 72 65 61 74 68 54 69 6d 65 72 
0000000100ee7680	00 5f 73 63 72 61 6d 62 6c 65 54 69 6d 65 72 00 
0000000100ee7690	5f 6c 61 6e 64 69 6e 67 47 6c 6f 77 54 69 6d 65 
0000000100ee76a0	72 00 69 73 6c 61 6e 64 57 00 69 73 6c 61 6e 64 
0000000100ee76b0	48 00 42 6f 64 79 00 00 00 00 00 00 00 00 00 00 
0000000100ee76c0	74 6f 70 43 6f 72 6e 65 72 52 61 64 69 75 73 00 
0000000100ee76d0	62 6f 74 74 6f 6d 43 6f 72 6e 65 72 52 61 64 69 
0000000100ee76e0	75 73 00 73 74 61 74 75 73 00 5f 70 68 61 73 65 
0000000100ee76f0	00 74 69 6d 65 72 00 42 6f 64 79 00 41 6e 69 6d 
0000000100ee7700	61 74 61 62 6c 65 44 61 74 61 00 00 00 00 00 00 
0000000100ee7710	61 70 70 72 6f 76 65 4f 6e 63 65 00 61 75 74 6f 
0000000100ee7720	4d 6f 64 65 00 6d 61 6e 75 61 6c 41 70 70 72 6f 
0000000100ee7730	76 65 00 00 00 00 00 00 00 00 00 00 00 00 00 00 
0000000100ee7740	62 79 70 61 73 73 50 65 72 6d 69 73 73 69 6f 6e 
0000000100ee7750	73 00 41 6c 6c 43 61 73 65 73 00 74 65 78 74 00 
0000000100ee7760	6b 69 6e 64 00 73 65 73 73 69 6f 6e 00 72 65 71 
0000000100ee7770	75 65 73 74 65 72 4e 61 6d 65 00 76 69 65 77 4d 
0000000100ee7780	6f 64 65 6c 00 63 6f 75 6e 74 00 73 65 73 73 69 
0000000100ee7790	6f 6e 49 64 00 73 6f 75 72 63 65 00 63 6f 6d 70 
0000000100ee77a0	61 63 74 42 75 74 74 6f 6e 73 00 00 00 00 00 00 
0000000100ee77b0	6f 6e 42 75 74 74 6f 6e 41 72 65 61 48 6f 76 65 
0000000100ee77c0	72 00 6f 76 65 72 72 69 64 65 54 6f 6f 6c 00 00 
0000000100ee77d0	6f 76 65 72 72 69 64 65 54 6f 6f 6c 49 6e 70 75 
0000000100ee77e0	74 00 00 00 00 00 00 00 00 00 00 00 00 00 00 00 
0000000100ee77f0	6f 76 65 72 72 69 64 65 50 65 72 6d 69 73 73 69 
0000000100ee7800	6f 6e 53 75 67 67 65 73 74 69 6f 6e 73 00 00 00 
0000000100ee7810	70 65 72 6d 69 73 73 69 6f 6e 54 6f 6f 6c 55 73 
0000000100ee7820	65 49 64 00 00 00 00 00 00 00 00 00 00 00 00 00 
0000000100ee7830	63 6f 64 65 78 44 65 73 6b 74 6f 70 41 70 70 72 
0000000100ee7840	6f 76 61 6c 4e 6f 6e 63 65 00 00 00 00 00 00 00 
0000000100ee7850	70 65 72 6d 69 73 73 69 6f 6e 50 75 62 6c 69 63 
0000000100ee7860	61 74 69 6f 6e 54 6f 6b 65 6e 00 68 69 64 65 42 
0000000100ee7870	79 70 61 73 73 00 68 69 64 65 41 6c 77 61 79 73 
0000000100ee7880	00 6b 65 79 62 6f 61 72 64 4d 61 6e 61 67 65 72 
0000000100ee7890	00 69 73 52 65 61 64 4f 6e 6c 79 00 00 00 00 00 
0000000100ee78a0	5f 63 61 63 68 65 64 50 6c 61 6e 4c 69 6e 65 73 
0000000100ee78b0	00 00 00 00 00 00 00 00 00 00 00 00 00 00 00 00 
0000000100ee78c0	5f 69 73 46 65 65 64 62 61 63 6b 46 6f 63 75 73 
0000000100ee78d0	65 64 00 6d 65 73 73 61 67 65 00 42 6f 64 79 00 
0000000100ee78e0	68 65 61 64 69 6e 67 00 63 6f 64 65 00 6c 69 73 
0000000100ee78f0	74 49 74 65 6d 00 6e 6f 72 6d 61 6c 00 71 75 65 
0000000100ee7900	73 74 69 6f 6e 73 00 5f 69 73 48 6f 76 65 72 69 
0000000100ee7910	6e 67 00 71 75 65 73 74 69 6f 6e 00 72 65 71 75 
0000000100ee7920	65 73 74 4e 6f 6e 63 65 00 70 72 65 73 65 6e 74 
0000000100ee7930	61 74 69 6f 6e 00 73 70 61 63 69 6e 67 00 6c 61 
0000000100ee7940	62 65 6c 00 73 68 6f 72 74 63 75 74 00 66 67 00 
0000000100ee7950	62 67 00 61 78 49 64 65 6e 74 69 66 69 65 72 00 
0000000100ee7960	61 78 4c 61 62 65 6c 00 69 73 45 6e 61 62 6c 65 
0000000100ee7970	64 00 61 63 74 69 6f 6e 00 5f 69 73 48 6f 76 65 
0000000100ee7980	72 65 64 00 00 00 00 00 00 00 00 00 00 00 00 00 
0000000100ee7990	70 75 62 6c 69 63 61 74 69 6f 6e 54 6f 6b 65 6e 
0000000100ee79a0	00 41 6e 69 6d 61 74 61 62 6c 65 44 61 74 61 00 
0000000100ee79b0	43 61 63 68 65 00 69 6e 64 65 78 00 6f 70 74 69 
0000000100ee79c0	6f 6e 00 69 73 48 6f 76 65 72 69 6e 67 00 6d 6f 
0000000100ee79d0	64 53 79 6d 62 6f 6c 00 69 73 53 65 6c 65 63 74 
0000000100ee79e0	65 64 00 00 00 00 00 00 00 00 00 00 00 00 00 00 
0000000100ee79f0	73 68 6f 77 73 53 68 6f 72 74 63 75 74 48 69 6e 
0000000100ee7a00	74 00 6f 6e 53 65 6c 65 63 74 00 6f 6e 54 6f 67 
0000000100ee7a10	67 6c 65 00 6c 69 6e 65 4c 69 6d 69 74 00 73 68 
0000000100ee7a20	6f 72 74 63 75 74 54 65 78 74 00 69 73 56 69 73 
0000000100ee7a30	69 62 6c 65 00 00 00 00 00 00 00 00 00 00 00 00 
0000000100ee7a40	70 72 6f 6a 65 63 74 4e 61 6d 65 00 00 00 00 00 
0000000100ee7a50	77 6f 72 6b 74 72 65 65 44 69 73 70 6c 61 79 4c 
0000000100ee7a60	61 62 65 6c 00 00 00 00 00 00 00 00 00 00 00 00 
0000000100ee7a70	68 6f 73 74 57 6f 72 6b 73 70 61 63 65 44 69 73 
0000000100ee7a80	70 6c 61 79 4e 61 6d 65 00 73 65 73 73 69 6f 6e 
0000000100ee7a90	43 6f 6e 74 65 6e 74 00 00 00 00 00 00 00 00 00 
0000000100ee7aa0	76 69 65 77 4d 6f 64 65 6c 00 73 65 73 73 69 6f 
0000000100ee7ab0	6e 00 69 73 41 63 74 69 76 65 00 69 73 46 6f 63 
0000000100ee7ac0	75 73 65 64 00 69 73 43 6f 6c 6c 61 70 73 65 64 
0000000100ee7ad0	00 5f 69 73 48 6f 76 65 72 65 64 00 00 00 00 00 
0000000100ee7ae0	5f 69 73 41 70 70 72 6f 76 61 6c 48 6f 76 65 72 
0000000100ee7af0	65 64 00 00 00 00 00 00 00 00 00 00 00 00 00 00 
0000000100ee7b00	5f 73 68 6f 77 4d 6f 64 65 6c 49 6e 50 61 6e 65 
0000000100ee7b10	6c 00 00 00 00 00 00 00 00 00 00 00 00 00 00 00 
0000000100ee7b20	5f 73 68 6f 77 52 65 61 73 6f 6e 69 6e 67 45 66 
0000000100ee7b30	66 6f 72 74 49 6e 50 61 6e 65 6c 00 00 00 00 00 
0000000100ee7b40	5f 73 68 6f 77 57 6f 72 6b 74 72 65 65 43 68 69 
0000000100ee7b50	70 00 00 00 00 00 00 00 00 00 00 00 00 00 00 00 
0000000100ee7b60	5f 73 68 6f 77 50 72 6f 6a 65 63 74 4e 61 6d 65 
0000000100ee7b70	00 5f 68 69 64 65 54 61 73 6b 4c 69 73 74 00 00 
0000000100ee7b80	5f 68 69 64 65 54 61 73 6b 53 75 62 61 67 65 6e 
0000000100ee7b90	74 73 00 42 6f 64 79 00 74 61 73 6b 73 00 73 74 
0000000100ee7ba0	61 72 74 65 64 41 74 00 73 65 73 73 69 6f 6e 49 
0000000100ee7bb0	64 00 00 00 00 00 00 00 00 00 00 00 00 00 00 00 
0000000100ee7bc0	72 75 6e 74 69 6d 65 49 6e 73 74 61 6e 63 65 49 
0000000100ee7bd0	64 00 73 68 6f 77 73 45 78 69 74 42 75 74 74 6f 
0000000100ee7be0	6e 00 6c 61 62 65 6c 00 61 78 49 64 65 6e 74 69 
0000000100ee7bf0	66 69 65 72 00 65 78 69 74 41 63 74 69 6f 6e 00 
0000000100ee7c00	73 74 61 74 75 73 00 61 63 74 69 6f 6e 00 74 65 
0000000100ee7c10	78 74 00 6f 70 61 63 69 74 79 00 00 00 00 00 00 
0000000100ee7c20	62 61 63 6b 67 72 6f 75 6e 64 4f 70 61 63 69 74 
0000000100ee7c30	79 00 62 72 61 6e 64 43 6f 6c 6f 72 00 6d 69 6e 
0000000100ee7c40	57 69 64 74 68 00 74 72 61 69 6c 69 6e 67 49 63 
0000000100ee7c50	6f 6e 00 6f 6e 54 61 70 00 63 6f 75 6e 74 00 00 
0000000100ee7c60	65 78 74 72 61 53 65 73 73 69 6f 6e 43 6f 75 6e 
0000000100ee7c70	74 00 73 68 6f 77 52 65 73 74 61 72 74 48 69 6e 
0000000100ee7c80	74 00 6f 6e 45 6e 61 62 6c 65 00 6f 6e 44 69 73 
0000000100ee7c90	6d 69 73 73 00 5f 69 6e 73 74 61 6c 6c 69 6e 67 
0000000100ee7ca0	00 69 64 65 4e 61 6d 65 00 6f 6e 49 6e 73 74 61 
0000000100ee7cb0	6c 6c 00 5f 6f 70 65 6e 55 52 4c 00 6f 6e 41 75 
0000000100ee7cc0	74 68 6f 72 69 7a 65 00 5f 69 73 41 75 74 68 6f 
0000000100ee7cd0	72 69 7a 69 6e 67 00 00 00 00 00 00 00 00 00 00 
0000000100ee7ce0	5f 61 75 74 68 6f 72 69 7a 61 74 69 6f 6e 46 61 
0000000100ee7cf0	69 6c 65 64 00 00 00 00 00 00 00 00 00 00 00 00 
0000000100ee7d00	5f 61 75 74 68 6f 72 69 7a 61 74 69 6f 6e 45 72 
0000000100ee7d10	72 6f 72 44 65 74 61 69 6c 00 56 61 6c 75 65 00 
0000000100ee7d20	69 64 65 6e 74 69 66 69 65 72 00 74 61 73 6b 00 
0000000100ee7d30	73 79 73 74 65 6d 4e 61 6d 65 00 63 6f 6c 6f 72 
0000000100ee7d40	00 73 69 7a 65 00 42 6f 64 79 00 69 63 6f 6e 57 
0000000100ee7d50	69 64 74 68 00 69 63 6f 6e 53 69 7a 65 00 42 6f 
0000000100ee7d60	64 79 00 00 00 00 00 00 00 00 00 00 00 00 00 00 
0000000100ee7d70	5f 6c 61 79 6f 75 74 44 69 72 65 63 74 69 6f 6e 
0000000100ee7d80	00 5f 76 61 6c 75 65 00 72 61 6e 67 65 00 73 74 
0000000100ee7d90	65 70 00 74 69 63 6b 49 6e 74 65 72 76 61 6c 00 
0000000100ee7da0	6f 6e 45 64 69 74 69 6e 67 43 68 61 6e 67 65 64 
0000000100ee7db0	00 5f 69 73 44 72 61 67 67 69 6e 67 00 6c 61 62 
0000000100ee7dc0	65 6c 00 75 6e 69 74 00 6f 6e 43 6f 6d 6d 69 74 
0000000100ee7dd0	00 5f 69 73 46 6f 63 75 73 65 64 00 5f 64 72 61 
0000000100ee7de0	66 74 00 42 6f 64 79 00 77 69 64 74 68 54 65 6d 
0000000100ee7df0	70 6c 61 74 65 00 69 73 41 63 74 69 76 65 00 63 
0000000100ee7e00	6f 6e 74 65 6e 74 00 42 6f 64 79 00 00 00 00 00 
0000000100ee7e10	5f 69 73 54 65 6c 65 6d 65 74 72 79 45 6e 61 62 
0000000100ee7e20	6c 65 64 00 00 00 00 00 00 00 00 00 00 00 00 00 
0000000100ee7e30	5f 73 68 6f 77 43 6f 6d 6d 75 6e 69 74 79 53 68 
0000000100ee7e40	65 65 74 00 00 00 00 00 00 00 00 00 00 00 00 00 
0000000100ee7e50	5f 73 68 6f 77 41 63 6b 6e 6f 77 6c 65 64 67 65 
0000000100ee7e60	6d 65 6e 74 73 00 00 00 00 00 00 00 00 00 00 00 
0000000100ee7e70	5f 73 68 6f 77 52 65 6c 65 61 73 65 4e 6f 74 65 
0000000100ee7e80	73 00 00 00 00 00 00 00 00 00 00 00 00 00 00 00 
0000000100ee7e90	5f 69 73 45 78 70 6f 72 74 69 6e 67 44 69 61 67 
0000000100ee7ea0	6e 6f 73 74 69 63 73 00 00 00 00 00 00 00 00 00 
0000000100ee7eb0	5f 64 69 61 67 6e 6f 73 74 69 63 45 78 70 6f 72 
0000000100ee7ec0	74 45 72 72 6f 72 00 00 00 00 00 00 00 00 00 00 
0000000100ee7ed0	5f 73 68 6f 77 55 6e 69 6e 73 74 61 6c 6c 43 6f 
0000000100ee7ee0	6e 66 69 72 6d 00 5f 69 73 55 6e 69 6e 73 74 61 
0000000100ee7ef0	6c 6c 69 6e 67 00 00 00 00 00 00 00 00 00 00 00 
0000000100ee7f00	5f 73 68 6f 77 55 6e 69 6e 73 74 61 6c 6c 44 6f 
0000000100ee7f10	6e 65 00 42 6f 64 79 00 5f 64 69 73 6d 69 73 73 
0000000100ee7f20	00 42 6f 64 79 00 63 6f 6e 66 69 67 00 77 65 63 
0000000100ee7f30	68 61 74 51 52 44 61 74 61 00 66 65 69 73 68 75 
0000000100ee7f40	51 52 44 61 74 61 00 6c 6f 61 64 65 64 00 6c 6f 
0000000100ee7f50	61 64 69 6e 67 00 5f 64 69 73 6d 69 73 73 00 5f 
0000000100ee7f60	70 68 61 73 65 00 42 6f 64 79 00 73 68 6f 77 57 
0000000100ee7f70	65 43 68 61 74 47 72 6f 75 70 00 73 68 6f 77 46 
0000000100ee7f80	65 69 73 68 75 47 72 6f 75 70 00 70 61 79 6c 6f 
0000000100ee7f90	61 64 00 64 61 74 61 00 6c 61 62 65 6c 00 5f 69 
0000000100ee7fa0	6d 61 67 65 00 00 00 00 00 00 00 00 00 00 00 00 
0000000100ee7fb0	76 69 65 77 4d 6f 64 65 6c 00 73 63 72 65 65 6e 
0000000100ee7fc0	53 65 6c 65 63 74 6f 72 00 5f 68 69 64 65 44 65 
0000000100ee7fd0	74 61 69 6c 00 5f 68 69 64 65 54 61 73 6b 4c 69 
0000000100ee7fe0	73 74 00 00 00 00 00 00 00 00 00 00 00 00 00 00 
0000000100ee7ff0	5f 68 69 64 65 54 61 73 6b 53 75 62 61 67 65 6e 
0000000100ee8000	74 73 00 5f 73 68 6f 77 4d 6f 64 65 6c 00 00 00 
0000000100ee8010	5f 73 68 6f 77 52 65 61 73 6f 6e 69 6e 67 45 66 
0000000100ee8020	66 6f 72 74 00 5f 73 68 6f 77 57 6f 72 6b 74 72 
0000000100ee8030	65 65 00 00 00 00 00 00 00 00 00 00 00 00 00 00 
0000000100ee8040	5f 73 68 6f 77 50 72 6f 6a 65 63 74 4e 61 6d 65 
0000000100ee8050	00 42 6f 64 79 00 5f 73 65 6c 65 63 74 69 6f 6e 
0000000100ee8060	00 42 6f 64 79 00 76 69 65 77 4d 6f 64 65 6c 00 
0000000100ee8070	5f 77 61 6c 6c 70 61 70 65 72 00 42 6f 64 79 00 
0000000100ee8080	73 68 6f 77 4d 6f 64 65 6c 00 00 00 00 00 00 00 
0000000100ee8090	73 68 6f 77 52 65 61 73 6f 6e 69 6e 67 45 66 66 
0000000100ee80a0	6f 72 74 00 73 68 6f 77 50 72 6f 6a 65 63 74 4e 
0000000100ee80b0	61 6d 65 00 73 68 6f 77 57 6f 72 6b 74 72 65 65 
0000000100ee80c0	00 73 68 6f 77 54 61 73 6b 73 00 73 68 6f 77 53 
0000000100ee80d0	75 62 61 67 65 6e 74 73 00 73 68 6f 77 44 65 74 
0000000100ee80e0	61 69 6c 00 42 6f 64 79 00 74 65 78 74 00 69 73 
0000000100ee80f0	43 6f 70 79 61 62 6c 65 00 00 00 00 00 00 00 00 
0000000100ee8100	6c 6f 63 61 6c 4d 61 63 00 73 73 68 53 65 72 76 
0000000100ee8110	65 72 00 68 6f 73 74 73 00 6c 6f 63 61 6c 50 6f 
0000000100ee8120	72 74 00 00 00 00 00 00 00 00 00 00 00 00 00 00 
0000000100ee8130	63 6f 6e 6e 65 63 74 65 64 48 6f 73 74 49 44 73 
0000000100ee8140	00 5f 6c 6f 63 61 74 69 6f 6e 00 5f 73 65 6c 65 
0000000100ee8150	63 74 65 64 48 6f 73 74 49 44 00 5f 72 65 6c 61 
0000000100ee8160	79 48 6f 73 74 00 5f 63 6f 70 69 65 64 00 00 00 
0000000100ee8170	5f 73 65 6c 65 63 74 65 64 50 6c 61 74 66 6f 72 
0000000100ee8180	6d 00 42 6f 64 79 00 49 44 00 41 6c 6c 43 61 73 
0000000100ee8190	65 73 00 52 61 77 56 61 6c 75 65 00 00 00 00 00 
0000000100ee81a0	5f 61 70 70 4c 61 6e 67 75 61 67 65 00 00 00 00 
0000000100ee81b0	5f 69 6e 69 74 69 61 6c 41 70 70 4c 61 6e 67 75 
0000000100ee81c0	61 67 65 00 00 00 00 00 00 00 00 00 00 00 00 00 
0000000100ee81d0	5f 69 73 4c 61 75 6e 63 68 41 74 4c 6f 67 69 6e 
0000000100ee81e0	45 6e 61 62 6c 65 64 00 00 00 00 00 00 00 00 00 
0000000100ee81f0	5f 69 64 6c 65 54 69 6d 65 6f 75 74 48 6f 75 72 
0000000100ee8200	73 00 76 69 65 77 4d 6f 64 65 6c 00 42 6f 64 79 
0000000100ee8210	00 00 00 00 00 00 00 00 00 00 00 00 00 00 00 00 
0000000100ee8220	5f 6c 61 79 6f 75 74 44 69 72 65 63 74 69 6f 6e 
0000000100ee8230	00 5f 76 61 6c 75 65 00 72 61 6e 67 65 00 73 74 
0000000100ee8240	65 70 00 74 72 61 63 6b 48 65 69 67 68 74 00 74 
0000000100ee8250	68 75 6d 62 53 69 7a 65 00 63 6f 64 65 00 6e 61 
0000000100ee8260	6d 65 00 49 44 00 69 64 6c 65 00 70 72 65 70 61 
0000000100ee8270	72 69 6e 67 00 73 61 76 65 64 00 66 61 69 6c 65 
0000000100ee8280	64 00 68 6f 6f 6b 49 44 00 5f 70 68 61 73 65 00 
0000000100ee8290	42 6f 64 79 00 68 6f 6f 6b 00 69 73 45 6e 61 62 
0000000100ee82a0	6c 65 64 00 00 00 00 00 00 00 00 00 00 00 00 00 
0000000100ee82b0	63 6c 61 75 64 65 00 63 6f 64 65 78 00 5f 69 64 
0000000100ee82c0	65 53 74 61 74 75 73 65 73 00 5f 69 6e 73 74 61 
0000000100ee82d0	6c 6c 69 6e 67 49 44 45 00 5f 68 6f 6f 6b 53 74 
0000000100ee82e0	61 74 75 73 65 73 00 00 00 00 00 00 00 00 00 00 
0000000100ee82f0	5f 68 6f 6f 6b 41 75 74 6f 43 6f 6e 66 69 67 73 
0000000100ee8300	00 00 00 00 00 00 00 00 00 00 00 00 00 00 00 00 
0000000100ee8310	5f 61 75 74 6f 43 6f 6e 66 69 67 75 72 65 4e 65 
0000000100ee8320	77 6c 79 44 65 74 65 63 74 65 64 43 4c 49 73 00 
0000000100ee8330	5f 74 65 72 6d 69 6e 61 6c 54 69 74 6c 65 4d 61 
0000000100ee8340	6e 61 67 65 6d 65 6e 74 45 6e 61 62 6c 65 64 00 
0000000100ee8350	5f 74 65 72 6d 69 6e 61 6c 54 69 74 6c 65 46 6f 
0000000100ee8360	72 6d 61 74 00 00 00 00 00 00 00 00 00 00 00 00 
0000000100ee8370	5f 69 73 47 68 6f 73 74 74 79 41 76 61 69 6c 61 
0000000100ee8380	62 6c 65 00 00 00 00 00 00 00 00 00 00 00 00 00 
0000000100ee8390	5f 72 65 70 61 69 72 52 65 71 75 65 73 74 49 44 
0000000100ee83a0	73 00 5f 72 65 70 61 69 72 46 61 69 6c 75 72 65 
0000000100ee83b0	73 00 00 00 00 00 00 00 00 00 00 00 00 00 00 00 
0000000100ee83c0	5f 63 6f 6e 66 69 67 75 72 69 6e 67 4b 69 72 6f 
0000000100ee83d0	00 00 00 00 00 00 00 00 00 00 00 00 00 00 00 00 
0000000100ee83e0	5f 61 63 74 69 76 61 74 69 6e 67 48 65 72 6d 65 
0000000100ee83f0	73 00 00 00 00 00 00 00 00 00 00 00 00 00 00 00 
0000000100ee8400	5f 68 65 72 6d 65 73 41 63 74 69 76 61 74 69 6f 
0000000100ee8410	6e 45 72 72 6f 72 00 00 00 00 00 00 00 00 00 00 
0000000100ee8420	5f 61 75 74 68 6f 72 69 7a 69 6e 67 43 6f 64 65 
0000000100ee8430	78 54 72 75 73 74 00 00 00 00 00 00 00 00 00 00 
0000000100ee8440	5f 63 6f 64 65 78 54 72 75 73 74 45 72 72 6f 72 
0000000100ee8450	00 00 00 00 00 00 00 00 00 00 00 00 00 00 00 00 
0000000100ee8460	5f 63 6f 64 65 78 54 72 75 73 74 4d 61 6e 75 61 
0000000100ee8470	6c 47 75 69 64 61 6e 63 65 00 00 00 00 00 00 00 
0000000100ee8480	5f 61 63 63 65 73 73 69 62 69 6c 69 74 79 47 72 
0000000100ee8490	61 6e 74 65 64 00 00 00 00 00 00 00 00 00 00 00 
0000000100ee84a0	5f 64 65 6e 69 65 64 54 65 72 6d 69 6e 61 6c 73 
0000000100ee84b0	00 00 00 00 00 00 00 00 00 00 00 00 00 00 00 00 
0000000100ee84c0	5f 73 68 6f 77 41 64 64 43 75 73 74 6f 6d 50 61 
0000000100ee84d0	74 68 00 5f 63 75 73 74 6f 6d 50 61 74 68 4b 69 
0000000100ee84e0	6e 64 00 00 00 00 00 00 00 00 00 00 00 00 00 00 
0000000100ee84f0	5f 63 75 73 74 6f 6d 50 61 74 68 49 6e 70 75 74 
0000000100ee8500	00 00 00 00 00 00 00 00 00 00 00 00 00 00 00 00 
0000000100ee8510	5f 63 75 73 74 6f 6d 50 61 74 68 45 72 72 6f 72 
0000000100ee8520	00 00 00 00 00 00 00 00 00 00 00 00 00 00 00 00 
0000000100ee8530	5f 72 65 6d 6f 76 69 6e 67 43 75 73 74 6f 6d 49 
0000000100ee8540	64 73 00 49 44 00 41 6c 6c 43 61 73 65 73 00 52 
0000000100ee8550	61 77 56 61 6c 75 65 00 42 6f 64 79 00 00 00 00 
0000000100ee8560	68 61 73 43 6c 61 75 64 65 00 68 61 73 43 6f 64 
0000000100ee8570	65 78 00 68 61 73 43 75 72 73 6f 72 00 68 61 73 
0000000100ee8580	4b 69 72 6f 00 76 69 65 77 4d 6f 64 65 6c 00 5f 
0000000100ee8590	63 75 72 73 6f 72 41 70 70 72 6f 76 61 6c 00 00 
0000000100ee85a0	5f 63 6f 64 65 78 41 70 70 72 6f 76 61 6c 4d 6f 
0000000100ee85b0	64 65 00 00 00 00 00 00 00 00 00 00 00 00 00 00 
0000000100ee85c0	5f 6b 69 72 6f 50 65 72 6d 69 73 73 69 6f 6e 48 
0000000100ee85d0	69 6e 74 44 65 6c 61 79 53 65 63 6f 6e 64 73 00 
0000000100ee85e0	5f 72 65 63 65 69 76 65 42 65 74 61 55 70 64 61 
0000000100ee85f0	74 65 73 00 00 00 00 00 00 00 00 00 00 00 00 00 
0000000100ee8600	5f 61 75 74 6f 4d 6f 64 65 49 6e 73 74 65 61 64 
0000000100ee8610	4f 66 42 79 70 61 73 73 00 00 00 00 00 00 00 00 
0000000100ee8620	5f 64 65 66 65 72 43 6c 61 75 64 65 41 70 70 72 
0000000100ee8630	6f 76 61 6c 73 54 6f 4e 61 74 69 76 65 00 00 00 
0000000100ee8640	5f 6d 65 6d 6f 72 79 52 65 73 74 61 72 74 45 6e 
0000000100ee8650	61 62 6c 65 64 00 00 00 00 00 00 00 00 00 00 00 
0000000100ee8660	5f 74 6f 6f 6c 41 76 61 69 6c 61 62 69 6c 69 74 
0000000100ee8670	79 00 00 00 00 00 00 00 00 00 00 00 00 00 00 00 
0000000100ee8680	5f 63 6f 64 65 78 41 70 70 53 65 72 76 65 72 4a 
0000000100ee8690	75 6d 70 54 6f 44 65 73 6b 74 6f 70 00 00 00 00 
0000000100ee86a0	5f 61 69 4e 61 6d 69 6e 67 45 6e 61 62 6c 65 64 
0000000100ee86b0	00 00 00 00 00 00 00 00 00 00 00 00 00 00 00 00 
0000000100ee86c0	5f 61 69 54 65 72 6d 69 6e 61 6c 4e 61 6d 69 6e 
0000000100ee86d0	67 00 00 00 00 00 00 00 00 00 00 00 00 00 00 00 
0000000100ee86e0	5f 61 69 4e 61 74 69 76 65 57 72 69 74 65 62 61 
0000000100ee86f0	63 6b 00 42 6f 64 79 00 00 00 00 00 00 00 00 00 
0000000100ee8700	6c 6f 61 64 69 6e 67 00 6e 6f 74 43 6f 6e 66 69 
0000000100ee8710	67 75 72 65 64 00 63 6f 6e 66 69 67 75 72 65 64 
0000000100ee8720	00 6e 65 65 64 73 41 74 74 65 6e 74 69 6f 6e 00 
0000000100ee8730	5f 73 65 74 74 69 6e 67 73 00 00 00 00 00 00 00 
0000000100ee8740	5f 63 6f 6e 6e 65 63 74 69 6f 6e 53 74 61 74 75 
0000000100ee8750	73 00 5f 73 65 74 75 70 52 65 71 75 65 73 74 00 
0000000100ee8760	5f 69 73 50 72 65 70 61 72 69 6e 67 53 65 74 75 
0000000100ee8770	70 00 00 00 00 00 00 00 00 00 00 00 00 00 00 00 
0000000100ee8780	5f 73 68 6f 77 55 6e 65 6e 63 72 79 70 74 65 64 
0000000100ee8790	44 65 74 61 69 6c 73 57 61 72 6e 69 6e 67 00 42 
0000000100ee87a0	6f 64 79 00 00 00 00 00 00 00 00 00 00 00 00 00 
0000000100ee87b0	69 64 00 73 65 72 76 65 72 55 52 4c 00 64 65 76 
0000000100ee87c0	69 63 65 4b 65 79 00 00 00 00 00 00 00 00 00 00 
0000000100ee87d0	69 73 45 6e 63 72 79 70 74 69 6f 6e 45 6e 61 62 
0000000100ee87e0	6c 65 64 00 00 00 00 00 00 00 00 00 00 00 00 00 
0000000100ee87f0	65 6e 63 72 79 70 74 69 6f 6e 43 6f 6e 66 69 67 
0000000100ee8800	75 72 61 74 69 6f 6e 00 00 00 00 00 00 00 00 00 
0000000100ee8810	69 6e 63 6c 75 64 65 73 44 65 74 61 69 6c 65 64 
0000000100ee8820	43 6f 6e 74 65 6e 74 00 65 6e 61 62 6c 65 41 66 
0000000100ee8830	74 65 72 53 61 76 65 00 49 44 00 69 64 6c 65 00 
0000000100ee8840	73 65 6e 64 69 6e 67 00 73 75 63 63 65 73 73 00 
0000000100ee8850	66 61 69 6c 75 72 65 00 6b 65 79 00 69 76 00 72 
0000000100ee8860	65 71 75 65 73 74 00 6f 6e 53 61 76 65 00 5f 64 
0000000100ee8870	69 73 6d 69 73 73 00 5f 73 65 72 76 65 72 4d 6f 
0000000100ee8880	64 65 00 00 00 00 00 00 00 00 00 00 00 00 00 00 
0000000100ee8890	5f 63 75 73 74 6f 6d 53 65 72 76 65 72 55 52 4c 
0000000100ee88a0	00 5f 64 65 76 69 63 65 4b 65 79 00 00 00 00 00 
0000000100ee88b0	5f 69 73 45 6e 63 72 79 70 74 69 6f 6e 45 6e 61 
0000000100ee88c0	62 6c 65 64 00 00 00 00 00 00 00 00 00 00 00 00 
0000000100ee88d0	5f 65 6e 63 72 79 70 74 69 6f 6e 43 6f 6e 66 69 
0000000100ee88e0	67 75 72 61 74 69 6f 6e 00 5f 74 65 73 74 53 74 
0000000100ee88f0	61 74 65 00 00 00 00 00 00 00 00 00 00 00 00 00 
0000000100ee8900	5f 63 6f 70 69 65 64 43 72 65 64 65 6e 74 69 61 
0000000100ee8910	6c 00 00 00 00 00 00 00 00 00 00 00 00 00 00 00 
0000000100ee8920	5f 63 6f 70 69 65 64 53 74 61 74 75 73 54 61 73 
0000000100ee8930	6b 00 5f 69 73 53 61 76 69 6e 67 00 5f 73 61 76 
0000000100ee8940	65 46 61 69 6c 65 64 00 00 00 00 00 00 00 00 00 
0000000100ee8950	5f 73 68 6f 77 50 6c 61 69 6e 74 65 78 74 43 6f 
0000000100ee8960	6e 66 69 72 6d 61 74 69 6f 6e 00 00 00 00 00 00 
0000000100ee8970	5f 69 73 47 65 74 42 61 72 6b 45 78 70 61 6e 64 
0000000100ee8980	65 64 00 5f 61 70 70 53 74 6f 72 65 51 52 43 6f 
0000000100ee8990	64 65 00 42 6f 64 79 00 62 61 72 6b 50 75 62 6c 
0000000100ee89a0	69 63 00 73 65 6c 66 48 6f 73 74 65 64 00 41 6c 
0000000100ee89b0	6c 43 61 73 65 73 00 52 61 77 56 61 6c 75 65 00 
0000000100ee89c0	63 77 64 00 70 72 6f 6d 70 74 00 5f 73 74 6f 72 
0000000100ee89d0	65 00 5f 61 64 6d 69 73 73 69 6f 6e 53 74 6f 72 
0000000100ee89e0	65 00 76 69 65 77 4d 6f 64 65 6c 00 5f 6e 65 77 
0000000100ee89f0	43 77 64 49 6e 70 75 74 00 5f 6e 65 77 50 72 6f 
0000000100ee8a00	6d 70 74 49 6e 70 75 74 00 00 00 00 00 00 00 00 
0000000100ee8a10	5f 61 64 6d 69 73 73 69 6f 6e 53 74 61 74 75 73 
0000000100ee8a20	4d 65 73 73 61 67 65 00 00 00 00 00 00 00 00 00 
0000000100ee8a30	5f 6e 65 77 50 72 6f 6d 70 74 4d 61 74 63 68 54 
0000000100ee8a40	79 70 65 00 5f 66 6f 63 75 73 65 64 46 69 65 6c 
0000000100ee8a50	64 00 00 00 00 00 00 00 00 00 00 00 00 00 00 00 
0000000100ee8a60	5f 63 77 64 4c 69 76 65 50 72 65 76 69 65 77 43 
0000000100ee8a70	6f 75 6e 74 00 00 00 00 00 00 00 00 00 00 00 00 
0000000100ee8a80	5f 70 72 6f 6d 70 74 4c 69 76 65 50 72 65 76 69 
0000000100ee8a90	65 77 43 6f 75 6e 74 00 42 6f 64 79 00 00 00 00 
0000000100ee8aa0	5f 63 6f 70 79 46 65 65 64 62 61 63 6b 00 00 00 
0000000100ee8ab0	5f 73 65 6c 65 63 74 65 64 50 61 6c 65 74 74 65 
0000000100ee8ac0	00 42 6f 64 79 00 73 79 73 74 65 6d 4e 61 6d 65 
0000000100ee8ad0	00 61 63 74 69 6f 6e 00 5f 69 73 48 6f 76 65 72 
0000000100ee8ae0	69 6e 67 00 00 00 00 00 00 00 00 00 00 00 00 00 
0000000100ee8af0	69 64 00 68 6f 73 74 00 64 69 73 63 6f 76 65 72 
0000000100ee8b00	65 64 00 00 00 00 00 00 00 00 00 00 00 00 00 00 
0000000100ee8b10	70 72 65 73 65 72 76 65 49 6e 73 74 61 6c 6c 4f 
0000000100ee8b20	6e 46 61 69 6c 75 72 65 00 49 44 00 70 61 74 68 
0000000100ee8b30	00 73 6f 75 72 63 65 00 72 6f 77 73 00 73 65 6c 
0000000100ee8b40	65 63 74 65 64 50 61 74 68 73 00 68 6f 73 74 4e 
0000000100ee8b50	61 6d 65 00 6f 6e 43 61 6e 63 65 6c 00 6f 6e 43 
0000000100ee8b60	6f 6e 66 69 72 6d 00 5f 6d 6f 64 65 6c 00 5f 6d 
0000000100ee8b70	61 6e 75 61 6c 50 61 74 68 00 00 00 00 00 00 00 
0000000100ee8b80	5f 73 68 6f 77 73 49 6e 76 61 6c 69 64 50 61 74 
0000000100ee8b90	68 00 42 6f 64 79 00 00 00 00 00 00 00 00 00 00 
0000000100ee8ba0	6f 6e 41 64 64 00 5f 64 69 73 6d 69 73 73 00 5f 
0000000100ee8bb0	68 6f 73 74 00 5f 75 73 65 72 00 5f 61 6c 69 61 
0000000100ee8bc0	73 00 5f 73 73 68 4f 70 74 69 6f 6e 73 00 00 00 
0000000100ee8bd0	5f 6d 61 6e 75 61 6c 43 6f 6e 6e 65 63 74 69 6f 
0000000100ee8be0	6e 4f 6e 6c 79 00 00 00 00 00 00 00 00 00 00 00 
0000000100ee8bf0	5f 61 75 74 6f 55 70 64 61 74 65 48 6f 6f 6b 73 
0000000100ee8c00	00 00 00 00 00 00 00 00 00 00 00 00 00 00 00 00 
0000000100ee8c10	5f 72 65 6d 6f 74 65 43 6c 61 75 64 65 55 73 61 
0000000100ee8c20	67 65 52 65 6c 61 79 45 6e 61 62 6c 65 64 00 00 
0000000100ee8c30	5f 72 65 6d 6f 74 65 43 6f 64 65 78 55 73 61 67 
0000000100ee8c40	65 50 72 6f 62 65 45 6e 61 62 6c 65 64 00 42 6f 
0000000100ee8c50	64 79 00 74 69 74 6c 65 00 73 75 62 6d 69 74 4c 
0000000100ee8c60	61 62 65 6c 00 63 61 6e 53 75 62 6d 69 74 00 6f 
0000000100ee8c70	6e 53 75 62 6d 69 74 00 68 6f 73 74 00 6f 6e 53 
0000000100ee8c80	61 76 65 00 5f 65 64 69 74 48 6f 73 74 00 5f 65 
0000000100ee8c90	64 69 74 55 73 65 72 00 5f 65 64 69 74 41 6c 69 
0000000100ee8ca0	61 73 00 5f 65 64 69 74 53 53 48 4f 70 74 69 6f 
0000000100ee8cb0	6e 73 00 00 00 00 00 00 00 00 00 00 00 00 00 00 
0000000100ee8cc0	5f 65 64 69 74 4d 61 6e 75 61 6c 43 6f 6e 6e 65 
0000000100ee8cd0	63 74 69 6f 6e 4f 6e 6c 79 00 00 00 00 00 00 00 
0000000100ee8ce0	5f 65 64 69 74 41 75 74 6f 55 70 64 61 74 65 48 
0000000100ee8cf0	6f 6f 6b 73 00 00 00 00 00 00 00 00 00 00 00 00 
0000000100ee8d00	5f 65 64 69 74 52 65 6d 6f 74 65 43 6c 61 75 64 
0000000100ee8d10	65 55 73 61 67 65 52 65 6c 61 79 45 6e 61 62 6c 
0000000100ee8d20	65 64 00 00 00 00 00 00 00 00 00 00 00 00 00 00 
0000000100ee8d30	5f 65 64 69 74 52 65 6d 6f 74 65 43 6f 64 65 78 
0000000100ee8d40	55 73 61 67 65 50 72 6f 62 65 45 6e 61 62 6c 65 
0000000100ee8d50	64 00 68 65 6c 70 00 5f 69 73 4f 6e 00 00 00 00 
0000000100ee8d60	68 6f 73 74 00 69 73 44 65 70 6c 6f 79 69 6e 67 
0000000100ee8d70	00 6f 6e 44 65 70 6c 6f 79 00 00 00 00 00 00 00 
0000000100ee8d80	6f 6e 43 6f 6e 66 69 67 75 72 65 43 6f 64 65 78 
0000000100ee8d90	52 6f 6f 74 73 00 6f 6e 53 61 76 65 00 00 00 00 
0000000100ee8da0	6f 6e 43 6c 65 61 6e 75 70 53 75 63 63 65 73 73 
0000000100ee8db0	00 6f 6e 52 65 6d 6f 76 65 00 5f 73 74 6f 72 65 
0000000100ee8dc0	00 00 00 00 00 00 00 00 00 00 00 00 00 00 00 00 
0000000100ee8dd0	5f 73 68 6f 77 54 75 6e 6e 65 6c 43 6f 6d 6d 61 
0000000100ee8de0	6e 64 73 00 5f 73 68 6f 77 45 64 69 74 53 68 65 
0000000100ee8df0	65 74 00 5f 69 73 43 6c 65 61 6e 69 6e 67 55 70 
0000000100ee8e00	00 00 00 00 00 00 00 00 00 00 00 00 00 00 00 00 
0000000100ee8e10	5f 73 68 6f 77 43 6c 65 61 6e 75 70 43 6f 6e 66 
0000000100ee8e20	69 72 6d 00 00 00 00 00 00 00 00 00 00 00 00 00 
0000000100ee8e30	5f 73 68 6f 77 43 6c 65 61 6e 75 70 52 65 73 75 
0000000100ee8e40	6c 74 00 00 00 00 00 00 00 00 00 00 00 00 00 00 
0000000100ee8e50	5f 73 68 6f 77 52 65 6d 6f 76 65 43 6f 6e 66 69 
0000000100ee8e60	72 6d 00 00 00 00 00 00 00 00 00 00 00 00 00 00 
0000000100ee8e70	5f 63 6c 65 61 6e 75 70 52 65 73 75 6c 74 4d 65 
0000000100ee8e80	73 73 61 67 65 00 00 00 00 00 00 00 00 00 00 00 
0000000100ee8e90	5f 70 65 6e 64 69 6e 67 52 65 6d 6f 76 65 41 66 
0000000100ee8ea0	74 65 72 41 6c 65 72 74 00 42 6f 64 79 00 68 6f 
0000000100ee8eb0	73 74 4e 61 6d 65 00 73 74 61 74 65 00 69 73 43 
0000000100ee8ec0	68 65 63 6b 69 6e 67 00 6f 6e 43 68 65 63 6b 00 
0000000100ee8ed0	6f 6e 55 70 64 61 74 65 00 00 00 00 00 00 00 00 
0000000100ee8ee0	5f 73 65 6c 65 63 74 65 64 50 6c 61 74 66 6f 72 
0000000100ee8ef0	6d 00 5f 63 6f 70 69 65 64 43 75 72 6c 00 5f 63 
0000000100ee8f00	6f 70 69 65 64 52 65 6d 6f 74 65 00 00 00 00 00 
0000000100ee8f10	5f 73 68 6f 77 4f 66 66 6c 69 6e 65 46 61 6c 6c 
0000000100ee8f20	62 61 63 6b 00 42 6f 64 79 00 00 00 00 00 00 00 
0000000100ee8f30	5f 73 74 6f 72 65 00 5f 73 68 6f 77 41 64 64 53 
0000000100ee8f40	68 65 65 74 00 00 00 00 00 00 00 00 00 00 00 00 
0000000100ee8f50	5f 64 65 70 6c 6f 79 69 6e 67 48 6f 73 74 49 64 
0000000100ee8f60	00 5f 64 65 70 6c 6f 79 4d 65 73 73 61 67 65 00 
0000000100ee8f70	5f 64 65 70 6c 6f 79 45 72 72 6f 72 00 00 00 00 
0000000100ee8f80	5f 73 68 6f 77 52 65 73 75 6c 74 41 6c 65 72 74 
0000000100ee8f90	00 00 00 00 00 00 00 00 00 00 00 00 00 00 00 00 
0000000100ee8fa0	5f 6c 61 73 74 52 65 73 75 6c 74 53 75 63 63 65 
0000000100ee8fb0	73 73 00 00 00 00 00 00 00 00 00 00 00 00 00 00 
0000000100ee8fc0	5f 70 65 6e 64 69 6e 67 44 65 70 6c 6f 79 48 6f 
0000000100ee8fd0	73 74 00 00 00 00 00 00 00 00 00 00 00 00 00 00 
0000000100ee8fe0	5f 70 65 6e 64 69 6e 67 43 6f 64 65 78 52 6f 6f 
0000000100ee8ff0	74 53 65 74 75 70 00 42 6f 64 79 00 5f 70 6f 72 
0000000100ee9000	74 00 68 6f 73 74 00 5f 63 6f 70 69 65 64 4b 69 
0000000100ee9010	6e 64 00 42 6f 64 79 00 69 63 6f 6e 00 74 69 74 
0000000100ee9020	6c 65 00 63 6f 6e 74 65 6e 74 00 5f 69 73 45 78 
0000000100ee9030	70 61 6e 64 65 64 00 42 6f 64 79 00 74 65 78 74 
0000000100ee9040	00 42 6f 64 79 00 5f 6b 65 79 43 6f 64 65 00 64 
0000000100ee9050	65 66 61 75 6c 74 4b 65 79 43 6f 64 65 00 5f 69 
0000000100ee9060	73 52 65 63 6f 72 64 69 6e 67 00 5f 6d 6f 6e 69 
0000000100ee9070	74 6f 72 00 42 6f 64 79 00 5f 63 6f 6d 62 6f 00 
0000000100ee9080	61 6c 6c 6f 77 42 61 72 65 4b 65 79 00 64 65 66 
0000000100ee9090	61 75 6c 74 43 6f 6d 62 6f 00 5f 69 73 52 65 63 
0000000100ee90a0	6f 72 64 69 6e 67 00 5f 6d 6f 6e 69 74 6f 72 00 
0000000100ee90b0	42 6f 64 79 00 00 00 00 00 00 00 00 00 00 00 00 
0000000100ee90c0	5f 6b 65 79 62 6f 61 72 64 4d 61 6e 61 67 65 72 
0000000100ee90d0	00 42 6f 64 79 00 00 00 00 00 00 00 00 00 00 00 
0000000100ee90e0	5f 73 6f 75 6e 64 00 5f 73 74 6f 72 65 00 73 6f 
0000000100ee90f0	75 72 63 65 53 74 6f 72 65 00 63 75 73 74 6f 6d 
0000000100ee9100	53 74 6f 72 65 00 5f 61 75 74 6f 44 65 74 65 63 
0000000100ee9110	74 00 00 00 00 00 00 00 00 00 00 00 00 00 00 00 
0000000100ee9120	5f 69 6d 70 6f 72 74 50 61 63 6b 45 72 72 6f 72 
0000000100ee9130	00 5f 73 65 61 72 63 68 54 65 78 74 00 00 00 00 
0000000100ee9140	5f 71 75 69 65 74 48 6f 75 72 73 53 74 61 72 74 
0000000100ee9150	00 5f 71 75 69 65 74 48 6f 75 72 73 45 6e 64 00 
0000000100ee9160	5f 71 75 69 65 74 48 6f 75 72 73 41 63 74 69 76 
0000000100ee9170	65 00 00 00 00 00 00 00 00 00 00 00 00 00 00 00 
0000000100ee9180	5f 73 6f 75 6e 64 50 61 63 6b 73 45 6e 61 62 6c 
0000000100ee9190	65 64 00 42 6f 64 79 00 00 00 00 00 00 00 00 00 
0000000100ee91a0	76 69 65 77 4d 6f 64 65 6c 00 00 00 00 00 00 00 
0000000100ee91b0	5f 73 68 6f 77 43 6f 64 65 78 52 65 73 65 74 43 
0000000100ee91c0	61 72 64 73 00 5f 62 72 69 64 67 65 53 74 61 74 
0000000100ee91d0	65 00 5f 62 72 69 64 67 65 42 75 73 79 00 00 00 
0000000100ee91e0	5f 62 72 69 64 67 65 45 72 72 6f 72 4d 65 73 73 
0000000100ee91f0	61 67 65 00 42 6f 64 79 00 00 00 00 00 00 00 00 
0000000100ee9200	5f 73 65 6c 65 63 74 69 6f 6e 00 00 00 00 00 00 
0000000100ee9210	74 72 61 66 66 69 63 4c 69 67 68 74 49 6e 73 65 
0000000100ee9220	74 00 42 6f 64 79 00 74 69 74 6c 65 00 73 65 63 
0000000100ee9230	74 69 6f 6e 00 69 73 53 65 6c 65 63 74 65 64 00 
0000000100ee9240	61 63 74 69 6f 6e 00 5f 69 73 48 6f 76 65 72 69 
0000000100ee9250	6e 67 00 67 65 6e 65 72 61 6c 00 69 6e 74 65 67 
0000000100ee9260	72 61 74 69 6f 6e 73 00 6e 6f 74 69 66 69 63 61 
0000000100ee9270	74 69 6f 6e 73 00 64 69 73 70 6c 61 79 00 73 6f 
0000000100ee9280	75 6e 64 00 75 73 61 67 65 00 73 68 6f 72 74 63 
0000000100ee9290	75 74 73 00 73 73 68 52 65 6d 6f 74 65 00 6c 61 
0000000100ee92a0	62 73 00 70 61 73 73 00 61 62 6f 75 74 00 49 44 
0000000100ee92b0	00 41 6c 6c 43 61 73 65 73 00 52 61 77 56 61 6c 
0000000100ee92c0	75 65 00 74 69 74 6c 65 00 69 63 6f 6e 00 69 63 
0000000100ee92d0	6f 6e 43 6f 6c 6f 72 00 67 72 6f 75 70 00 69 73 
0000000100ee92e0	56 69 73 69 62 6c 65 00 61 64 76 61 6e 63 65 64 
0000000100ee92f0	00 70 72 6f 64 75 63 74 00 73 65 63 74 69 6f 6e 
0000000100ee9300	00 42 6f 64 79 00 00 00 00 00 00 00 00 00 00 00 
0000000100ee9310	5f 73 65 6c 65 63 74 65 64 53 65 63 74 69 6f 6e 
0000000100ee9320	00 42 6f 64 79 00 73 63 72 65 65 6e 53 69 7a 65 
0000000100ee9330	00 61 6e 61 6c 79 74 69 63 73 00 6f 6e 4e 65 78 
0000000100ee9340	74 00 5f 70 68 61 73 65 00 5f 67 65 6e 65 72 61 
0000000100ee9350	74 69 6f 6e 00 5f 63 75 72 72 65 6e 74 53 63 65 
0000000100ee9360	6e 65 00 5f 64 69 64 46 69 6e 69 73 68 00 5f 74 
0000000100ee9370	65 72 6d 31 56 69 73 69 62 6c 65 00 5f 74 65 72 
0000000100ee9380	6d 32 56 69 73 69 62 6c 65 00 5f 74 65 72 6d 33 
0000000100ee9390	56 69 73 69 62 6c 65 00 5f 74 65 72 6d 31 41 62 
0000000100ee93a0	73 6f 72 62 65 64 00 5f 74 65 72 6d 32 41 62 73 
0000000100ee93b0	6f 72 62 65 64 00 5f 74 65 72 6d 33 41 62 73 6f 
0000000100ee93c0	72 62 65 64 00 5f 74 65 72 6d 31 45 6a 65 63 74 
0000000100ee93d0	65 64 00 5f 74 65 72 6d 31 46 6f 63 75 73 65 64 
0000000100ee93e0	00 5f 63 75 72 73 6f 72 42 6c 69 6e 6b 00 5f 63 
0000000100ee93f0	61 70 74 69 6f 6e 4c 61 62 65 6c 00 5f 63 61 70 
0000000100ee9400	74 69 6f 6e 4d 61 69 6e 00 5f 63 61 70 74 69 6f 
0000000100ee9410	6e 53 75 62 00 5f 6c 61 62 65 6c 52 65 76 65 61 
0000000100ee9420	6c 65 64 00 5f 6d 61 69 6e 52 65 76 65 61 6c 65 
0000000100ee9430	64 00 5f 73 75 62 52 65 76 65 61 6c 65 64 00 64 
0000000100ee9440	65 6d 6f 00 73 69 64 73 00 65 6e 76 73 00 5f 63 
0000000100ee9450	75 72 73 6f 72 57 69 6e 64 6f 77 00 42 6f 64 79 
0000000100ee9460	00 00 00 00 00 00 00 00 00 00 00 00 00 00 00 00 
0000000100ee9470	6c 6f 61 64 69 6e 67 00 6c 6f 61 64 65 64 00 66 
0000000100ee9480	61 69 6c 65 64 00 76 65 72 73 69 6f 6e 00 6c 6f 
0000000100ee9490	63 61 6c 65 00 6c 6f 61 64 65 72 00 5f 64 69 73 
0000000100ee94a0	6d 69 73 73 00 5f 6c 6f 61 64 53 74 61 74 65 00 
0000000100ee94b0	5f 73 65 63 74 69 6f 6e 73 00 5f 6c 6f 61 64 49 
0000000100ee94c0	44 00 00 00 00 00 00 00 00 00 00 00 00 00 00 00 
0000000100ee94d0	5f 64 69 64 52 65 63 6f 72 64 4c 6f 61 64 46 61 
0000000100ee94e0	69 6c 75 72 65 00 42 6f 64 79 00 5f 73 65 63 74 
0000000100ee94f0	69 6f 6e 73 00 42 6f 64 79 00 76 65 72 73 69 6f 
0000000100ee9500	6e 00 6f 6e 54 61 70 00 5f 69 73 48 6f 76 65 72 
0000000100ee9510	69 6e 67 00 42 6f 64 79 00 61 76 61 69 6c 61 62 
0000000100ee9520	6c 65 43 6f 75 6e 74 00 65 61 72 6c 69 65 73 74 
0000000100ee9530	45 78 70 69 72 79 00 00 00 00 00 00 00 00 00 00 
0000000100ee9540	69 64 00 6c 61 62 65 6c 00 74 69 74 6c 65 00 74 
0000000100ee9550	69 65 72 00 49 44 00 76 61 6c 75 65 00 6c 65 76 
0000000100ee9560	65 6c 00 64 65 74 61 69 6c 00 72 65 73 65 74 00 
0000000100ee9570	61 6d 6f 75 6e 74 00 64 61 74 61 00 76 61 6c 75 
0000000100ee9580	65 4d 6f 64 65 00 74 65 78 74 00 6f 6e 41 63 74 
0000000100ee9590	69 76 61 74 65 00 6f 6e 44 69 73 6d 69 73 73 00 
0000000100ee95a0	5f 69 73 48 6f 76 65 72 65 64 00 70 72 6f 6d 70 
0000000100ee95b0	74 00 6f 6e 4f 70 65 6e 53 65 74 74 69 6e 67 73 
0000000100ee95c0	00 73 74 61 74 65 00 70 72 6f 76 69 64 65 72 00 
0000000100ee95d0	6c 61 6e 65 00 6d 61 78 43 6f 72 65 57 69 6e 64 
0000000100ee95e0	6f 77 73 00 00 00 00 00 00 00 00 00 00 00 00 00 
0000000100ee95f0	6c 65 61 64 69 6e 67 55 6e 69 74 43 6f 75 6e 74 
0000000100ee9600	00 00 00 00 00 00 00 00 00 00 00 00 00 00 00 00 
0000000100ee9610	74 72 61 69 6c 69 6e 67 55 6e 69 74 43 6f 75 6e 
0000000100ee9620	74 00 73 68 6f 77 73 52 65 73 65 74 54 69 6d 65 
0000000100ee9630	73 00 63 6f 6d 70 61 63 74 53 70 61 63 69 6e 67 
0000000100ee9640	00 00 00 00 00 00 00 00 00 00 00 00 00 00 00 00 
0000000100ee9650	70 72 6f 76 69 64 65 72 43 79 63 6c 69 6e 67 41 
0000000100ee9660	76 61 69 6c 61 62 6c 65 00 6f 6e 43 79 63 6c 65 
0000000100ee9670	00 63 6f 6e 74 65 6e 74 00 42 6f 64 79 00 63 6f 
0000000100ee9680	6d 62 69 6e 65 64 00 63 6f 72 65 00 73 63 6f 70 
0000000100ee9690	65 64 00 63 6f 6e 74 69 6e 75 6f 75 73 00 6c 65 
0000000100ee96a0	61 64 69 6e 67 00 74 72 61 69 6c 69 6e 67 00 73 
0000000100ee96b0	69 7a 65 00 64 69 6d 6d 65 64 00 52 61 77 56 61 
0000000100ee96c0	6c 75 65 00 41 6e 69 6d 61 74 61 62 6c 65 44 61 
0000000100ee96d0	74 61 00 00 00 00 00 00 00 00 00 00 00 00 00 00 
0000000100ee96e0	69 73 6f 38 36 30 31 46 6f 72 6d 61 74 74 65 72 
0000000100ee96f0	00 00 00 00 00 00 00 00 00 00 00 00 00 00 00 00 
0000000100ee9700	6c 61 73 74 45 76 65 6e 74 54 69 6d 65 73 74 61 
0000000100ee9710	6d 70 00 6c 61 75 6e 63 68 49 64 00 00 00 00 00 
0000000100ee9720	69 73 43 75 72 72 65 6e 74 4c 61 75 6e 63 68 46 
0000000100ee9730	69 72 73 74 4c 61 75 6e 63 68 00 00 00 00 00 00 
0000000100ee9740	70 65 61 6b 53 65 73 73 69 6f 6e 43 6f 75 6e 74 
0000000100ee9750	00 00 00 00 00 00 00 00 00 00 00 00 00 00 00 00 
0000000100ee9760	74 6f 74 61 6c 53 65 73 73 69 6f 6e 43 6f 75 6e 
0000000100ee9770	74 00 61 70 70 72 6f 76 61 6c 43 6f 75 6e 74 00 
0000000100ee9780	72 65 6a 65 63 74 69 6f 6e 43 6f 75 6e 74 00 00 
0000000100ee9790	71 75 65 73 74 69 6f 6e 41 6e 73 77 65 72 43 6f 
0000000100ee97a0	75 6e 74 00 00 00 00 00 00 00 00 00 00 00 00 00 
0000000100ee97b0	61 6c 6c 6f 77 41 6c 77 61 79 73 43 6f 75 6e 74 
0000000100ee97c0	00 65 78 70 61 6e 64 43 6f 75 6e 74 00 00 00 00 
0000000100ee97d0	74 65 72 6d 69 6e 61 6c 4a 75 6d 70 43 6f 75 6e 
0000000100ee97e0	74 00 00 00 00 00 00 00 00 00 00 00 00 00 00 00 
0000000100ee97f0	75 70 64 61 74 65 43 68 65 63 6b 4e 6f 55 70 64 
0000000100ee9800	61 74 65 43 6f 75 6e 74 00 00 00 00 00 00 00 00 
0000000100ee9810	65 78 70 61 6e 64 4d 61 6e 75 61 6c 43 6f 75 6e 
0000000100ee9820	74 00 65 78 70 61 6e 64 41 75 74 6f 43 6f 75 6e 
0000000100ee9830	74 00 00 00 00 00 00 00 00 00 00 00 00 00 00 00 
0000000100ee9840	65 78 70 61 6e 64 44 77 65 6c 6c 53 65 63 6f 6e 
0000000100ee9850	64 73 00 6a 75 6d 70 43 6c 69 63 6b 43 6f 75 6e 
0000000100ee9860	74 00 00 00 00 00 00 00 00 00 00 00 00 00 00 00 
0000000100ee9870	6a 75 6d 70 4b 65 79 62 6f 61 72 64 43 6f 75 6e 
0000000100ee9880	74 00 6a 75 6d 70 41 75 74 6f 43 6f 75 6e 74 00 
0000000100ee9890	62 79 70 61 73 73 41 63 74 69 76 61 74 65 64 43 
0000000100ee98a0	6f 75 6e 74 00 00 00 00 00 00 00 00 00 00 00 00 
0000000100ee98b0	6d 6f 75 73 65 4c 65 61 76 65 43 6f 6c 6c 61 70 
0000000100ee98c0	73 65 43 6f 75 6e 74 00 00 00 00 00 00 00 00 00 
0000000100ee98d0	74 65 72 6d 69 6e 61 6c 54 79 70 65 43 6f 75 6e 
0000000100ee98e0	74 73 00 73 6f 75 72 63 65 43 6f 75 6e 74 73 00 
0000000100ee98f0	6d 6f 64 65 6c 46 61 6d 69 6c 79 43 6f 75 6e 74 
0000000100ee9900	73 00 73 75 72 66 61 63 65 43 6f 75 6e 74 73 00 
0000000100ee9910	63 6f 6e 63 53 65 63 73 00 00 00 00 00 00 00 00 
0000000100ee9920	6c 61 73 74 52 65 70 6f 72 74 65 64 43 6f 6e 63 
0000000100ee9930	53 65 63 73 00 6d 75 6c 74 69 41 67 65 6e 74 53 
0000000100ee9940	65 63 73 00 00 00 00 00 00 00 00 00 00 00 00 00 
0000000100ee9950	6c 61 73 74 52 65 70 6f 72 74 65 64 4d 75 6c 74 
0000000100ee9960	69 41 67 65 6e 74 53 65 63 73 00 00 00 00 00 00 
0000000100ee9970	6c 61 73 74 43 6f 6e 63 53 61 6d 70 6c 65 54 69 
0000000100ee9980	6d 65 00 00 00 00 00 00 00 00 00 00 00 00 00 00 
0000000100ee9990	63 6f 6e 63 75 72 72 65 6e 63 79 54 69 6d 65 72 
0000000100ee99a0	00 63 6f 68 6f 72 74 46 6c 61 67 73 00 00 00 00 
0000000100ee99b0	64 69 64 46 69 72 65 45 61 72 6c 79 48 65 61 72 
0000000100ee99c0	74 62 65 61 74 00 00 00 00 00 00 00 00 00 00 00 
0000000100ee99d0	74 72 69 61 6c 53 74 61 72 74 65 64 52 65 70 6f 
0000000100ee99e0	72 74 65 64 49 6e 4d 65 6d 6f 72 79 00 00 00 00 
0000000100ee99f0	6c 61 73 74 52 65 70 6f 72 74 65 64 41 70 70 72 
0000000100ee9a00	6f 76 61 6c 73 00 00 00 00 00 00 00 00 00 00 00 
0000000100ee9a10	6c 61 73 74 52 65 70 6f 72 74 65 64 52 65 6a 65 
0000000100ee9a20	63 74 69 6f 6e 73 00 00 00 00 00 00 00 00 00 00 
0000000100ee9a30	6c 61 73 74 52 65 70 6f 72 74 65 64 51 75 65 73 
0000000100ee9a40	74 69 6f 6e 41 6e 73 77 65 72 73 00 00 00 00 00 
0000000100ee9a50	6c 61 73 74 52 65 70 6f 72 74 65 64 41 6c 6c 6f 
0000000100ee9a60	77 41 6c 77 61 79 73 00 00 00 00 00 00 00 00 00 
0000000100ee9a70	6c 61 73 74 52 65 70 6f 72 74 65 64 45 78 70 61 
0000000100ee9a80	6e 64 73 00 00 00 00 00 00 00 00 00 00 00 00 00 
0000000100ee9a90	6c 61 73 74 52 65 70 6f 72 74 65 64 54 65 72 6d 
0000000100ee9aa0	69 6e 61 6c 4a 75 6d 70 73 00 00 00 00 00 00 00 
0000000100ee9ab0	6c 61 73 74 52 65 70 6f 72 74 65 64 55 70 64 61 
0000000100ee9ac0	74 65 43 68 65 63 6b 4e 6f 55 70 64 61 74 65 00 
0000000100ee9ad0	6c 61 73 74 52 65 70 6f 72 74 65 64 45 78 70 61 
0000000100ee9ae0	6e 64 4d 61 6e 75 61 6c 00 00 00 00 00 00 00 00 
0000000100ee9af0	6c 61 73 74 52 65 70 6f 72 74 65 64 45 78 70 61 
0000000100ee9b00	6e 64 41 75 74 6f 00 00 00 00 00 00 00 00 00 00 
0000000100ee9b10	6c 61 73 74 52 65 70 6f 72 74 65 64 45 78 70 61 
0000000100ee9b20	6e 64 44 77 65 6c 6c 00 00 00 00 00 00 00 00 00 
0000000100ee9b30	6c 61 73 74 52 65 70 6f 72 74 65 64 4a 75 6d 70 
0000000100ee9b40	43 6c 69 63 6b 00 00 00 00 00 00 00 00 00 00 00 
0000000100ee9b50	6c 61 73 74 52 65 70 6f 72 74 65 64 4a 75 6d 70 
0000000100ee9b60	4b 65 79 62 6f 61 72 64 00 00 00 00 00 00 00 00 
0000000100ee9b70	6c 61 73 74 52 65 70 6f 72 74 65 64 4a 75 6d 70 
0000000100ee9b80	41 75 74 6f 00 00 00 00 00 00 00 00 00 00 00 00 
0000000100ee9b90	6c 61 73 74 52 65 70 6f 72 74 65 64 42 79 70 61 
0000000100ee9ba0	73 73 41 63 74 69 76 61 74 65 64 00 00 00 00 00 
0000000100ee9bb0	6c 61 73 74 52 65 70 6f 72 74 65 64 4d 6f 75 73 
0000000100ee9bc0	65 4c 65 61 76 65 43 6f 6c 6c 61 70 73 65 00 6c 
0000000100ee9bd0	61 75 6e 63 68 54 69 6d 65 00 68 65 61 72 74 62 
0000000100ee9be0	65 61 74 54 69 6d 65 72 00 6c 61 73 74 53 65 73 
0000000100ee9bf0	73 69 6f 6e 49 64 73 00 00 00 00 00 00 00 00 00 
0000000100ee9c00	6f 66 66 73 65 74 00 73 69 7a 65 00 69 73 36 34 
0000000100ee9c10	42 69 74 00 65 6e 64 69 61 6e 6e 65 73 73 00 69 
0000000100ee9c20	6e 74 65 67 72 69 74 79 53 74 61 74 75 73 00 00 
0000000100ee9c30	65 78 65 63 75 74 61 62 6c 65 4c 6f 61 64 53 74 
0000000100ee9c40	61 74 75 73 00 00 00 00 00 00 00 00 00 00 00 00 
0000000100ee9c50	65 78 74 65 72 6e 61 6c 48 65 6c 70 65 72 53 74 
0000000100ee9c60	61 74 75 73 00 00 00 00 00 00 00 00 00 00 00 00 
0000000100ee9c70	62 75 6e 64 6c 65 49 44 4d 61 74 63 68 65 73 4f 
0000000100ee9c80	66 66 69 63 69 61 6c 00 00 00 00 00 00 00 00 00 
0000000100ee9c90	68 65 6c 70 65 72 42 69 6e 61 72 79 50 72 65 73 
0000000100ee9ca0	65 6e 74 00 00 00 00 00 00 00 00 00 00 00 00 00 
0000000100ee9cb0	73 69 67 6e 69 6e 67 54 65 61 6d 4d 61 74 63 68 
0000000100ee9cc0	65 73 4f 66 66 69 63 69 61 6c 00 00 00 00 00 00 
0000000100ee9cd0	68 61 72 64 65 6e 65 64 52 75 6e 74 69 6d 65 45 
0000000100ee9ce0	6e 61 62 6c 65 64 00 63 6f 64 65 55 6e 69 71 75 
0000000100ee9cf0	65 48 61 73 68 00 6c 69 74 74 6c 65 00 62 69 67 
0000000100ee9d00	00 69 73 44 69 73 70 6c 61 79 41 73 6c 65 65 70 
0000000100ee9d10	00 69 73 53 63 72 65 65 6e 4c 6f 63 6b 65 64 00 
0000000100ee9d20	6c 61 73 74 57 61 6b 65 41 74 00 6f 62 73 65 72 
0000000100ee9d30	76 65 72 73 00 61 67 65 6e 74 73 00 74 65 72 6d 
0000000100ee9d40	69 6e 61 6c 73 00 6e 61 6d 65 00 69 73 44 65 74 
0000000100ee9d50	65 63 74 65 64 00 69 64 00 49 44 00 69 64 00 73 
0000000100ee9d60	65 6d 61 6e 74 69 63 54 79 70 65 00 6d 6f 64 65 
0000000100ee9d70	49 64 00 73 74 61 72 74 69 6e 67 00 49 44 00 00 
0000000100ee9d80	69 64 00 6f 6e 43 68 61 6e 67 65 00 00 00 00 00 
0000000100ee9d90	63 75 72 72 65 6e 74 41 63 74 69 76 65 4d 6f 64 
0000000100ee9da0	65 49 64 00 00 00 00 00 00 00 00 00 00 00 00 00 
0000000100ee9db0	71 75 69 65 74 54 72 69 67 67 65 72 4d 6f 64 65 
0000000100ee9dc0	49 64 73 00 00 00 00 00 00 00 00 00 00 00 00 00 
0000000100ee9dd0	64 69 73 63 6f 76 65 72 65 64 43 75 73 74 6f 6d 
0000000100ee9de0	4d 6f 64 65 73 00 73 74 72 65 61 6d 00 73 74 61 
0000000100ee9df0	72 74 65 64 00 73 65 6d 61 6e 74 69 63 54 79 70 
0000000100ee9e00	65 00 6f 6e 45 76 65 6e 74 00 71 75 65 75 65 00 
0000000100ee9e10	70 72 6f 63 65 73 73 00 62 75 66 66 65 72 00 73 
0000000100ee9e20	74 6f 70 70 65 64 00 72 65 73 74 61 72 74 42 61 
0000000100ee9e30	63 6b 6f 66 66 00 00 00 00 00 00 00 00 00 00 00 
0000000100ee9e40	70 72 65 66 69 78 00 74 65 72 6d 69 6e 61 6c 49 
0000000100ee9e50	64 00 00 00 00 00 00 00 00 00 00 00 00 00 00 00 
0000000100ee9e60	62 75 6e 64 6c 65 49 64 65 6e 74 69 66 69 65 72 
0000000100ee9e70	00 67 68 6f 73 74 74 79 50 69 64 00 75 70 64 61 
0000000100ee9e80	74 65 64 41 74 00 00 00 00 00 00 00 00 00 00 00 
0000000100ee9e90	63 6c 69 65 6e 74 00 68 6f 73 74 50 69 64 00 00 
0000000100ee9ea0	62 75 6e 64 6c 65 49 64 65 6e 74 69 66 69 65 72 
0000000100ee9eb0	00 73 75 72 66 61 63 65 00 67 68 6f 73 74 74 79 
0000000100ee9ec0	54 65 72 6d 69 6e 61 6c 00 6f 74 74 79 50 61 6e 
0000000100ee9ed0	65 00 66 6f 63 75 73 65 64 50 61 6e 65 00 66 6f 
0000000100ee9ee0	63 75 73 65 64 54 61 62 00 70 61 6e 65 47 6f 6e 
0000000100ee9ef0	65 00 73 65 72 76 65 72 44 6f 77 6e 00 70 69 64 
0000000100ee9f00	00 74 74 79 00 75 72 69 53 63 68 65 6d 65 00 63 
0000000100ee9f10	6c 69 50 61 74 68 00 62 75 6e 64 6c 65 49 64 00 
0000000100ee9f20	63 6c 69 4e 61 6d 65 00 66 61 6c 6c 62 61 63 6b 
0000000100ee9f30	50 61 74 68 73 00 64 69 73 70 6c 61 79 4e 61 6d 
0000000100ee9f40	65 00 73 6b 69 70 41 75 74 6f 49 6e 73 74 61 6c 
0000000100ee9f50	6c 00 69 64 00 69 73 44 65 74 65 63 74 65 64 00 
0000000100ee9f60	69 73 49 6e 73 74 61 6c 6c 65 64 00 68 61 73 43 
0000000100ee9f70	4c 49 00 49 44 00 6c 6f 63 6b 00 72 65 61 64 79 
0000000100ee9f80	42 75 6e 64 6c 65 49 64 73 00 61 67 65 6e 74 4e 
0000000100ee9f90	61 6d 65 00 64 6f 77 6e 6c 6f 61 64 65 64 41 74 
0000000100ee9fa0	00 00 00 00 00 00 00 00 00 00 00 00 00 00 00 00 
0000000100ee9fb0	66 6f 63 75 73 65 64 00 64 65 67 72 61 64 65 64 
0000000100ee9fc0	00 75 6e 61 76 61 69 6c 61 62 6c 65 00 00 00 00 
0000000100ee9fd0	69 6e 76 61 6c 69 64 53 65 73 73 69 6f 6e 49 44 
0000000100ee9fe0	00 61 70 70 4e 6f 74 52 75 6e 6e 69 6e 67 00 74 
0000000100ee9ff0	61 72 67 65 74 4e 6f 74 46 6f 75 6e 64 00 00 00 
0000000100eea000	73 65 73 73 69 6f 6e 53 65 6c 65 63 74 69 6f 6e 
0000000100eea010	46 61 69 6c 65 64 00 52 61 77 56 61 6c 75 65 00 
0000000100eea020	69 64 00 6c 61 62 65 6c 00 63 61 72 62 6f 6e 52 
0000000100eea030	65 66 00 68 61 6e 64 6c 65 72 00 68 6f 74 4b 65 
0000000100eea040	79 73 00 6e 65 78 74 49 64 00 65 76 65 6e 74 48 
0000000100eea050	61 6e 64 6c 65 72 00 73 69 67 6e 61 74 75 72 65 
0000000100eea060	00 00 00 00 00 00 00 00 00 00 00 00 00 00 00 00 
0000000100eea070	5f 70 65 72 73 69 73 74 65 6e 74 48 6f 74 4b 65 
0000000100eea080	79 49 64 73 00 00 00 00 00 00 00 00 00 00 00 00 
0000000100eea090	5f 65 78 70 61 6e 64 65 64 48 6f 74 4b 65 79 49 
0000000100eea0a0	64 73 00 00 00 00 00 00 00 00 00 00 00 00 00 00 
0000000100eea0b0	5f 73 77 69 74 63 68 65 72 48 6f 74 4b 65 79 49 
0000000100eea0c0	64 73 00 5f 69 73 41 63 74 69 76 65 00 00 00 00 
0000000100eea0d0	5f 69 73 50 65 72 73 69 73 74 65 6e 74 41 63 74 
0000000100eea0e0	69 76 65 00 00 00 00 00 00 00 00 00 00 00 00 00 
0000000100eea0f0	5f 69 73 53 77 69 74 63 68 65 72 41 63 74 69 76 
0000000100eea100	65 00 5f 66 6c 61 67 73 4d 6f 6e 69 74 6f 72 00 
0000000100eea110	5f 6c 6f 63 61 6c 46 6c 61 67 73 4d 6f 6e 69 74 
0000000100eea120	6f 72 00 00 00 00 00 00 00 00 00 00 00 00 00 00 
0000000100eea130	5f 67 6c 6f 62 61 6c 4b 65 79 44 6f 77 6e 4d 6f 
0000000100eea140	6e 69 74 6f 72 00 00 00 00 00 00 00 00 00 00 00 
0000000100eea150	5f 6c 6f 63 61 6c 4b 65 79 44 6f 77 6e 4d 6f 6e 
0000000100eea160	69 74 6f 72 00 5f 6c 61 73 74 46 69 72 65 64 41 
0000000100eea170	74 00 64 65 64 75 70 57 69 6e 64 6f 77 00 00 00 
0000000100eea180	72 65 6c 65 76 61 6e 74 4d 6f 64 69 66 69 65 72 
0000000100eea190	46 6c 61 67 73 00 00 00 00 00 00 00 00 00 00 00 
0000000100eea1a0	5f 73 77 69 74 63 68 65 72 48 61 73 4e 61 76 69 
0000000100eea1b0	67 61 74 65 64 00 00 00 00 00 00 00 00 00 00 00 
0000000100eea1c0	5f 73 77 69 74 63 68 65 72 4f 70 65 6e 65 64 41 
0000000100eea1d0	74 00 00 00 00 00 00 00 00 00 00 00 00 00 00 00 
0000000100eea1e0	6d 6f 64 69 66 69 65 72 48 6f 6c 64 54 68 72 65 
0000000100eea1f0	73 68 6f 6c 64 00 5f 69 73 4d 6f 64 69 66 69 65 
0000000100eea200	72 48 65 6c 64 00 5f 6d 6f 64 69 66 69 65 72 4b 
0000000100eea210	65 79 00 00 00 00 00 00 00 00 00 00 00 00 00 00 
0000000100eea220	5f 73 68 6f 72 74 63 75 74 73 45 6e 61 62 6c 65 
0000000100eea230	64 00 00 00 00 00 00 00 00 00 00 00 00 00 00 00 
0000000100eea240	5f 72 65 76 65 72 73 65 53 77 69 74 63 68 65 72 
0000000100eea250	45 6e 61 62 6c 65 64 00 5f 61 70 70 72 6f 76 61 
0000000100eea260	6c 4b 65 79 73 00 00 00 00 00 00 00 00 00 00 00 
0000000100eea270	5f 73 77 69 74 63 68 65 72 4b 65 79 43 6f 6d 62 
0000000100eea280	6f 00 00 00 00 00 00 00 00 00 00 00 00 00 00 00 
0000000100eea290	5f 63 6f 6c 6c 61 70 73 65 4b 65 79 43 6f 6d 62 
0000000100eea2a0	6f 00 00 00 00 00 00 00 00 00 00 00 00 00 00 00 
0000000100eea2b0	5f 24 6f 62 73 65 72 76 61 74 69 6f 6e 52 65 67 
0000000100eea2c0	69 73 74 72 61 72 00 63 6f 6e 74 72 6f 6c 00 6f 
0000000100eea2d0	70 74 69 6f 6e 00 63 6f 6d 6d 61 6e 64 00 61 70 
0000000100eea2e0	70 72 6f 76 65 00 64 65 6e 79 00 74 65 72 6d 69 
0000000100eea2f0	6e 61 6c 00 61 6c 77 61 79 73 00 62 79 70 61 73 
0000000100eea300	73 00 6b 65 79 43 6f 64 65 00 63 61 72 62 6f 6e 
0000000100eea310	4d 6f 64 69 66 69 65 72 73 00 49 44 00 41 6c 6c 
0000000100eea320	43 61 73 65 73 00 52 61 77 56 61 6c 75 65 00 6d 
0000000100eea330	6f 64 69 66 69 65 72 73 00 6c 61 75 6e 63 68 65 
0000000100eea340	64 41 74 00 6d 6f 6e 69 74 6f 72 54 61 73 6b 00 
0000000100eea350	6c 6f 63 6b 00 64 61 74 61 00 74 65 72 6d 69 6e 
0000000100eea360	61 6c 49 64 00 70 69 64 00 74 74 79 00 70 61 6e 
0000000100eea370	65 73 00 76 65 72 73 69 6f 6e 00 61 70 70 50 69 
0000000100eea380	64 00 74 65 72 6d 69 6e 61 6c 73 00 73 65 73 73 
0000000100eea390	69 6f 6e 73 00 73 65 73 73 69 6f 6e 49 64 00 74 
0000000100eea3a0	65 72 6d 69 6e 61 6c 49 64 73 00 70 61 6e 65 49 
0000000100eea3b0	64 00 70 61 6e 65 54 74 79 00 70 61 6e 65 50 69 
0000000100eea3c0	64 00 00 00 00 00 00 00 00 00 00 00 00 00 00 00 
0000000100eea3d0	64 65 74 65 63 74 6f 72 73 00 5f 65 6e 61 62 6c 
0000000100eea3e0	65 64 00 6c 61 73 74 50 75 62 6c 69 73 68 65 64 
0000000100eea3f0	00 00 00 00 00 00 00 00 00 00 00 00 00 00 00 00 
0000000100eea400	5f 24 6f 62 73 65 72 76 61 74 69 6f 6e 52 65 67 
0000000100eea410	69 73 74 72 61 72 00 69 64 00 6f 6e 43 68 61 6e 
0000000100eea420	67 65 00 77 61 74 63 68 65 72 51 75 65 72 79 00 
0000000100eea430	70 6f 6c 6c 49 6e 74 65 72 76 61 6c 00 74 69 6d 
0000000100eea440	65 72 00 61 63 74 69 76 65 00 69 64 00 6f 6e 43 
0000000100eea450	68 61 6e 67 65 00 69 73 41 73 6c 65 65 70 00 69 
0000000100eea460	73 4c 6f 63 6b 65 64 00 6f 62 73 65 72 76 65 72 
0000000100eea470	73 00 00 00 00 00 00 00 00 00 00 00 00 00 00 00 
0000000100eea480	73 65 74 74 69 6e 67 73 55 52 4c 00 63 68 61 69 
0000000100eea490	6e 57 72 61 70 70 65 72 55 52 4c 00 00 00 00 00 
0000000100eea4a0	6f 72 69 67 69 6e 61 6c 43 6f 6d 6d 61 6e 64 55 
0000000100eea4b0	52 4c 00 63 61 63 68 65 46 69 6c 65 00 65 6e 61 
0000000100eea4c0	62 6c 65 42 72 69 64 67 65 00 72 65 73 74 6f 72 
0000000100eea4d0	65 42 72 69 64 67 65 00 00 00 00 00 00 00 00 00 
0000000100eea4e0	72 65 70 61 69 72 53 74 61 74 75 73 6c 69 6e 65 
0000000100eea4f0	00 00 00 00 00 00 00 00 00 00 00 00 00 00 00 00 
0000000100eea500	63 75 73 74 6f 6d 4e 6f 74 49 6e 73 74 61 6c 6c 
0000000100eea510	65 64 00 63 75 73 74 6f 6d 49 6e 73 74 61 6c 6c 
0000000100eea520	65 64 00 00 00 00 00 00 00 00 00 00 00 00 00 00 
0000000100eea530	63 75 73 74 6f 6d 43 68 61 69 6e 4e 6f 74 49 6e 
0000000100eea540	73 74 61 6c 6c 65 64 00 00 00 00 00 00 00 00 00 
0000000100eea550	63 75 73 74 6f 6d 43 68 61 69 6e 49 6e 73 74 61 
0000000100eea560	6c 6c 65 64 00 00 00 00 00 00 00 00 00 00 00 00 
0000000100eea570	63 75 73 74 6f 6d 53 63 72 69 70 74 4d 69 73 73 
0000000100eea580	69 6e 67 00 00 00 00 00 00 00 00 00 00 00 00 00 
0000000100eea590	6e 6f 43 75 73 74 6f 6d 53 74 61 74 75 73 6c 69 
0000000100eea5a0	6e 65 00 00 00 00 00 00 00 00 00 00 00 00 00 00 
0000000100eea5b0	6d 61 6e 61 67 65 64 42 79 56 69 62 65 49 73 6c 
0000000100eea5c0	61 6e 64 00 72 65 61 64 46 61 69 6c 65 64 00 77 
0000000100eea5d0	72 69 74 65 46 61 69 6c 65 64 00 62 61 63 6b 75 
0000000100eea5e0	70 46 61 69 6c 65 64 00 00 00 00 00 00 00 00 00 
0000000100eea5f0	73 65 74 74 69 6e 67 73 4e 6f 74 46 6f 75 6e 64 
0000000100eea600	00 73 63 72 69 70 74 4e 6f 74 46 6f 75 6e 64 00 
0000000100eea610	75 6e 73 75 70 70 6f 72 74 65 64 53 74 61 74 65 
0000000100eea620	00 00 00 00 00 00 00 00 00 00 00 00 00 00 00 00 
0000000100eea630	6e 6f 53 74 64 69 6e 52 65 61 64 41 6e 63 68 6f 
0000000100eea640	72 00 00 00 00 00 00 00 00 00 00 00 00 00 00 00 
0000000100eea650	66 6f 63 75 73 65 64 00 64 65 67 72 61 64 65 64 
0000000100eea660	00 75 6e 61 76 61 69 6c 61 62 6c 65 00 69 6e 76 
0000000100eea670	61 6c 69 64 54 54 59 00 74 61 72 67 65 74 4e 6f 
0000000100eea680	74 46 6f 75 6e 64 00 00 00 00 00 00 00 00 00 00 
0000000100eea690	74 61 62 53 65 6c 65 63 74 69 6f 6e 46 61 69 6c 
0000000100eea6a0	65 64 00 52 61 77 56 61 6c 75 65 00 69 74 65 72 
0000000100eea6b0	6d 32 00 77 61 72 70 00 7a 61 70 00 67 68 6f 73 
0000000100eea6c0	74 74 79 00 63 6d 75 78 00 76 73 63 6f 64 65 00 
0000000100eea6d0	74 65 72 6d 69 6e 61 6c 00 74 6d 75 78 00 63 6f 
0000000100eea6e0	6e 64 75 63 74 6f 72 00 61 6e 74 69 67 72 61 76 
0000000100eea6f0	69 74 79 00 63 75 72 73 6f 72 00 73 75 70 65 72 
0000000100eea700	73 65 74 00 61 6c 61 63 72 69 74 74 79 00 6b 69 
0000000100eea710	74 74 79 00 68 79 70 65 72 00 77 69 6e 64 73 75 
0000000100eea720	72 66 00 6b 69 72 6f 00 7a 65 64 00 77 65 7a 74 
0000000100eea730	65 72 6d 00 6b 61 6b 75 00 6f 74 74 79 00 74 65 
0000000100eea740	72 6d 69 75 73 00 70 6c 65 78 75 73 00 75 6e 6b 
0000000100eea750	6e 6f 77 6e 00 52 61 77 56 61 6c 75 65 00 00 00 
0000000100eea760	74 61 62 00 77 69 6e 64 6f 77 00 67 68 6f 73 74 
0000000100eea770	74 79 50 69 64 00 61 74 74 61 63 68 65 64 00 66 
0000000100eea780	61 69 6c 65 64 00 00 00 00 00 00 00 00 00 00 00 
0000000100eea790	6e 6f 41 74 74 61 63 68 65 64 43 6c 69 65 6e 74 
0000000100eea7a0	00 77 6f 72 6b 73 70 61 63 65 52 6f 6f 74 00 61 
0000000100eea7b0	70 70 55 52 4c 00 74 69 74 6c 65 4d 61 72 6b 65 
0000000100eea7c0	72 00 61 70 70 42 75 6e 64 6c 65 49 64 00 74 65 
0000000100eea7d0	72 6d 69 6e 61 6c 55 55 49 44 00 66 6f 63 75 73 
0000000100eea7e0	65 64 00 6e 6f 74 46 6f 63 75 73 65 64 00 75 6e 
0000000100eea7f0	6b 6e 6f 77 6e 00 68 61 73 43 43 43 6c 69 65 6e 
0000000100eea800	74 73 00 6e 6f 6e 43 43 54 74 79 00 6e 6f 6e 43 
0000000100eea810	43 43 6c 69 65 6e 74 50 69 64 00 00 00 00 00 00 
0000000100eea820	63 6c 69 65 6e 74 50 69 64 00 63 6c 69 65 6e 74 
0000000100eea830	54 54 59 4b 65 79 00 68 6f 73 74 50 69 64 00 00 
0000000100eea840	62 75 6e 64 6c 65 49 64 65 6e 74 69 66 69 65 72 
0000000100eea850	00 73 75 72 66 61 63 65 4b 69 6e 64 00 73 75 72 
0000000100eea860	66 61 63 65 49 64 00 75 70 64 61 74 65 64 41 74 
0000000100eea870	00 67 68 6f 73 74 74 79 54 65 72 6d 69 6e 61 6c 
0000000100eea880	00 6f 74 74 79 50 61 6e 65 00 52 61 77 56 61 6c 
0000000100eea890	75 65 00 00 00 00 00 00 00 00 00 00 00 00 00 00 
0000000100eea8a0	6c 61 6e 65 73 4c 6f 63 6b 00 6c 61 6e 65 73 00 
0000000100eea8b0	61 75 74 68 6f 72 69 74 79 4c 6f 63 6b 00 65 78 
0000000100eea8c0	65 63 75 74 69 6f 6e 4c 6f 63 6b 00 6f 77 6e 65 
0000000100eea8d0	72 00 24 64 65 66 61 75 6c 74 41 63 74 6f 72 00 
0000000100eea8e0	70 65 6e 64 69 6e 67 54 69 74 6c 65 73 00 64 65 
0000000100eea8f0	62 6f 75 6e 63 65 54 61 73 6b 00 69 6e 46 6c 69 
0000000100eea900	67 68 74 46 6c 75 73 68 65 73 00 64 65 62 6f 75 
0000000100eea910	6e 63 65 44 65 6c 61 79 00 73 65 73 73 69 6f 6e 
0000000100eea920	49 64 00 00 00 00 00 00 00 00 00 00 00 00 00 00 
0000000100eea930	72 75 6e 74 69 6d 65 49 6e 73 74 61 6e 63 65 49 
0000000100eea940	64 00 63 6f 6e 74 65 78 74 00 74 69 74 6c 65 00 
0000000100eea950	73 68 6f 75 6c 64 41 70 70 6c 79 00 74 6d 75 78 
0000000100eea960	50 61 6e 65 00 63 6c 69 53 65 73 73 69 6f 6e 49 
0000000100eea970	64 00 00 00 00 00 00 00 00 00 00 00 00 00 00 00 
0000000100eea980	62 75 6e 64 6c 65 49 64 00 00 00 00 00 00 00 00 
0000000100eea990	73 65 73 73 69 6f 6e 55 52 4c 53 63 68 65 6d 65 
0000000100eea9a0	00 64 62 53 75 62 70 61 74 68 00 64 6f 63 6b 47 
0000000100eea9b0	65 73 74 75 72 65 00 73 79 6d 62 6f 6c 69 63 48 
0000000100eea9c0	6f 74 4b 65 79 00 77 69 6e 64 6f 77 49 44 00 6f 
0000000100eea9d0	77 6e 65 72 50 49 44 00 6c 61 79 65 72 00 62 6f 
0000000100eea9e0	75 6e 64 73 00 74 69 74 6c 65 00 00 00 00 00 00 
0000000100eea9f0	6c 65 66 74 00 72 69 67 68 74 00 73 77 69 74 63 
0000000100eeaa00	68 65 64 00 75 6e 61 76 61 69 6c 61 62 6c 65 00 
0000000100eeaa10	61 6c 72 65 61 64 79 43 75 72 72 65 6e 74 00 00 
0000000100eeaa20	64 69 73 70 6c 61 79 49 64 65 6e 74 69 66 69 65 
0000000100eeaa30	72 00 74 61 72 67 65 74 53 70 61 63 65 49 44 00 
0000000100eeaa40	64 69 72 65 63 74 69 6f 6e 00 6b 65 79 50 72 65 
0000000100eeaa50	73 73 43 6f 75 6e 74 00 69 64 65 6e 74 69 66 69 
0000000100eeaa60	65 72 00 63 75 72 72 65 6e 74 53 70 61 63 65 49 
0000000100eeaa70	44 00 6f 72 64 65 72 65 64 53 70 61 63 65 49 44 
0000000100eeaa80	73 00 00 00 00 00 00 00 00 00 00 00 00 00 00 00 
0000000100eeaa90	74 61 72 67 65 74 53 70 61 63 65 55 6e 6b 6e 6f 
0000000100eeaaa0	77 6e 00 00 00 00 00 00 00 00 00 00 00 00 00 00 
0000000100eeaab0	73 68 6f 72 74 63 75 74 55 6e 61 76 61 69 6c 61 
0000000100eeaac0	62 6c 65 00 00 00 00 00 00 00 00 00 00 00 00 00 
0000000100eeaad0	74 61 72 67 65 74 44 69 73 70 6c 61 79 55 6e 61 
0000000100eeaae0	76 61 69 6c 61 62 6c 65 00 00 00 00 00 00 00 00 
0000000100eeaaf0	63 75 72 73 6f 72 4d 6f 76 65 46 61 69 6c 65 64 
0000000100eeab00	00 00 00 00 00 00 00 00 00 00 00 00 00 00 00 00 
0000000100eeab10	65 76 65 6e 74 43 72 65 61 74 69 6f 6e 46 61 69 
0000000100eeab20	6c 65 64 00 73 77 69 74 63 68 54 69 6d 65 64 4f 
0000000100eeab30	75 74 00 52 61 77 56 61 6c 75 65 00 00 00 00 00 
0000000100eeab40	72 61 69 73 65 64 45 78 61 63 74 57 69 6e 64 6f 
0000000100eeab50	77 00 75 6e 61 76 61 69 6c 61 62 6c 65 00 00 00 
0000000100eeab60	61 63 74 69 76 61 74 65 64 53 69 6e 67 6c 65 57 
0000000100eeab70	69 6e 64 6f 77 00 61 70 70 4e 6f 74 52 75 6e 6e 
0000000100eeab80	69 6e 67 00 00 00 00 00 00 00 00 00 00 00 00 00 
0000000100eeab90	6e 6f 50 72 69 6d 61 72 79 57 69 6e 64 6f 77 73 
0000000100eeaba0	00 00 00 00 00 00 00 00 00 00 00 00 00 00 00 00 
0000000100eeabb0	6d 69 73 73 69 6e 67 57 69 6e 64 6f 77 49 64 65 
0000000100eeabc0	6e 74 69 74 79 00 00 00 00 00 00 00 00 00 00 00 
0000000100eeabd0	73 74 61 6c 65 57 69 6e 64 6f 77 49 64 65 6e 74 
0000000100eeabe0	69 74 79 00 00 00 00 00 00 00 00 00 00 00 00 00 
0000000100eeabf0	73 70 61 63 65 4e 61 76 69 67 61 74 69 6f 6e 55 
0000000100eeac00	6e 61 76 61 69 6c 61 62 6c 65 00 00 00 00 00 00 
0000000100eeac10	65 78 61 63 74 57 69 6e 64 6f 77 55 6e 61 76 61 
0000000100eeac20	69 6c 61 62 6c 65 00 52 61 77 56 61 6c 75 65 00 
0000000100eeac30	41 6c 6c 43 61 73 65 73 00 42 6f 64 79 00 73 68 
0000000100eeac40	61 70 65 00 74 65 78 74 00 73 66 53 79 6d 62 6f 
0000000100eeac50	6c 00 69 6d 61 67 65 00 63 69 72 63 6c 65 00 74 
0000000100eeac60	72 69 61 6e 67 6c 65 00 73 71 75 61 72 65 00 73 
0000000100eeac70	6c 69 6d 52 65 63 74 61 6e 67 6c 65 00 72 6f 75 
0000000100eeac80	6e 64 65 64 43 72 6f 73 73 00 5f 63 6f 75 6e 74 
0000000100eeac90	65 72 00 5f 63 6f 6e 66 65 74 74 69 43 6f 6e 66 
0000000100eeaca0	69 67 00 5f 61 6e 69 6d 61 74 65 00 00 00 00 00 
0000000100eeacb0	5f 66 69 6e 69 73 68 65 64 41 6e 69 6d 61 74 69 
0000000100eeacc0	6f 6e 43 6f 75 6e 74 65 72 00 5f 66 69 72 73 74 
0000000100eeacd0	41 70 70 65 61 72 00 5f 65 72 72 6f 72 00 5f 6e 
0000000100eeace0	75 6d 00 5f 73 68 61 70 65 73 00 5f 63 6f 6c 6f 
0000000100eeacf0	72 73 00 5f 63 6f 6e 66 65 74 74 69 53 69 7a 65 
0000000100eead00	00 5f 72 61 69 6e 48 65 69 67 68 74 00 5f 66 61 
0000000100eead10	64 65 73 4f 75 74 00 5f 6f 70 61 63 69 74 79 00 
0000000100eead20	5f 6f 70 65 6e 69 6e 67 41 6e 67 6c 65 00 5f 63 
0000000100eead30	6c 6f 73 69 6e 67 41 6e 67 6c 65 00 5f 72 61 64 
0000000100eead40	69 75 73 00 5f 72 65 70 65 74 69 74 69 6f 6e 73 
0000000100eead50	00 00 00 00 00 00 00 00 00 00 00 00 00 00 00 00 
0000000100eead60	5f 72 65 70 65 74 69 74 69 6f 6e 49 6e 74 65 72 
0000000100eead70	76 61 6c 00 00 00 00 00 00 00 00 00 00 00 00 00 
0000000100eead80	5f 65 78 70 6c 6f 73 69 6f 6e 41 6e 69 6d 61 74 
0000000100eead90	69 6f 6e 44 75 72 61 74 69 6f 6e 00 00 00 00 00 
0000000100eeada0	5f 72 61 69 6e 41 6e 69 6d 61 74 69 6f 6e 44 75 
0000000100eeadb0	72 61 74 69 6f 6e 00 00 00 00 00 00 00 00 00 00 
0000000100eeadc0	4f 62 6a 65 63 74 57 69 6c 6c 43 68 61 6e 67 65 
0000000100eeadd0	50 75 62 6c 69 73 68 65 72 00 78 00 79 00 5f 6c 
0000000100eeade0	6f 63 61 74 69 6f 6e 00 5f 73 68 61 70 65 00 5f 
0000000100eeadf0	63 6f 6c 6f 72 00 5f 73 70 69 6e 44 69 72 58 00 
0000000100eeae00	5f 73 70 69 6e 44 69 72 5a 00 5f 6d 6f 76 65 00 
0000000100eeae10	5f 78 53 70 65 65 64 00 5f 7a 53 70 65 65 64 00 
0000000100eeae20	5f 61 6e 63 68 6f 72 00 41 6e 69 6d 61 74 61 62 
0000000100eeae30	6c 65 44 61 74 61 00 42 6f 64 79 00 41 6e 69 6d 
0000000100eeae40	61 74 61 62 6c 65 44 61 74 61 00 42 6f 64 79 00 
0000000100eeae50	41 6e 69 6d 61 74 61 62 6c 65 44 61 74 61 00 42 
0000000100eeae60	6f 64 79 00 00 00 00 00 00 00 00 00 00 00 00 00 
0000000100eeae70	62 75 6e 64 6c 65 49 64 00 64 69 73 70 6c 61 79 
0000000100eeae80	4e 61 6d 65 00 72 65 61 73 6f 6e 00 69 73 45 6e 
0000000100eeae90	61 62 6c 65 64 00 69 73 42 75 69 6c 74 49 6e 00 
0000000100eeaea0	5f 72 61 77 56 61 6c 75 65 00 52 61 77 56 61 6c 
0000000100eeaeb0	75 65 00 5f 4f 62 6a 65 63 74 69 76 65 43 54 79 
0000000100eeaec0	70 65 00 52 61 77 56 61 6c 75 65 00 41 6c 6c 43 
0000000100eeaed0	61 73 65 73 00 70 61 74 74 65 72 6e 00 6d 61 74 
0000000100eeaee0	63 68 54 79 70 65 00 64 69 73 70 6c 61 79 4e 61 
0000000100eeaef0	6d 65 00 72 65 61 73 6f 6e 00 69 73 42 75 69 6c 
0000000100eeaf00	74 49 6e 00 63 6f 6e 74 61 69 6e 73 00 70 72 65 
0000000100eeaf10	66 69 78 00 65 71 75 61 6c 73 00 69 73 45 6e 61 
0000000100eeaf20	62 6c 65 64 00 00 00 00 00 00 00 00 00 00 00 00 
0000000100eeaf30	76 65 72 73 69 6f 6e 00 00 00 00 00 00 00 00 00 
0000000100eeaf40	64 65 6e 69 65 64 41 6e 63 65 73 74 6f 72 42 75 
0000000100eeaf50	6e 64 6c 65 73 00 00 00 00 00 00 00 00 00 00 00 
0000000100eeaf60	64 65 6e 69 65 64 43 77 64 50 61 74 74 65 72 6e 
0000000100eeaf70	73 00 52 61 77 56 61 6c 75 65 00 00 00 00 00 00 
0000000100eeaf80	63 77 64 00 00 00 00 00 00 00 00 00 00 00 00 00 
0000000100eeaf90	62 75 6e 64 6c 65 49 64 65 6e 74 69 66 69 65 72 
0000000100eeafa0	73 00 61 70 70 42 75 6e 64 6c 65 00 65 76 69 64 
0000000100eeafb0	65 6e 63 65 00 72 65 6a 65 63 74 69 6f 6e 00 72 
0000000100eeafc0	65 6a 65 63 74 65 64 41 74 00 72 65 61 73 6f 6e 
0000000100eeafd0	00 52 61 77 56 61 6c 75 65 00 41 6c 6c 43 61 73 
0000000100eeafe0	65 73 00 72 65 64 00 67 72 65 65 6e 00 62 6c 75 
0000000100eeaff0	65 00 63 6c 61 75 64 65 00 63 6f 64 65 78 00 7a 
0000000100eeb000	63 6f 64 65 00 67 65 6d 69 6e 69 00 61 6e 74 69 
0000000100eeb010	67 72 61 76 69 74 79 00 63 75 72 73 6f 72 00 64 
0000000100eeb020	65 76 69 6e 00 64 72 6f 69 64 00 71 6f 64 65 72 
0000000100eeb030	00 71 77 65 6e 00 67 72 6f 6b 00 6b 69 6d 69 00 
0000000100eeb040	6b 69 6d 69 43 6f 64 65 00 64 65 65 70 73 65 65 
0000000100eeb050	6b 00 6d 69 73 74 72 61 6c 56 69 62 65 00 63 6f 
0000000100eeb060	70 69 6c 6f 74 00 63 6f 64 65 62 75 64 64 79 00 
0000000100eeb070	6b 69 72 6f 00 68 65 72 6d 65 73 00 67 65 6e 65 
0000000100eeb080	72 69 63 00 74 72 61 65 00 6f 70 65 6e 63 6f 64 
0000000100eeb090	65 00 6d 69 6d 6f 63 6f 64 65 00 71 6f 64 65 72 
0000000100eeb0a0	63 6e 00 71 6f 64 65 72 77 6f 72 6b 00 71 77 65 
0000000100eeb0b0	6e 77 6f 72 6b 00 76 73 63 6f 64 65 41 67 65 6e 
0000000100eeb0c0	74 00 77 6f 72 6b 62 75 64 64 79 00 67 61 6a 61 
0000000100eeb0d0	65 43 6f 64 65 00 61 6d 70 00 70 69 00 6f 68 4d 
0000000100eeb0e0	79 50 69 00 69 64 00 64 69 73 70 6c 61 79 4e 61 
0000000100eeb0f0	6d 65 00 62 72 61 6e 64 52 47 42 00 62 72 69 64 
0000000100eeb100	67 65 41 64 61 70 74 65 72 00 52 61 77 56 61 6c 
0000000100eeb110	75 65 00 61 67 65 6e 74 57 69 6e 64 6f 77 00 69 
0000000100eeb120	64 65 00 00 00 00 00 00 00 00 00 00 00 00 00 00 
0000000100eeb130	72 65 70 6f 4e 61 6d 65 00 77 6f 72 6b 74 72 65 
0000000100eeb140	65 4e 61 6d 65 00 62 72 61 6e 63 68 00 72 65 73 
0000000100eeb150	6f 6c 76 65 64 00 6e 6f 74 47 69 74 52 65 70 6f 
0000000100eeb160	00 00 00 00 00 00 00 00 00 00 00 00 00 00 00 00 
0000000100eeb170	74 72 61 6e 73 69 65 6e 74 46 61 69 6c 75 72 65 
0000000100eeb180	00 69 73 47 69 74 00 72 65 70 6f 00 77 6f 72 6b 
0000000100eeb190	74 72 65 65 00 00 00 00 00 00 00 00 00 00 00 00 
0000000100eeb1a0	6d 61 69 6e 57 6f 72 6b 74 72 65 65 52 6f 6f 74 
0000000100eeb1b0	00 00 00 00 00 00 00 00 00 00 00 00 00 00 00 00 
0000000100eeb1c0	52 61 77 56 61 6c 75 65 00 41 6c 6c 43 61 73 65 
0000000100eeb1d0	73 00 49 44 00 70 72 6f 6a 65 63 74 00 00 00 00 
0000000100eeb1e0	70 72 6f 6a 65 63 74 41 6e 64 50 72 6f 6d 70 74 
0000000100eeb1f0	00 70 72 6f 6d 70 74 00 5f 72 61 77 56 61 6c 75 
0000000100eeb200	65 00 52 61 77 56 61 6c 75 65 00 5f 4f 62 6a 65 
0000000100eeb210	63 74 69 76 65 43 54 79 70 65 00 52 61 77 56 61 
0000000100eeb220	6c 75 65 00 74 79 70 65 00 74 69 6d 65 73 74 61 
0000000100eeb230	6d 70 00 64 61 74 61 00 52 61 77 56 61 6c 75 65 
0000000100eeb240	00 75 73 65 72 49 64 00 65 6d 61 69 6c 00 75 73 
0000000100eeb250	65 72 6e 61 6d 65 00 69 70 41 64 64 72 65 73 73 
0000000100eeb260	00 73 65 67 6d 65 6e 74 00 6e 61 6d 65 00 67 65 
0000000100eeb270	6f 00 64 61 74 61 00 52 61 77 56 61 6c 75 65 00 
0000000100eeb280	65 6e 61 62 6c 65 56 69 65 77 52 65 6e 64 65 72 
0000000100eeb290	65 72 56 32 00 00 00 00 00 00 00 00 00 00 00 00 
0000000100eeb2a0	65 6e 61 62 6c 65 46 61 73 74 56 69 65 77 52 65 
0000000100eeb2b0	6e 64 65 72 69 6e 67 00 6d 61 73 6b 41 6c 6c 49 
0000000100eeb2c0	6d 61 67 65 73 00 6d 61 73 6b 41 6c 6c 54 65 78 
0000000100eeb2d0	74 00 00 00 00 00 00 00 00 00 00 00 00 00 00 00 
0000000100eeb2e0	6d 61 73 6b 65 64 56 69 65 77 43 6c 61 73 73 65 
0000000100eeb2f0	73 00 00 00 00 00 00 00 00 00 00 00 00 00 00 00 
0000000100eeb300	75 6e 6d 61 73 6b 65 64 56 69 65 77 43 6c 61 73 
0000000100eeb310	73 65 73 00 00 00 00 00 00 00 00 00 00 00 00 00 
0000000100eeb320	65 78 63 6c 75 64 65 64 56 69 65 77 43 6c 61 73 
0000000100eeb330	73 65 73 00 00 00 00 00 00 00 00 00 00 00 00 00 
0000000100eeb340	69 6e 63 6c 75 64 65 64 56 69 65 77 43 6c 61 73 
0000000100eeb350	73 65 73 00 6e 61 6d 65 00 76 65 72 73 69 6f 6e 
0000000100eeb360	00 69 6e 74 65 67 72 61 74 69 6f 6e 73 00 66 65 
0000000100eeb370	61 74 75 72 65 73 00 70 61 63 6b 61 67 65 73 00 
0000000100eeb380	73 65 74 74 69 6e 67 73 00 68 65 61 64 65 72 00 
0000000100eeb390	69 74 65 6d 73 00 00 00 00 00 00 00 00 00 00 00 
0000000100eeb3a0	52 61 77 56 61 6c 75 65 00 6e 61 6d 65 00 65 6d 
0000000100eeb3b0	61 69 6c 00 6d 65 73 73 61 67 65 00 73 6f 75 72 
0000000100eeb3c0	63 65 00 65 76 65 6e 74 49 64 00 61 74 74 61 63 
0000000100eeb3d0	68 6d 65 6e 74 73 00 00 00 00 00 00 00 00 00 00 
0000000100eeb3e0	61 73 73 6f 63 69 61 74 65 64 45 76 65 6e 74 49 
0000000100eeb3f0	64 00 65 76 65 6e 74 49 64 00 6d 65 73 73 61 67 
0000000100eeb400	65 00 74 69 6d 65 73 74 61 6d 70 00 73 74 61 72 
0000000100eeb410	74 54 69 6d 65 73 74 61 6d 70 00 6c 65 76 65 6c 
0000000100eeb420	00 70 6c 61 74 66 6f 72 6d 00 6c 6f 67 67 65 72 
0000000100eeb430	00 73 65 72 76 65 72 4e 61 6d 65 00 72 65 6c 65 
0000000100eeb440	61 73 65 4e 61 6d 65 00 64 69 73 74 00 65 6e 76 
0000000100eeb450	69 72 6f 6e 6d 65 6e 74 00 74 72 61 6e 73 61 63 
0000000100eeb460	74 69 6f 6e 00 74 79 70 65 00 74 61 67 73 00 65 
0000000100eeb470	78 74 72 61 00 73 64 6b 00 6d 6f 64 75 6c 65 73 
0000000100eeb480	00 66 69 6e 67 65 72 70 72 69 6e 74 00 75 73 65 
0000000100eeb490	72 00 63 6f 6e 74 65 78 74 00 74 68 72 65 61 64 
0000000100eeb4a0	73 00 65 78 63 65 70 74 69 6f 6e 00 73 74 61 63 
0000000100eeb4b0	6b 74 72 61 63 65 00 64 65 62 75 67 4d 65 74 61 
0000000100eeb4c0	00 62 72 65 61 64 63 72 75 6d 62 73 00 72 65 71 
0000000100eeb4d0	75 65 73 74 00 52 61 77 56 61 6c 75 65 00 00 00 
0000000100eeb4e0	53 74 72 69 6e 67 4c 69 74 65 72 61 6c 54 79 70 
0000000100eeb4f0	65 00 00 00 00 00 00 00 00 00 00 00 00 00 00 00 
0000000100eeb500	53 74 72 69 6e 67 49 6e 74 65 72 70 6f 6c 61 74 
0000000100eeb510	69 6f 6e 00 00 00 00 00 00 00 00 00 00 00 00 00 
0000000100eeb520	45 78 74 65 6e 64 65 64 47 72 61 70 68 65 6d 65 
0000000100eeb530	43 6c 75 73 74 65 72 4c 69 74 65 72 61 6c 54 79 
0000000100eeb540	70 65 00 00 00 00 00 00 00 00 00 00 00 00 00 00 
0000000100eeb550	55 6e 69 63 6f 64 65 53 63 61 6c 61 72 4c 69 74 
0000000100eeb560	65 72 61 6c 54 79 70 65 00 6d 65 73 73 61 67 65 
0000000100eeb570	00 61 74 74 72 69 62 75 74 65 73 00 74 65 6d 70 
0000000100eeb580	6c 61 74 65 00 00 00 00 00 00 00 00 00 00 00 00 
0000000100eeb590	69 6e 74 65 72 70 6f 6c 61 74 69 6f 6e 43 6f 75 
0000000100eeb5a0	6e 74 00 00 00 00 00 00 00 00 00 00 00 00 00 00 
0000000100eeb5b0	73 79 6d 62 6f 6c 41 64 64 72 65 73 73 00 66 69 
0000000100eeb5c0	6c 65 4e 61 6d 65 00 66 75 6e 63 74 69 6f 6e 00 
0000000100eeb5d0	6d 6f 64 75 6c 65 00 70 61 63 6b 61 67 65 00 69 
0000000100eeb5e0	6d 61 67 65 41 64 64 72 65 73 73 00 70 6c 61 74 
0000000100eeb5f0	66 6f 72 6d 00 00 00 00 00 00 00 00 00 00 00 00 
0000000100eeb600	69 6e 73 74 72 75 63 74 69 6f 6e 41 64 64 72 65 
0000000100eeb610	73 73 00 6c 69 6e 65 4e 75 6d 62 65 72 00 63 6f 
0000000100eeb620	6c 75 6d 6e 4e 75 6d 62 65 72 00 63 6f 6e 74 65 
0000000100eeb630	78 74 4c 69 6e 65 00 70 72 65 43 6f 6e 74 65 78 
0000000100eeb640	74 00 70 6f 73 74 43 6f 6e 74 65 78 74 00 76 61 
0000000100eeb650	72 73 00 69 6e 41 70 70 00 73 74 61 63 6b 53 74 
0000000100eeb660	61 72 74 00 52 61 77 56 61 6c 75 65 00 74 68 72 
0000000100eeb670	65 61 64 49 64 00 6e 61 6d 65 00 73 74 61 63 6b 
0000000100eeb680	74 72 61 63 65 00 63 72 61 73 68 65 64 00 63 75 
0000000100eeb690	72 72 65 6e 74 00 69 73 4d 61 69 6e 00 52 61 77 
0000000100eeb6a0	56 61 6c 75 65 00 76 61 6c 75 65 00 63 69 74 79 
0000000100eeb6b0	00 63 6f 75 6e 74 72 79 43 6f 64 65 00 72 65 67 
0000000100eeb6c0	69 6f 6e 00 52 61 77 56 61 6c 75 65 00 74 69 6d 
0000000100eeb6d0	65 73 74 61 6d 70 00 74 72 61 63 65 49 64 00 6c 
0000000100eeb6e0	65 76 65 6c 00 62 6f 64 79 00 61 74 74 72 69 62 
0000000100eeb6f0	75 74 65 73 00 73 65 76 65 72 69 74 79 4e 75 6d 
0000000100eeb700	62 65 72 00 52 61 77 56 61 6c 75 65 00 61 75 74 
0000000100eeb710	6f 49 6e 66 65 72 49 50 00 73 65 67 6d 65 6e 74 
0000000100eeb720	49 64 00 65 76 65 6e 74 73 00 68 65 69 67 68 74 
0000000100eeb730	00 77 69 64 74 68 00 73 74 72 69 6e 67 00 69 6e 
0000000100eeb740	74 00 6e 75 6d 62 65 72 00 62 6f 6f 6c 65 61 6e 
0000000100eeb750	00 64 61 74 65 00 64 69 63 74 00 61 72 72 61 79 
0000000100eeb760	00 6e 75 6c 6c 00 74 69 6d 65 73 74 61 6d 70 00 
0000000100eeb770	64 69 73 63 61 72 64 65 64 45 76 65 6e 74 73 00 
0000000100eeb780	69 6e 66 6f 50 6c 69 73 74 57 72 61 70 70 65 72 
0000000100eeb790	00 68 75 62 00 64 61 74 65 50 72 6f 76 69 64 65 
0000000100eeb7a0	72 00 62 61 74 63 68 65 72 00 70 61 74 68 00 68 
0000000100eeb7b0	65 69 67 68 74 00 77 69 64 74 68 00 64 75 72 61 
0000000100eeb7c0	74 69 6f 6e 00 66 72 61 6d 65 43 6f 75 6e 74 00 
0000000100eeb7d0	66 72 61 6d 65 52 61 74 65 00 73 74 61 72 74 00 
0000000100eeb7e0	65 6e 64 00 66 69 6c 65 53 69 7a 65 00 73 63 72 
0000000100eeb7f0	65 65 6e 73 00 73 69 67 6e 61 6c 00 6d 61 63 68 
0000000100eeb800	45 78 63 65 70 74 69 6f 6e 00 65 72 72 6f 72 00 
0000000100eeb810	52 61 77 56 61 6c 75 65 00 66 72 61 6d 65 73 00 
0000000100eeb820	72 65 67 69 73 74 65 72 73 00 73 6e 61 70 73 68 
0000000100eeb830	6f 74 00 52 61 77 56 61 6c 75 65 00 6c 65 76 65 
0000000100eeb840	6c 00 63 61 74 65 67 6f 72 79 00 74 69 6d 65 73 
0000000100eeb850	74 61 6d 70 00 74 79 70 65 00 6d 65 73 73 61 67 
0000000100eeb860	65 00 64 61 74 61 00 6f 72 69 67 69 6e 00 52 61 
0000000100eeb870	77 56 61 6c 75 65 00 62 75 6e 64 6c 65 00 00 00 
0000000100eeb880	52 61 77 56 61 6c 75 65 00 00 00 00 00 00 00 00 
0000000100eeb890	73 65 73 73 69 6f 6e 53 61 6d 70 6c 65 52 61 74 
0000000100eeb8a0	65 00 00 00 00 00 00 00 00 00 00 00 00 00 00 00 
0000000100eeb8b0	6f 6e 45 72 72 6f 72 53 61 6d 70 6c 65 52 61 74 
0000000100eeb8c0	65 00 6d 61 73 6b 41 6c 6c 54 65 78 74 00 6d 61 
0000000100eeb8d0	73 6b 41 6c 6c 49 6d 61 67 65 73 00 71 75 61 6c 
0000000100eeb8e0	69 74 79 00 00 00 00 00 00 00 00 00 00 00 00 00 
0000000100eeb8f0	6d 61 73 6b 65 64 56 69 65 77 43 6c 61 73 73 65 
0000000100eeb900	73 00 00 00 00 00 00 00 00 00 00 00 00 00 00 00 
0000000100eeb910	75 6e 6d 61 73 6b 65 64 56 69 65 77 43 6c 61 73 
0000000100eeb920	73 65 73 00 00 00 00 00 00 00 00 00 00 00 00 00 
0000000100eeb930	65 78 63 6c 75 64 65 64 56 69 65 77 43 6c 61 73 
0000000100eeb940	73 65 73 00 00 00 00 00 00 00 00 00 00 00 00 00 
0000000100eeb950	69 6e 63 6c 75 64 65 64 56 69 65 77 43 6c 61 73 
0000000100eeb960	73 65 73 00 00 00 00 00 00 00 00 00 00 00 00 00 
0000000100eeb970	65 6e 61 62 6c 65 56 69 65 77 52 65 6e 64 65 72 
0000000100eeb980	65 72 56 32 00 00 00 00 00 00 00 00 00 00 00 00 
0000000100eeb990	65 6e 61 62 6c 65 46 61 73 74 56 69 65 77 52 65 
0000000100eeb9a0	6e 64 65 72 69 6e 67 00 66 72 61 6d 65 52 61 74 
0000000100eeb9b0	65 00 00 00 00 00 00 00 00 00 00 00 00 00 00 00 
0000000100eeb9c0	65 72 72 6f 72 52 65 70 6c 61 79 44 75 72 61 74 
0000000100eeb9d0	69 6f 6e 00 00 00 00 00 00 00 00 00 00 00 00 00 
0000000100eeb9e0	73 65 73 73 69 6f 6e 53 65 67 6d 65 6e 74 44 75 
0000000100eeb9f0	72 61 74 69 6f 6e 00 6d 61 78 69 6d 75 6d 44 75 
0000000100eeba00	72 61 74 69 6f 6e 00 73 64 6b 49 6e 66 6f 00 74 
0000000100eeba10	79 70 65 00 68 61 6e 64 6c 65 64 00 73 79 6e 74 
0000000100eeba20	68 65 74 69 63 00 64 65 73 63 00 64 61 74 61 00 
0000000100eeba30	68 65 6c 70 4c 69 6e 6b 00 6d 65 74 61 00 52 61 
0000000100eeba40	77 56 61 6c 75 65 00 66 6f 72 6d 61 74 74 65 64 
0000000100eeba50	00 6d 65 73 73 61 67 65 00 70 61 72 61 6d 73 00 
0000000100eeba60	52 61 77 56 61 6c 75 65 00 00 00 00 00 00 00 00 
0000000100eeba70	70 72 6f 63 65 73 73 49 6e 66 6f 57 72 61 70 70 
0000000100eeba80	65 72 00 00 00 00 00 00 00 00 00 00 00 00 00 00 
0000000100eeba90	24 5f 5f 6c 61 7a 79 5f 73 74 6f 72 61 67 65 5f 
0000000100eebaa0	24 5f 73 79 73 74 65 6d 49 6e 66 6f 00 00 00 00 
0000000100eebab0	52 61 77 56 61 6c 75 65 00 6c 69 66 65 63 79 63 
0000000100eebac0	6c 65 00 00 00 00 00 00 00 00 00 00 00 00 00 00 
0000000100eebad0	73 65 73 73 69 6f 6e 53 61 6d 70 6c 65 52 61 74 
0000000100eebae0	65 00 00 00 00 00 00 00 00 00 00 00 00 00 00 00 
0000000100eebaf0	70 72 6f 66 69 6c 65 41 70 70 53 74 61 72 74 73 
0000000100eebb00	00 69 6e 41 70 70 49 6e 63 6c 75 64 65 73 00 69 
0000000100eebb10	6e 41 70 70 45 78 63 6c 75 64 65 73 00 69 64 00 
0000000100eebb20	64 69 73 61 62 6c 65 43 72 61 73 68 44 69 61 67 
0000000100eebb30	6e 6f 73 74 69 63 73 00 64 65 6c 65 67 61 74 65 
0000000100eebb40	00 00 00 00 00 00 00 00 00 00 00 00 00 00 00 00 
0000000100eebb50	63 61 6c 6c 53 74 61 63 6b 73 00 00 00 00 00 00 
0000000100eebb60	63 61 6c 6c 53 74 61 63 6b 50 65 72 54 68 72 65 
0000000100eebb70	61 64 00 00 00 00 00 00 00 00 00 00 00 00 00 00 
0000000100eebb80	74 68 72 65 61 64 41 74 74 72 69 62 75 74 65 64 
0000000100eebb90	00 00 00 00 00 00 00 00 00 00 00 00 00 00 00 00 
0000000100eebba0	63 61 6c 6c 53 74 61 63 6b 52 6f 6f 74 46 72 61 
0000000100eebbb0	6d 65 73 00 62 69 6e 61 72 79 55 55 49 44 00 00 
0000000100eebbc0	6f 66 66 73 65 74 49 6e 74 6f 42 69 6e 61 72 79 
0000000100eebbd0	54 65 78 74 53 65 67 6d 65 6e 74 00 62 69 6e 61 
0000000100eebbe0	72 79 4e 61 6d 65 00 61 64 64 72 65 73 73 00 73 
0000000100eebbf0	75 62 46 72 61 6d 65 73 00 73 61 6d 70 6c 65 43 
0000000100eebc00	6f 75 6e 74 00 52 61 77 56 61 6c 75 65 00 73 65 
0000000100eebc10	73 73 69 6f 6e 00 52 61 77 56 61 6c 75 65 00 6f 
0000000100eebc20	70 65 72 61 74 69 6f 6e 4e 61 6d 65 00 70 61 74 
0000000100eebc30	68 00 63 6f 6e 74 65 6e 74 73 00 52 61 77 56 61 
0000000100eebc40	6c 75 65 00 71 75 65 75 65 57 72 61 70 70 65 72 
0000000100eebc50	00 73 6f 75 72 63 65 00 00 00 00 00 00 00 00 00 
0000000100eebc60	72 65 6c 65 61 73 65 4e 61 6d 65 00 6f 73 56 65 
0000000100eebc70	72 73 69 6f 6e 00 76 65 6e 64 6f 72 49 64 00 69 
0000000100eebc80	73 44 65 62 75 67 67 69 6e 67 00 00 00 00 00 00 
0000000100eebc90	73 79 73 74 65 6d 42 6f 6f 74 54 69 6d 65 73 74 
0000000100eebca0	61 6d 70 00 69 73 41 63 74 69 76 65 00 77 61 73 
0000000100eebcb0	54 65 72 6d 69 6e 61 74 65 64 00 69 73 41 4e 52 
0000000100eebcc0	4f 6e 67 6f 69 6e 67 00 69 73 53 44 4b 52 75 6e 
0000000100eebcd0	6e 69 6e 67 00 00 00 00 00 00 00 00 00 00 00 00 
0000000100eebce0	65 6e 61 62 6c 65 44 61 74 61 53 77 69 7a 7a 6c 
0000000100eebcf0	69 6e 67 00 00 00 00 00 00 00 00 00 00 00 00 00 
0000000100eebd00	65 6e 61 62 6c 65 46 69 6c 65 4d 61 6e 61 67 65 
0000000100eebd10	72 53 77 69 7a 7a 6c 69 6e 67 00 00 00 00 00 00 
0000000100eebd20	65 6e 61 62 6c 65 55 6e 68 61 6e 64 6c 65 64 43 
0000000100eebd30	50 50 45 78 63 65 70 74 69 6f 6e 73 56 32 00 00 
0000000100eebd40	65 6e 61 62 6c 65 53 65 73 73 69 6f 6e 52 65 70 
0000000100eebd50	6c 61 79 49 6e 55 6e 72 65 6c 69 61 62 6c 65 45 
0000000100eebd60	6e 76 69 72 6f 6e 6d 65 6e 74 00 65 6e 61 62 6c 
0000000100eebd70	65 4c 6f 67 73 00 63 6f 6d 70 6f 6e 65 6e 74 73 
0000000100eebd80	00 65 76 65 6e 74 49 64 00 73 64 6b 49 6e 66 6f 
0000000100eebd90	00 74 72 61 63 65 43 6f 6e 74 65 78 74 00 73 65 
0000000100eebda0	6e 74 41 74 00 62 6f 64 79 53 69 7a 65 00 63 6f 
0000000100eebdb0	6f 6b 69 65 73 00 68 65 61 64 65 72 73 00 66 72 
0000000100eebdc0	61 67 6d 65 6e 74 00 6d 65 74 68 6f 64 00 71 75 
0000000100eebdd0	65 72 79 53 74 72 69 6e 67 00 75 72 6c 00 52 61 
0000000100eebde0	77 56 61 6c 75 65 00 64 6f 6d 61 69 6e 00 63 6f 
0000000100eebdf0	64 65 00 52 61 77 56 61 6c 75 65 00 6e 61 6d 65 
0000000100eebe00	00 75 75 69 64 00 76 6d 41 64 64 72 65 73 73 00 
0000000100eebe10	61 64 64 72 65 73 73 00 73 69 7a 65 00 63 61 63 
0000000100eebe20	68 65 00 69 73 44 65 62 75 67 00 6c 6f 63 6b 00 
0000000100eebe30	74 61 67 00 70 72 6f 63 65 73 73 6f 72 73 00 6f 
0000000100eebe40	62 6a 63 48 65 6c 70 65 72 00 52 61 77 56 61 6c 
0000000100eebe50	75 65 00 74 79 70 65 00 76 61 6c 75 65 00 52 61 
0000000100eebe60	77 56 61 6c 75 65 00 72 65 61 73 6f 6e 00 63 61 
0000000100eebe70	74 65 67 6f 72 79 00 71 75 61 6e 74 69 74 79 00 
0000000100eebe80	66 69 6c 65 4d 61 6e 61 67 65 72 00 41 6c 6c 43 
0000000100eebe90	61 73 65 73 00 52 61 77 56 61 6c 75 65 00 00 00 
0000000100eebea0	72 65 70 6c 61 79 53 74 61 72 74 54 69 6d 65 73 
0000000100eebeb0	74 61 6d 70 00 72 65 70 6c 61 79 54 79 70 65 00 
0000000100eebec0	73 65 67 6d 65 6e 74 49 64 00 75 72 6c 73 00 00 
0000000100eebed0	70 72 6f 76 69 73 69 6f 6e 73 41 6c 6c 44 65 76 
0000000100eebee0	69 63 65 73 00 00 00 00 00 00 00 00 00 00 00 00 
0000000100eebef0	65 6d 62 65 64 64 65 64 50 72 6f 66 69 6c 65 50 
0000000100eebf00	61 74 68 00 68 65 61 64 65 72 00 64 61 74 61 00 
0000000100eebf10	73 75 70 70 6f 72 74 65 64 4e 65 74 77 6f 72 6b 
0000000100eebf20	44 61 74 61 00 76 61 6c 75 65 00 75 6e 69 74 00 
0000000100eebf30	69 6e 74 65 72 6e 61 6c 57 72 61 70 70 65 72 00 
0000000100eebf40	63 6c 69 65 6e 74 00 66 6c 75 73 68 54 69 6d 65 
0000000100eebf50	6f 75 74 00 00 00 00 00 00 00 00 00 00 00 00 00 
0000000100eebf60	6d 61 78 42 75 66 66 65 72 53 69 7a 65 42 79 74 
0000000100eebf70	65 73 00 64 69 73 70 61 74 63 68 51 75 65 75 65 
0000000100eebf80	00 6f 70 74 69 6f 6e 73 00 65 6e 63 6f 64 65 64 
0000000100eebf90	4c 6f 67 73 00 65 6e 63 6f 64 65 64 4c 6f 67 73 
0000000100eebfa0	53 69 7a 65 00 74 69 6d 65 72 57 6f 72 6b 49 74 
0000000100eebfb0	65 6d 00 00 00 00 00 00 00 00 00 00 00 00 00 00 
0000000100eebfc0	6b 65 79 4e 6f 74 46 6f 75 6e 64 00 00 00 00 00 
0000000100eebfd0	75 6e 61 62 6c 65 54 6f 43 61 73 74 56 61 6c 75 
0000000100eebfe0	65 00 00 00 00 00 00 00 00 00 00 00 00 00 00 00 
0000000100eebff0	6d 61 69 6e 49 6e 66 6f 50 6c 69 73 74 4e 6f 74 
0000000100eec000	46 6f 75 6e 64 00 75 75 69 64 00 64 65 62 75 67 
0000000100eec010	49 44 00 74 79 70 65 00 6e 61 6d 65 00 69 6d 61 
0000000100eec020	67 65 53 69 7a 65 00 69 6d 61 67 65 41 64 64 72 
0000000100eec030	65 73 73 00 69 6d 61 67 65 56 6d 41 64 64 72 65 
0000000100eec040	73 73 00 63 6f 64 65 46 69 6c 65 00 52 61 77 56 
0000000100eec050	61 6c 75 65 00 76 61 6c 75 65 00 74 79 70 65 00 
0000000100eec060	6d 65 63 68 61 6e 69 73 6d 00 6d 6f 64 75 6c 65 
0000000100eec070	00 74 68 72 65 61 64 49 64 00 73 74 61 63 6b 74 
0000000100eec080	72 61 63 65 00 52 61 77 56 61 6c 75 65 00 
/Applications/Vibe Island.app/Contents/MacOS/vibe-island (architecture arm64):
Contents of (__TEXT,__swift5_reflstr) section
0000000100dad910	6769726f 73006e69 00657a69 00790078 
0000000100dad920	56776172 65756c61 00000000 00000000 
0000000100dad930	61727241 74694c79 6c617265 6d656c45 
0000000100dad940	00746e65 6d656c45 00746e65 56776152 
0000000100dad950	65756c61 64697700 68006874 68676965 
0000000100dad960	536d0074 63656c65 00726f74 6f63536d 
0000000100dad970	6d006570 6d656c45 00746e65 7761725f 
0000000100dad980	756c6156 4f5f0065 63656a62 65766974 
0000000100dad990	70795443 6e690065 656b6f76 00000000 
0000000100dad9a0	72756f73 64006563 63657269 79726f74 
0000000100dad9b0	656d614e 00000000 00000000 00000000 
0000000100dad9c0	74746573 73676e69 656c6946 656d614e 
0000000100dad9d0	71657200 65726975 65764564 0073746e 
0000000100dad9e0	6f636572 6c69636e 6e614d65 64656761 
0000000100dad9f0	72756f53 00006563 00000000 00000000 
0000000100dada00	6f6a616d 696d0072 00726f6e 63746170 
0000000100dada10	72700068 6c657265 65736165 65766500 
0000000100dada20	614e746e 7400656d 6f656d69 6d007475 
0000000100dada30	68637461 00007265 00000000 00000000 
0000000100dada40	75716572 73657269 72657355 73757254 
0000000100dada50	6f6e0074 71655274 65726975 00000064 
0000000100dada60	6f486f6e 49736b6f 6174736e 64656c6c 
0000000100dada70	75727400 64657473 6b6e7500 6e776f6e 
0000000100dada80	62616c00 6e006c65 65626d75 6f6c0072 
0000000100dada90	63006b63 65686361 6e6f4364 73676966 
0000000100dadaa0	00646900 68746170 6f6f7200 65640074 
0000000100dadab0	65537065 76456b65 00746e65 656d6974 
0000000100dadac0	5374756f 00736365 566e696d 69737265 
0000000100dadad0	6d006e6f 726f6a61 6e696d00 7000726f 
0000000100dadae0	68637461 74616400 00000061 00000000 
0000000100dadaf0	72756f73 64006563 63657269 79726f74 
0000000100dadb00	656d614e 6f6f6800 6946736b 614e656c 
0000000100dadb10	7200656d 69757165 45646572 746e6576 
0000000100dadb20	00000073 00000000 00000000 00000000 
0000000100dadb30	72706564 74616365 76456465 73746e65 
0000000100dadb40	00000000 00000000 00000000 00000000 
0000000100dadb50	61666564 52746c75 56746f6f 65756c61 
0000000100dadb60	6f6c0073 65725067 00786966 72746e65 
0000000100dadb70	69754279 7265646c 6d6f6300 646e616d 
0000000100dadb80	756c6156 69007365 6e614d73 64656761 
0000000100dadb90	72746e45 76650079 4e746e65 00656d61 
0000000100dadba0	6374616d 00726568 656d6974 0074756f 
0000000100dadbb0	666e6f63 72756769 6f697461 6c69466e 
0000000100dadbc0	00007365 00000000 00000000 00000000 
0000000100dadbd0	616d6e75 6567616e 6e6f4364 75676966 
0000000100dadbe0	69746172 6f526e6f 0000746f 00000000 
0000000100dadbf0	65747865 6c616e72 764f796c 72777265 
0000000100dadc00	65747469 7461506e 61660068 72756c69 
0000000100dadc10	75730065 73656363 72750073 6f66006c 
0000000100dadc20	74616d72 74617000 64690068 73696400 
0000000100dadc30	79616c70 656d614e 71657200 74736575 
0000000100dadc40	6f004449 6f637475 0073656d 6d657469 
0000000100dadc50	00000073 00000000 00000000 00000000 
0000000100dadc60	61766e69 4364696c 69666e6f 61727567 
0000000100dadc70	6e6f6974 74617000 746f4e68 74697257 
0000000100dadc80	656c6261 00000000 00000000 00000000 
0000000100dadc90	65747865 6c616e72 764f796c 72777265 
0000000100dadca0	65747469 0000006e 00000000 00000000 
0000000100dadcb0	67616964 74736f6e 65526369 72697571 
0000000100dadcc0	6a006465 006e6f73 7161706f 6e006575 
0000000100dadcd0	00656d61 656d6974 0074756f 656d616e 
0000000100dadce0	74616d00 72656863 6d616e00 79740065 
0000000100dadcf0	74006570 6f656d69 73007475 63697274 
0000000100dadd00	00000074 00000000 00000000 00000000 
0000000100dadd10	6f636573 0073646e 6c6c696d 63657369 
0000000100dadd20	73646e6f 756f7300 00656372 65726964 
0000000100dadd30	726f7463 6d614e79 00000065 00000000 
0000000100dadd40	74746573 73676e69 656c6946 656d614e 
0000000100dadd50	71657200 65726975 65764564 0073746e 
0000000100dadd60	6374616d 45726568 746e6576 00000073 
0000000100dadd70	61666564 54746c75 654c706f 566c6576 
0000000100dadd80	65756c61 6f680073 65446b6f 696c6461 
0000000100dadd90	0073656e 00000000 00000000 00000000 
0000000100dadda0	616e616d 43646567 616d6d6f 614d646e 
0000000100daddb0	72656b72 00000073 00000000 00000000 
0000000100daddc0	6f636572 6c69636e 6e614d65 64656761 
0000000100daddd0	72756f53 00006563 00000000 00000000 
0000000100dadde0	6f6d6572 6d456576 45797470 746e6576 
0000000100daddf0	556e4f73 736e696e 6c6c6174 676f6c00 
0000000100dade00	66657250 00007869 00000000 00000000 
0000000100dade10	73726170 69614665 6572756c 67616944 
0000000100dade20	74736f6e 654d6369 67617373 00000065 
0000000100dade30	69726573 7a696c61 69614665 6572756c 
0000000100dade40	67616944 74736f6e 654d6369 67617373 
0000000100dade50	00000065 00000000 00000000 00000000 
0000000100dade60	74697277 69614665 6572756c 67616944 
0000000100dade70	74736f6e 654d6369 67617373 00000065 
0000000100dade80	656e616c 636f4c73 616c006b 0073656e 
0000000100dade90	69766572 6e6f6973 6b636f4c 65706f00 
0000000100dadea0	69746172 6f4c6e6f 72006b63 73697665 
0000000100dadeb0	006e6f69 69467369 49747372 6174736e 
0000000100dadec0	00006c6c 00000000 00000000 00000000 
0000000100daded0	646e6977 6f43776f 6f72746e 72656c6c 
0000000100dadee0	64707500 72657461 00000000 00000000 
0000000100dadef0	61647075 73556574 72447265 72657669 
0000000100dadf00	00000000 00000000 00000000 00000000 
0000000100dadf10	6f626e6f 69647261 6f43676e 6f72746e 
0000000100dadf20	72656c6c 00000000 00000000 00000000 
0000000100dadf30	6563696c 5765736e 6f646e69 6e6f4377 
0000000100dadf40	6c6f7274 0072656c 00000000 00000000 
0000000100dadf50	74746573 73676e69 646e6957 6f43776f 
0000000100dadf60	6f72746e 72656c6c 00000000 00000000 
0000000100dadf70	41736168 6d657474 64657470 69746f4e 
0000000100dadf80	61636966 6e6f6974 68747541 00000000 
0000000100dadf90	65726373 65536e65 7463656c 546e6f69 
0000000100dadfa0	006b7361 69726576 61547966 00006b73 
0000000100dadfb0	72636572 65746165 656e6547 69746172 
0000000100dadfc0	00006e6f 00000000 00000000 00000000 
0000000100dadfd0	7473616c 6465654e 74744173 69746e65 
0000000100dadfe0	00006e6f 00000000 00000000 00000000 
0000000100dadff0	41707061 76697463 6f697461 6265446e 
0000000100dae000	636e756f 00000065 00000000 00000000 
0000000100dae010	6c6c7566 65726373 68436e65 476b6365 
0000000100dae020	72656e65 6f697461 7061006e 70614e70 
0000000100dae030	69746341 79746976 00000000 00000000 
0000000100dae040	6b6f6f68 656c6946 63746157 73726568 
0000000100dae050	00000000 00000000 00000000 00000000 
0000000100dae060	00000000 00000000 00000000 00000000 
0000000100dae070	00000000 00000000 00000000 00000000 
0000000100dae080	65747865 6c616e72 764f796c 72777265 
0000000100dae090	65747469 6f6f486e 7344496b 00000000 
0000000100dae0a0	00000000 00000000 00000000 00000000 
0000000100dae0b0	00000000 00000000 00000000 00000000 
0000000100dae0c0	44696c63 6f637369 79726576 656d6954 
0000000100dae0d0	00000072 00000000 00000000 00000000 
0000000100dae0e0	44696c63 6f637369 79726576 6e616353 
0000000100dae0f0	6c466e49 74686769 70615f00 6c654470 
0000000100dae100	74616765 65730065 6e697474 52557367 
0000000100dae110	6f73004c 65637275 62656400 636e756f 
0000000100dae120	6f420065 64007964 63657465 00646574 
0000000100dae130	6c696166 6d006465 726f6a61 6e696d00 
0000000100dae140	7000726f 68637461 65727000 656c6572 
0000000100dae150	00657361 646f7270 00746375 66727573 
0000000100dae160	00656361 72756f73 64006563 63657269 
0000000100dae170	79726f74 656d614e 65766500 0073746e 
0000000100dae180	696e696d 566d756d 69737265 69006e6f 
0000000100dae190	7265746e 6974616e 6c616e6f 69686300 
0000000100dae1a0	7700616e 006b726f 6e657771 6b726f57 
0000000100dae1b0	696c6300 65646900 73656400 706f746b 
0000000100dae1c0	00000000 00000000 00000000 00000000 
0000000100dae1d0	65646f6d 6572006c 6e6f7361 45676e69 
0000000100dae1e0	726f6666 6f6d0074 506c6564 65766f72 
0000000100dae1f0	636e616e 00000065 00000000 00000000 
0000000100dae200	6f666665 72507472 6e65766f 65636e61 
0000000100dae210	686e6900 74697265 73006465 63656c65 
0000000100dae220	00726f74 63617865 61520074 6c615677 
0000000100dae230	00006575 00000000 00000000 00000000 
0000000100dae240	72657469 6574006d 6e696d72 63006c61 
0000000100dae250	0078756d 61707573 65646f63 74746f00 
0000000100dae260	65680079 00726472 747a6577 006d7265 
0000000100dae270	736f6867 00797474 70726177 65646900 
0000000100dae280	766e6f43 61737265 6e6f6974 00000000 
0000000100dae290	65646f63 73654478 706f746b 65726854 
0000000100dae2a0	6e006461 00656e6f 00000000 00000000 
0000000100dae2b0	6d616574 6574616d 00000000 00000000 
0000000100dae2c0	65726f66 756f7267 6146646e 74756f6e 
0000000100dae2d0	00000000 00000000 00000000 00000000 
0000000100dae2e0	6b636162 756f7267 6146646e 74756f6e 
0000000100dae2f0	69727400 72656767 61747300 64657472 
0000000100dae300	72007441 72757465 6174536e 00737574 
0000000100dae310	6f747561 6974616d 616d0063 6c61756e 
0000000100dae320	6b6e7500 6e776f6e 61747300 00737574 
0000000100dae330	69746361 70006576 65736572 7461746e 
0000000100dae340	006e6f69 756e616d 6f436c61 656c706d 
0000000100dae350	00646574 00000000 00000000 00000000 
0000000100dae360	6c6f6f74 49657355 65640064 69726373 
0000000100dae370	6f697470 7573006e 65676162 7954746e 
0000000100dae380	74006570 4e6d6165 00656d61 6e656761 
0000000100dae390	6d614e74 74730065 65747261 00744164 
0000000100dae3a0	6f437369 656c706d 00646574 706d6f63 
0000000100dae3b0	6574656c 00744164 61627573 746e6567 
0000000100dae3c0	70006449 6e657261 69684374 4449646c 
0000000100dae3d0	00000000 00000000 00000000 00000000 
0000000100dae3e0	636f7270 49737365 7261636e 6974616e 
0000000100dae3f0	00006e6f 00000000 00000000 00000000 
0000000100dae400	4c736168 63656669 656c6379 6e676953 
0000000100dae410	63006c61 65727275 6341746e 69766974 
0000000100dae420	72007974 69746e75 7250656d 6c69666f 
0000000100dae430	70730065 536e7761 65706168 00000000 
0000000100dae440	6d616574 6574616d 6e656449 79746974 
0000000100dae450	73756300 546d6f74 656c7469 6e656700 
0000000100dae460	74617265 69546465 00656c74 00000000 
0000000100dae470	73726966 65735574 73654d72 65676173 
0000000100dae480	6d757300 7972616d 54696100 656c7469 
0000000100dae490	73656400 706f746b 6c746954 616c0065 
0000000100dae4a0	73557473 654d7265 67617373 00000065 
0000000100dae4b0	7473616c 69737341 6e617473 73654d74 
0000000100dae4c0	65676173 00000000 00000000 00000000 
0000000100dae4d0	7473616c 69737341 6e617473 73654d74 
0000000100dae4e0	65676173 6c6c7546 00000000 00000000 
0000000100dae4f0	57697061 696e7261 654d676e 67617373 
0000000100dae500	00000065 00000000 00000000 00000000 
0000000100dae510	7473616c 72657355 7373654d 46656761 
0000000100dae520	516d6f72 65756575 61776100 6d755379 
0000000100dae530	7972616d 00000000 00000000 00000000 
0000000100dae540	79617761 6d6d7553 43797261 7261656c 
0000000100dae550	75716552 65747365 6f6d0064 006c6564 
0000000100dae560	73616572 6e696e6f 66664567 0074726f 
0000000100dae570	73004449 69737365 75006e6f 45646573 
0000000100dae580	746e6576 6c656853 0000006c 00000000 
0000000100dae590	69727473 6900676e 6400746e 6c62756f 
0000000100dae5a0	6f620065 61006c6f 79617272 6a626f00 
0000000100dae5b0	00746365 6c6c756e 65696600 0073646c 
0000000100dae5c0	6d726574 676f7250 006d6172 72657469 
0000000100dae5d0	7365536d 6e6f6973 74006449 536d7265 
0000000100dae5e0	69737365 64496e6f 72617700 73655370 
0000000100dae5f0	6e6f6973 00006449 00000000 00000000 
0000000100dae600	70726177 6d726554 6c616e69 73736553 
0000000100dae610	556e6f69 00444955 70726177 75636f46 
0000000100dae620	4c525573 756d7400 6d740078 61507875 
0000000100dae630	6b00656e 79747469 646e6957 6449776f 
0000000100dae640	74696b00 694c7974 6e657473 00006e4f 
0000000100dae650	6c6c657a 65536a69 6f697373 6d614e6e 
0000000100dae660	657a0065 6a696c6c 656e6150 00006449 
0000000100dae670	75426663 656c646e 6e656449 69666974 
0000000100dae680	70007265 6f657361 6e656741 00644974 
0000000100dae690	73727563 7254726f 49656361 00000064 
0000000100dae6a0	646e6f63 6f746375 726f5772 6170736b 
0000000100dae6b0	614e6563 0000656d 00000000 00000000 
0000000100dae6c0	646e6f63 6f746375 726f5772 6170736b 
0000000100dae6d0	64496563 00000000 00000000 00000000 
0000000100dae6e0	646e6f63 6f746375 73655372 6e6f6973 
0000000100dae6f0	00006449 00000000 00000000 00000000 
0000000100dae700	646e6f63 6f746375 726f5772 6170736b 
0000000100dae710	61506563 63006874 75646e6f 726f7463 
0000000100dae720	74726f50 00000000 00000000 00000000 
0000000100dae730	6e65706f 69736544 72506e67 63656a6f 
0000000100dae740	00644974 00000000 00000000 00000000 
0000000100dae750	6e65706f 69736544 72506e67 63656a6f 
0000000100dae760	72694474 00000000 00000000 00000000 
0000000100dae770	6e65706f 69736544 6f436e67 7265766e 
0000000100dae780	69746173 64496e6f 756d6300 726f5778 
0000000100dae790	6170736b 64496563 756d6300 72755378 
0000000100dae7a0	65636166 63006449 5378756d 656b636f 
0000000100dae7b0	74615074 00000068 00000000 00000000 
0000000100dae7c0	61707573 65646f63 6b726f57 65657274 
0000000100dae7d0	73006449 63617075 5465646f 64496261 
0000000100dae7e0	00000000 00000000 00000000 00000000 
0000000100dae7f0	61707573 65646f63 66727553 49656361 
0000000100dae800	00000064 00000000 00000000 00000000 
0000000100dae810	61707573 65646f63 6b636f53 61507465 
0000000100dae820	00006874 00000000 00000000 00000000 
0000000100dae830	65707573 74657372 6b726f57 63617073 
0000000100dae840	00644965 00000000 00000000 00000000 
0000000100dae850	65707573 74657372 6d726554 6c616e69 
0000000100dae860	77006449 65747a65 6f536d72 74656b63 
0000000100dae870	7a657700 6d726574 656e6150 74746f00 
0000000100dae880	636f5379 0074656b 7974746f 656e6150 
0000000100dae890	00006449 00000000 00000000 00000000 
0000000100dae8a0	6163726f 6d726554 6c616e69 646e6148 
0000000100dae8b0	6f00656c 50616372 4b656e61 00007965 
0000000100dae8c0	6163726f 6b726f57 63617073 6f6f5265 
0000000100dae8d0	726f0074 6f576163 72746b72 64496565 
0000000100dae8e0	72656800 6e457264 65680076 50726472 
0000000100dae8f0	49656e61 65680064 54726472 64496261 
0000000100dae900	00000000 00000000 00000000 00000000 
0000000100dae910	64726568 726f5772 6170736b 64496563 
0000000100dae920	72656800 6f537264 74656b63 68746150 
0000000100dae930	616c6300 43656475 69666e6f 72694467 
0000000100dae940	646f6300 6f487865 7300656d 6f436873 
0000000100dae950	63656e6e 6e6f6974 68737300 00595454 
0000000100dae960	6576656c 7574006c 44496e72 646f6d00 
0000000100dae970	65006c65 726f6666 70610074 766f7270 
0000000100dae980	6f506c61 7963696c 00000000 00000000 
0000000100dae990	72707061 6c61766f 76655273 65776569 
0000000100dae9a0	61730072 6f62646e 6c6f5078 00796369 
0000000100dae9b0	6d726570 69737369 72506e6f 6c69666f 
0000000100dae9c0	00000065 00000000 00000000 00000000 
0000000100dae9d0	6c6c6f63 726f6261 6f697461 646f4d6e 
0000000100dae9e0	61760065 0065756c 73736573 496e6f69 
0000000100dae9f0	77630064 6f740064 614e6c6f 7400656d 
0000000100daea00	496c6f6f 7475706e 00776152 6c6f6f74 
0000000100daea10	70736552 65736e6f 00776152 6c6f6f74 
0000000100daea20	49657355 00000064 00000000 00000000 
0000000100daea30	69746f6e 61636966 6e6f6974 65707954 
0000000100daea40	73656d00 65676173 69726200 50656764 
0000000100daea50	546e616c 656c7469 00000000 00000000 
0000000100daea60	64697262 6c506567 6f436e61 6e65746e 
0000000100daea70	75740074 64496e72 73617400 0064496b 
0000000100daea80	696c6564 79726576 6e657645 00644974 
0000000100daea90	696c6564 79726576 526b6341 65757165 
0000000100daeaa0	64657473 766e6500 69707000 74740064 
0000000100daeab0	6f630079 45786564 746e6576 65707954 
0000000100daeac0	646f6300 68547865 64616572 63006449 
0000000100daead0	7865646f 6e727554 63006449 7865646f 
0000000100daeae0	6c746954 00000065 00000000 00000000 
0000000100daeaf0	65646f63 73614c78 73734174 61747369 
0000000100daeb00	654d746e 67617373 00000065 00000000 
0000000100daeb10	65646f63 61725478 7263736e 50747069 
0000000100daeb20	00687461 00000000 00000000 00000000 
0000000100daeb30	65646f63 72755478 6e6f436e 74786574 
0000000100daeb40	646f6300 6f4d7865 006c6564 73616572 
0000000100daeb50	6e696e6f 66664567 0074726f 6c696863 
0000000100daeb60	646f4d64 00006c65 00000000 00000000 
0000000100daeb70	6c696863 61655264 696e6f73 6645676e 
0000000100daeb80	74726f66 00000000 00000000 00000000 
0000000100daeb90	6c696863 6f725064 656c6966 78457349 
0000000100daeba0	00746361 666f7270 49656c69 61784573 
0000000100daebb0	00007463 00000000 00000000 00000000 
0000000100daebc0	65646f63 72655078 7373696d 4d6e6f69 
0000000100daebd0	0065646f 00000000 00000000 00000000 
0000000100daebe0	65646f63 73655378 6e6f6973 72617453 
0000000100daebf0	756f5374 00656372 00000000 00000000 
0000000100daec00	706d6f63 69746361 72546e6f 65676769 
0000000100daec10	00000072 00000000 00000000 00000000 
0000000100daec20	75616c63 65536564 6f697373 6174536e 
0000000100daec30	6f537472 65637275 00000000 00000000 
0000000100daec40	65646f63 70704178 61766f72 6552736c 
0000000100daec50	77656976 6f437265 6769666e 00000000 
0000000100daec60	65646f63 70704178 61766f72 6c6f506c 
0000000100daec70	54796369 61657268 63614364 00006568 
0000000100daec80	65646f63 70704178 61766f72 6552736c 
0000000100daec90	77656976 68547265 64616572 68636143 
0000000100daeca0	00000065 00000000 00000000 00000000 
0000000100daecb0	65646f63 6e615378 786f6264 696c6f50 
0000000100daecc0	68547963 64616572 68636143 6f730065 
0000000100daecd0	65637275 6f6f6800 6e6f436b 49676966 
0000000100daece0	00000064 00000000 00000000 00000000 
0000000100daecf0	65646f71 746e4972 63617265 6e6f6974 
0000000100daed00	73616850 00000065 00000000 00000000 
0000000100daed10	65646f71 71655272 74736575 63536465 
0000000100daed20	616d6568 00776152 6d726570 69737369 
0000000100daed30	6f4d6e6f 00006564 00000000 00000000 
0000000100daed40	7473616c 69737341 6e617473 73654d74 
0000000100daed50	65676173 00000000 00000000 00000000 
0000000100daed60	6d726570 69737369 75536e6f 73656767 
0000000100daed70	6e6f6974 00000073 00000000 00000000 
0000000100daed80	78756d74 6c616552 646e7542 6449656c 
0000000100daed90	00000000 00000000 00000000 00000000 
0000000100daeda0	78756d74 43736148 696c4343 73746e65 
0000000100daedb0	756d7400 696c4378 54746e65 00007974 
0000000100daedc0	49746967 746e6564 53797469 75746174 
0000000100daedd0	65720073 614e6f70 7700656d 746b726f 
0000000100daede0	4e656572 00656d61 42746967 636e6172 
0000000100daedf0	00000068 00000000 00000000 00000000 
0000000100daee00	72756f73 72506563 63656a6f 6d614e74 
0000000100daee10	00000065 00000000 00000000 00000000 
0000000100daee20	7974746f 656e6150 6e496449 7463656a 
0000000100daee30	70006465 706d6f72 72700074 74706d6f 
0000000100daee40	70736552 65736e6f 00000000 00000000 
0000000100daee50	69746e61 76617267 46797469 796c6c75 
0000000100daee60	656c6449 00000000 00000000 00000000 
0000000100daee70	69746e61 76617267 54797469 696d7265 
0000000100daee80	6974616e 65526e6f 6e6f7361 00000000 
0000000100daee90	69746e61 76617267 49797469 636f766e 
0000000100daeea0	6f697461 6d754e6e 61657400 6d614e6d 
0000000100daeeb0	77615265 65676100 614e746e 7400656d 
0000000100daeec0	6d6d6165 4e657461 52656d61 61007761 
0000000100daeed0	746e6567 61006449 746e6567 65707954 
0000000100daeee0	69686300 6150646c 746e6572 00004449 
0000000100daeef0	6c696863 6e755264 656d6974 73736553 
0000000100daef00	496e6f69 00000044 00000000 00000000 
0000000100daef10	6c696863 6f725064 73736563 61636e49 
0000000100daef20	74616e72 006e6f69 00000000 00000000 
0000000100daef30	6e65706f 65646f63 75716552 49747365 
0000000100daef40	00000064 00000000 00000000 00000000 
0000000100daef50	6e65706f 65646f63 76726553 6f507265 
0000000100daef60	00007472 00000000 00000000 00000000 
0000000100daef70	6e65706f 65646f63 65726150 4449746e 
0000000100daef80	00000000 00000000 00000000 00000000 
0000000100daef90	6e65706f 65646f63 706f7453 72756f53 
0000000100daefa0	6b006563 416f7269 746e6567 656d614e 
0000000100daefb0	00000000 00000000 00000000 00000000 
0000000100daefc0	73727563 6146726f 72756c69 70795465 
0000000100daefd0	72740065 63736e61 74706972 68746150 
0000000100daefe0	00000000 00000000 00000000 00000000 
0000000100daeff0	73727563 654e726f 41736465 6f727070 
0000000100daf000	006c6176 00000000 00000000 00000000 
0000000100daf010	73727563 6957726f 776f646e 646e694b 
0000000100daf020	53736900 65524853 65746f6d 68737300 
0000000100daf030	6f6d6552 6f486574 64497473 00000000 
0000000100daf040	52687373 746f6d65 74754165 69726f68 
0000000100daf050	6f547974 006e656b 00000000 00000000 
0000000100daf060	4c687373 6c61636f 646e7542 6449656c 
0000000100daf070	69746e65 72656966 00000000 00000000 
0000000100daf080	614e7369 65766974 74756f52 70416465 
0000000100daf090	766f7270 00006c61 00000000 00000000 
0000000100daf0a0	6f437369 44786564 746b7365 7544706f 
0000000100daf0b0	75536c61 63616672 70704165 61766f72 
0000000100daf0c0	0000006c 00000000 00000000 00000000 
0000000100daf0d0	65646f63 73654478 706f746b 6c617544 
0000000100daf0e0	66727553 41656361 6f727070 4e6c6176 
0000000100daf0f0	65636e6f 00000000 00000000 00000000 
0000000100daf100	65646f63 73654478 706f746b 656e774f 
0000000100daf110	70704172 61766f72 6e694b6c 00000064 
0000000100daf120	65646f63 73654478 706f746b 656e774f 
0000000100daf130	6f6f5472 6d614e6c 65764f65 64697272 
0000000100daf140	00000065 00000000 00000000 00000000 
0000000100daf150	65646f63 73654478 706f746b 656e774f 
0000000100daf160	6f6f5472 706e496c 764f7475 69727265 
0000000100daf170	00006564 00000000 00000000 00000000 
0000000100daf180	65646f63 73654478 706f746b 656e774f 
0000000100daf190	50434d72 73657250 61746e65 6e6f6974 
0000000100daf1a0	00000000 00000000 00000000 00000000 
0000000100daf1b0	65646f63 73654478 706f746b 656e774f 
0000000100daf1c0	72755472 0064496e 00000000 00000000 
0000000100daf1d0	6b6f6f68 72676e49 52737365 73697665 
0000000100daf1e0	006e6f69 00000000 00000000 00000000 
0000000100daf1f0	6b6f6f68 67676f54 6552656c 69736976 
0000000100daf200	00006e6f 00000000 00000000 00000000 
0000000100daf210	6d726570 69737369 6e496e6f 73657267 
0000000100daf220	76655273 6f697369 0000006e 00000000 
0000000100daf230	646e6570 50676e69 696d7265 6f697373 
0000000100daf240	6275506e 6163696c 6e6f6974 656b6f54 
0000000100daf250	0000006e 00000000 00000000 00000000 
0000000100daf260	6d726570 69737369 6c436e6f 756e6165 
0000000100daf270	74754370 5266666f 73697665 006e6f69 
0000000100daf280	48687373 0074736f 6b6f6f68 73726556 
0000000100daf290	006e6f69 00000000 00000000 00000000 
0000000100daf2a0	6f6d6572 73556574 52656761 4c657461 
0000000100daf2b0	74696d69 77615273 67656c00 50796361 
0000000100daf2c0	6c006469 63616765 79745479 67656c00 
0000000100daf2d0	53796361 75746174 656c0073 79636167 
0000000100daf2e0	6c6f6f54 00000000 00000000 00000000 
0000000100daf2f0	6167656c 65547963 72506d72 6172676f 
0000000100daf300	0000006d 00000000 00000000 00000000 
0000000100daf310	6167656c 74497963 536d7265 69737365 
0000000100daf320	64496e6f 67656c00 49796361 756d5473 
0000000100daf330	00434378 6167656c 6d547963 61507875 
0000000100daf340	6800656e 456b6f6f 746e6576 656d614e 
0000000100daf350	67656c00 45796361 746e6576 74697400 
0000000100daf360	6e00656c 00656e6f 67677573 69747365 
0000000100daf370	00736e6f 6c637865 00656475 6568746f 
0000000100daf380	72745372 75746375 00646572 56776152 
0000000100daf390	65756c61 00000000 00000000 00000000 
0000000100daf3a0	6b656570 6f6c6200 6e696b63 72740067 
0000000100daf3b0	69736e61 00746e65 736f6c63 6d006465 
0000000100daf3c0	61756e61 7078456c 65646e61 65700064 
0000000100daf3d0	73696d72 6e6f6973 65757100 6f697473 
0000000100daf3e0	6f63006e 70616c6c 00006573 00000000 
0000000100daf3f0	65747461 6f69746e 6d65526e 65646e69 
0000000100daf400	61740072 6f436b73 656c706d 00006574 
0000000100daf410	706d6f63 69746361 6f436e6f 656c706d 
0000000100daf420	73006574 75746174 72615773 676e696e 
0000000100daf430	66656400 65727265 76655264 006c6165 
0000000100daf440	4d626174 616d7369 00686374 70616e73 
0000000100daf450	746f6873 6e616843 00646567 756e616d 
0000000100daf460	78456c61 646e6170 766f6800 78457265 
0000000100daf470	646e6170 6f727000 65746f6d 6b656550 
0000000100daf480	6e697000 63636100 65747065 65720064 
0000000100daf490	6e6f7361 78656e00 61745374 66006574 
0000000100daf4a0	7375636f 74636100 53657669 69737365 
0000000100daf4b0	64496e6f 70786500 69736e61 74006e6f 
0000000100daf4c0	72656d69 696c6f50 68007963 7265766f 
0000000100daf4d0	696c6f50 6d007963 61756e61 7561006c 
0000000100daf4e0	72546f74 69736e61 00746e65 74737973 
0000000100daf4f0	73006d65 69737365 70006e6f 63696c6f 
0000000100daf500	73750079 76456465 53746e65 6c6c6568 
0000000100daf510	00000000 00000000 00000000 00000000 
0000000100daf520	75636f66 53646573 69737365 64496e6f 
0000000100daf530	73657300 6e6f6973 73697845 69007374 
0000000100daf540	64694873 006e6564 74617473 73007375 
0000000100daf550	75007465 6168636e 6465676e 6e6f6e00 
0000000100daf560	78650065 646e6170 6e616300 006c6563 
0000000100daf570	726f6873 6f6f4374 776f646c 0000006e 
0000000100daf580	7361656c 61740065 73006b73 69737365 
0000000100daf590	64496e6f 00000000 00000000 00000000 
0000000100daf5a0	746e7572 49656d69 6174736e 4965636e 
0000000100daf5b0	696b0064 6900646e 746e6564 00797469 
0000000100daf5c0	65746e65 41646572 666f0074 65740066 
0000000100daf5d0	6e694d6e 73657475 69687400 4d797472 
0000000100daf5e0	74756e69 6f007365 6f48656e 72007275 
0000000100daf5f0	61567761 0065756c 41004449 61436c6c 
0000000100daf600	00736573 56776152 65756c61 00000000 
0000000100daf610	61727241 74694c79 6c617265 6d656c45 
0000000100daf620	00746e65 6d656c45 00746e65 72707061 
0000000100daf630	6c61766f 65757100 6f697473 6f63006e 
0000000100daf640	656c706d 6e6f6974 00000000 00000000 
0000000100daf650	73736573 496e6f69 65720064 73657571 
0000000100daf660	6e6f4e74 73006563 65706f63 00000000 
0000000100daf670	746e7572 49656d69 6174736e 4965636e 
0000000100daf680	75730064 74696d62 746f6e00 76697250 
0000000100daf690	00657461 6c617473 69725065 65746176 
0000000100daf6a0	6f727000 65646976 69770072 776f646e 
0000000100daf6b0	65640073 74636574 74416465 00000000 
0000000100daf6c0	646e7562 6449656c 65746900 65536d72 
0000000100daf6d0	6f697373 0064496e 6e497369 78756d54 
0000000100daf6e0	756d7400 6e615078 6d740065 6f537875 
0000000100daf6f0	74656b63 68746150 756d6300 726f5778 
0000000100daf700	6170736b 64496563 756d6300 72755378 
0000000100daf710	65636166 63006449 5378756d 656b636f 
0000000100daf720	74615074 00000068 00000000 00000000 
0000000100daf730	6d726574 6c616e69 75636f46 65644973 
0000000100daf740	7469746e 746f0079 61507974 6449656e 
0000000100daf750	74746f00 636f5379 0074656b 00797474 
0000000100daf760	73736573 496e6f69 77630064 69740064 
0000000100daf770	00656c74 77657270 546d7261 656c7469 
0000000100daf780	00000000 00000000 00000000 00000000 
0000000100daf790	69737361 6e617473 73654d74 65676173 
0000000100daf7a0	72617700 676e696e 7373654d 00656761 
0000000100daf7b0	6c696863 506f5464 6e657261 00000074 
0000000100daf7c0	65726170 6f54746e 6c696843 6e657264 
0000000100daf7d0	00000000 00000000 00000000 00000000 
0000000100daf7e0	766f7270 6f697369 436c616e 646c6968 
0000000100daf7f0	00734449 6f697270 79746972 70006449 
0000000100daf800	726f6972 53797469 75746174 00000073 
0000000100daf810	6f697270 79746972 7263694d 7469546f 
0000000100daf820	0000656c 00000000 00000000 00000000 
0000000100daf830	6f697270 79746972 706d6f43 54746361 
0000000100daf840	656c7469 73657300 6e6f6973 6e756f43 
0000000100daf850	00000074 00000000 00000000 00000000 
0000000100daf860	646e6570 41676e69 6f727070 436c6176 
0000000100daf870	746e756f 00000000 00000000 00000000 
0000000100daf880	6b636f6c 6e776f00 00737265 7365735f 
0000000100daf890	6e6f6973 745f0073 476d6165 70756f72 
0000000100daf8a0	00676e69 00000000 00000000 00000000 
0000000100daf8b0	7463615f 53657669 69737365 64496e6f 
0000000100daf8c0	69705f00 6e536c6c 68737061 5f00746f 
0000000100daf8d0	63746f6e 61745368 00737574 7369645f 
0000000100daf8e0	79616c70 74617453 695f0065 6e695073 
0000000100daf8f0	0064656e 00000000 00000000 00000000 
0000000100daf900	65656e5f 654b7364 616f6279 6f466472 
0000000100daf910	00737563 00000000 00000000 00000000 
0000000100daf920	626e6f5f 6472616f 47676e69 49776f6c 
0000000100daf930	6e65746e 79746973 00000000 00000000 
0000000100daf940	626e6f5f 6472616f 47676e69 52776f6c 
0000000100daf950	7461746f 006e6f69 00000000 00000000 
0000000100daf960	626e6f5f 6472616f 43676e69 656e726f 
0000000100daf970	756f4272 0065636e 00000000 00000000 
0000000100daf980	4f73695f 616f626e 6e696472 6f6c4767 
0000000100daf990	74634177 00657669 00000000 00000000 
0000000100daf9a0	4f73695f 616f626e 6e696472 64694867 
0000000100daf9b0	4e676e69 6863746f 00000000 00000000 
0000000100daf9c0	6f68735f 72694677 6e497473 6c617473 
0000000100daf9d0	7365526c 74726174 6e6e6142 00007265 
0000000100daf9e0	6e65705f 676e6964 45454449 6e657478 
0000000100daf9f0	6e6f6973 74736e49 006c6c61 00000000 
0000000100dafa00	6e65705f 676e6964 7474694b 6e6f4379 
0000000100dafa10	49676966 6174736e 00006c6c 00000000 
0000000100dafa20	74696b5f 6f437974 6769666e 74736552 
0000000100dafa30	48747261 56746e69 62697369 0000656c 
0000000100dafa40	646f635f 6f487865 72546b6f 50747375 
0000000100dafa50	706d6f72 6e694674 70726567 746e6972 
0000000100dafa60	00000000 00000000 00000000 00000000 
0000000100dafa70	4f73695f 616f626e 6e696472 6d654467 
0000000100dafa80	0000006f 00000000 00000000 00000000 
0000000100dafa90	6d65645f 7463416f 53657669 69737365 
0000000100dafaa0	64496e6f 00000073 00000000 00000000 
0000000100dafab0	6978655f 616c5074 6565466e 63616264 
0000000100dafac0	6172446b 00737466 00000000 00000000 
0000000100dafad0	73657571 6e6f6974 66617244 6f745374 
0000000100dafae0	00006572 00000000 00000000 00000000 
0000000100dafaf0	636f665f 64657375 73736553 496e6f69 
0000000100dafb00	00000064 00000000 00000000 00000000 
0000000100dafb10	6665645f 65727265 73655364 6e6f6973 
0000000100dafb20	00736449 00000000 00000000 00000000 
0000000100dafb30	636f6c5f 796c6c61 61707942 64657373 
0000000100dafb40	73736553 496e6f69 00007364 00000000 
0000000100dafb50	6f6f725f 73655274 736e6f70 746f4e65 
0000000100dafb60	63696669 6f697461 6f6f436e 6e696472 
0000000100dafb70	726f7461 00000000 00000000 00000000 
0000000100dafb80	6e65705f 676e6964 65646f43 73654478 
0000000100dafb90	706f746b 64616552 00000073 00000000 
0000000100dafba0	61656d5f 65727573 6e6f4364 746e6574 
0000000100dafbb0	67696548 5f007468 6c6c6166 6b636162 
0000000100dafbc0	65726353 5f006e65 61656c63 5470756e 
0000000100dafbd0	72656d69 00000000 00000000 00000000 
0000000100dafbe0	7070615f 61766f72 6568436c 69546b63 
0000000100dafbf0	0072656d 00000000 00000000 00000000 
0000000100dafc00	7475615f 6c6f436f 7370616c 6d695465 
0000000100dafc10	00007265 00000000 00000000 00000000 
0000000100dafc20	7475615f 6c6f436f 7370616c 6e654765 
0000000100dafc30	74617265 006e6f69 00000000 00000000 
0000000100dafc40	646f635f 6f487865 72546b6f 52747375 
0000000100dafc50	65726665 65476873 6172656e 6e6f6974 
0000000100dafc60	00000000 00000000 00000000 00000000 
0000000100dafc70	646f635f 6f487865 72546b6f 50747375 
0000000100dafc80	65626f72 6c466e49 74686769 00000000 
0000000100dafc90	646f635f 6f487865 72546b6f 46747375 
0000000100dafca0	6563726f 66655264 68736572 646e6550 
0000000100dafcb0	00676e69 00000000 00000000 00000000 
0000000100dafcc0	73616c5f 646f4374 6f487865 72546b6f 
0000000100dafcd0	52747375 65726665 74416873 00000000 
0000000100dafce0	73616c5f 646f4374 6f487865 72546b6f 
0000000100dafcf0	50747375 65626f72 00007441 00000000 
0000000100dafd00	646f635f 65447865 6f746b73 72755470 
0000000100dafd10	7079426e 41737361 6f697463 6e49736e 
0000000100dafd20	67696c46 00007468 00000000 00000000 
0000000100dafd30	646f635f 65447865 6f746b73 72755470 
0000000100dafd40	7079426e 50737361 65736572 7461746e 
0000000100dafd50	736e6f69 00000000 00000000 00000000 
0000000100dafd60	6665645f 65727265 63655264 6b636568 
0000000100dafd70	656d6954 615f0072 456f7475 6e617078 
0000000100dafd80	41646564 655f0074 6e617078 41646564 
0000000100dafd90	00000074 00000000 00000000 00000000 
0000000100dafda0	7665725f 656c6165 61745364 57737574 
0000000100dafdb0	696e7261 654b676e 00007379 00000000 
0000000100dafdc0	7665725f 656c6165 646f4364 6f527865 
0000000100dafdd0	756f6c6c 6d6f4374 74656c70 4b6e6f69 
0000000100dafde0	00737965 00000000 00000000 00000000 
0000000100dafdf0	7665725f 656c6165 61735564 694c6567 
0000000100dafe00	5074696d 4b6b6565 00737965 00000000 
0000000100dafe10	7665725f 656c6165 61735564 68546567 
0000000100dafe20	68736572 50646c6f 4b6b6565 00737965 
0000000100dafe30	7665725f 656c6165 61735564 65526567 
0000000100dafe40	50746573 4b6b6565 00737965 00000000 
0000000100dafe50	6173755f 694c6567 5274696d 74657365 
0000000100dafe60	6b656550 6b736154 00000073 00000000 
0000000100dafe70	646f635f 61487865 65526472 43746573 
0000000100dafe80	69646e61 65746164 00000000 00000000 
0000000100dafe90	646f635f 61487865 65526472 56746573 
0000000100dafea0	66697265 74616369 546e6f69 006b7361 
0000000100dafeb0	646f635f 65527865 43746573 69646572 
0000000100dafec0	00007374 00000000 00000000 00000000 
0000000100dafed0	646f635f 65527865 43746573 69646572 
0000000100dafee0	64654c74 00726567 00000000 00000000 
0000000100dafef0	646f635f 6f527865 756f6c6c 6c614674 
0000000100daff00	6361626c 6d6f436b 74656c70 546e6f69 
0000000100daff10	73656d69 00000000 00000000 00000000 
0000000100daff20	6977735f 65686374 67694872 67696c68 
0000000100daff30	64657468 5f006449 636e6163 616c6c65 
0000000100daff40	73656c62 00000000 00000000 00000000 
0000000100daff50	6575715f 68436575 546b6365 736b7361 
0000000100daff60	00000000 00000000 00000000 00000000 
0000000100daff70	6b6f6f68 6e657645 73615474 6961546b 
0000000100daff80	0000736c 00000000 00000000 00000000 
0000000100daff90	6b6f6f68 6e657645 69615474 6e65476c 
0000000100daffa0	74617265 736e6f69 00000000 00000000 
0000000100daffb0	65747461 6f69746e 6d65526e 65646e69 
0000000100daffc0	73615472 0000736b 00000000 00000000 
0000000100daffd0	74746573 4164656c 6e657474 6e6f6974 
0000000100daffe0	696d6552 7265646e 7361654c 00007365 
0000000100dafff0	65747461 6f69746e 6d65526e 65646e69 
0000000100db0000	6f725072 654c6562 73657361 00000000 
0000000100db0010	72696b5f 7265506f 7373696d 486e6f69 
0000000100db0020	54746e69 736b7361 00000000 00000000 
0000000100db0030	6e616d5f 6c6c6175 70784579 65646e61 
0000000100db0040	73644964 73695f00 65766f48 676e6972 
0000000100db0050	00000000 00000000 00000000 00000000 
0000000100db0060	4d73695f 6573756f 654d6e49 6142756e 
0000000100db0070	6e6f5a72 00000065 00000000 00000000 
0000000100db0080	4d73695f 6573756f 78456e49 646e6170 
0000000100db0090	61506465 006c656e 00000000 00000000 
0000000100db00a0	5073695f 69766572 6e697765 6d694467 
0000000100db00b0	69736e65 00736e6f 00000000 00000000 
0000000100db00c0	5073695f 69766572 6e697765 6d6f4367 
0000000100db00d0	74656c70 436e6f69 00647261 00000000 
0000000100db00e0	6572705f 77656976 6f6d6544 706d6f43 
0000000100db00f0	6974656c 65536e6f 6f697373 0000006e 
0000000100db0100	6572705f 77656976 54646e45 72656d69 
0000000100db0110	6f685f00 54726576 72656d69 00000000 
0000000100db0120	766f685f 6f437265 6f646c6f 6e556e77 
0000000100db0130	006c6974 00000000 00000000 00000000 
0000000100db0140	756f6d5f 654c6573 54657661 72656d69 
0000000100db0150	00000000 00000000 00000000 00000000 
0000000100db0160	6c6c6f63 65737061 6c695064 7469486c 
0000000100db0170	626f7250 695f0065 6e694d73 7a696d69 
0000000100db0180	5f006465 656c6469 63656843 6d69546b 
0000000100db0190	5f007265 6f79616c 6f4d7475 00006564 
0000000100db01a0	766f685f 6f547265 61707845 6e45646e 
0000000100db01b0	656c6261 00000064 00000000 00000000 
0000000100db01c0	766f685f 78457265 646e6170 616c6544 
0000000100db01d0	00000079 00000000 00000000 00000000 
0000000100db01e0	7475615f 6c6f436f 7370616c 4d6e4f65 
0000000100db01f0	6573756f 7661654c 00000065 00000000 
0000000100db0200	6172745f 6569736e 6552746e 6c616576 
0000000100db0210	6c657744 6365536c 73646e6f 00000000 
0000000100db0220	7369645f 7373696d 6e617254 6e656973 
0000000100db0230	76655274 4f6c6165 74754f6e 65646973 
0000000100db0240	63696c43 0000006b 00000000 00000000 
0000000100db0250	6968635f 6741646c 4e746e65 6669746f 
0000000100db0260	74616369 546e6f69 6e696d69 00000067 
0000000100db0270	7474615f 69746e65 65526e6f 646e696d 
0000000100db0280	65447265 0079616c 00000000 00000000 
0000000100db0290	7474615f 69746e65 65526e6f 646e696d 
0000000100db02a0	63537265 7365706f 00000000 00000000 
0000000100db02b0	7475615f 7078456f 4f646e61 7361546e 
0000000100db02c0	6d6f436b 74656c70 00000065 00000000 
0000000100db02d0	6d6f635f 74656c70 466e6f69 6873616c 
0000000100db02e0	6b636954 00000000 00000000 00000000 
0000000100db02f0	6d6f635f 74656c70 4f6e6f69 76726576 
0000000100db0300	53776569 006e6565 00000000 00000000 
0000000100db0310	6975715f 63537465 43656e65 6c706d6f 
0000000100db0320	6f697465 6e65506e 676e6964 00000000 
0000000100db0330	7369645f 656c6261 63696c43 4a6f546b 
0000000100db0340	00706d75 00000000 00000000 00000000 
0000000100db0350	6e6f635f 746e6574 746e6f46 657a6953 
0000000100db0360	00000000 00000000 00000000 00000000 
0000000100db0370	6d6f635f 74656c70 436e6f69 4d647261 
0000000100db0380	65487861 74686769 00000000 00000000 
0000000100db0390	78616d5f 61707845 6465646e 67696548 
0000000100db03a0	00007468 00000000 00000000 00000000 
0000000100db03b0	78616d5f 61707845 6465646e 74646957 
0000000100db03c0	00000068 00000000 00000000 00000000 
0000000100db03d0	746f6e5f 65486863 74686769 7366664f 
0000000100db03e0	00007465 00000000 00000000 00000000 
0000000100db03f0	746f6e5f 69576863 4f687464 65736666 
0000000100db0400	00000074 00000000 00000000 00000000 
0000000100db0410	6469685f 466e4965 736c6c75 65657263 
0000000100db0420	0000006e 00000000 00000000 00000000 
0000000100db0430	4973695f 6c75466e 7263736c 536e6565 
0000000100db0440	65636170 00000000 00000000 00000000 
0000000100db0450	7475615f 6469486f 65685765 6c64496e 
0000000100db0460	695f0065 74754173 6469486f 006e6564 
0000000100db0470	7475615f 6469486f 73615465 0000006b 
0000000100db0480	6173755f 63416567 6e756f63 6f745374 
0000000100db0490	00006572 00000000 00000000 00000000 
0000000100db04a0	6573755f 6c655372 65746365 61735564 
0000000100db04b0	72506567 6469766f 00007265 00000000 
0000000100db04c0	6172745f 6569736e 7355746e 50656761 
0000000100db04d0	69766f72 00726564 00000000 00000000 
0000000100db04e0	6e617274 6e656973 61735574 72506567 
0000000100db04f0	6469766f 65527265 54746573 006b7361 
0000000100db0500	6173755f 65466567 54686374 006b7361 
0000000100db0510	67617375 6f725065 65646976 66655272 
0000000100db0520	68736572 6e616c50 0072656e 00000000 
0000000100db0530	6e65705f 676e6964 63746546 6c654468 
0000000100db0540	5f007961 776f6873 67617355 00000065 
0000000100db0550	6173755f 68546567 68736572 50646c6f 
0000000100db0560	456b6565 6c62616e 00006465 00000000 
0000000100db0570	6173755f 68546567 68736572 50646c6f 
0000000100db0580	506b6565 65637265 0000746e 00000000 
0000000100db0590	6173755f 63416567 61766974 54646574 
0000000100db05a0	53736968 69737365 00006e6f 00000000 
0000000100db05b0	5573695f 65676173 69746341 69746176 
0000000100db05c0	0000676e 00000000 00000000 00000000 
0000000100db05d0	6173755f 69446567 616c7073 79745379 
0000000100db05e0	5f00656c 67617375 6c615665 6f4d6575 
0000000100db05f0	00006564 00000000 00000000 00000000 
0000000100db0600	626f245f 76726573 6f697461 6765526e 
0000000100db0610	72747369 69007261 69740064 00656c74 
0000000100db0620	61746564 70006c69 69766f72 00726564 
0000000100db0630	6576656c 6f73006c 65637275 004c5255 
0000000100db0640	65747461 6f69746e 6d65526e 65646e69 
0000000100db0650	61740072 6f436b73 656c706d 00006574 
0000000100db0660	706d6f63 69746361 6f436e6f 656c706d 
0000000100db0670	73006574 75746174 72615773 676e696e 
0000000100db0680	61737500 694c6567 0074696d 736f6c63 
0000000100db0690	70006465 006b6565 61707865 6465646e 
0000000100db06a0	73626f00 65767265 00744164 00000000 
0000000100db06b0	746e7572 49656d69 6174736e 4965636e 
0000000100db06c0	6f740064 006e656b 6b736174 6d6f6300 
0000000100db06d0	74636170 726f6e00 006c616d 64616568 
0000000100db06e0	6e497265 656e696c 666e6900 7261426f 
0000000100db06f0	6e697200 64614267 75006567 00646573 
0000000100db0700	616d6572 6e696e69 61520067 6c615677 
0000000100db0710	41006575 61436c6c 00736573 6f666e69 
0000000100db0720	72617700 676e696e 69726300 61636974 
0000000100db0730	0000006c 00000000 00000000 00000000 
0000000100db0740	6172645f 00737466 6275735f 7474696d 
0000000100db0750	00676e69 00000000 00000000 00000000 
0000000100db0760	626f245f 76726573 6f697461 6765526e 
0000000100db0770	72747369 73007261 69737365 64496e6f 
0000000100db0780	00000000 00000000 00000000 00000000 
0000000100db0790	746e7572 49656d69 6174736e 4965636e 
0000000100db07a0	65720064 73657571 00644974 72727563 
0000000100db07b0	49746e65 7865646e 73657200 736e6f70 
0000000100db07c0	73007365 63656c65 4c646574 6c656261 
0000000100db07d0	75630073 6d6f7473 74786554 00000000 
0000000100db07e0	74617473 72007365 52746f6f 6f707365 
0000000100db07f0	7365736e 00000000 00000000 00000000 
0000000100db0800	436c6c61 646c6968 466e6572 73696e69 
0000000100db0810	00646568 00000000 00000000 00000000 
0000000100db0820	72657665 69684379 6f43646c 656c706d 
0000000100db0830	6e6f6974 6c6c4100 65736143 61520073 
0000000100db0840	6c615677 00006575 00000000 00000000 
0000000100db0850	746e7572 49656d69 6174736e 4965636e 
0000000100db0860	00000064 00000000 00000000 00000000 
0000000100db0870	70736572 65736e6f 69766552 6e6f6973 
0000000100db0880	00000000 00000000 00000000 00000000 
0000000100db0890	7473616c 70736552 65736e6f 6e656449 
0000000100db08a0	79746974 00000000 00000000 00000000 
0000000100db08b0	7473616c 69746f4e 64656966 69766552 
0000000100db08c0	6e6f6973 00000000 00000000 00000000 
0000000100db08d0	7473616c 77656956 65526465 69736976 
0000000100db08e0	62006e6f 6d616365 726e5565 41646165 
0000000100db08f0	00000074 00000000 00000000 00000000 
0000000100db0900	746f6f72 6e727554 656e6547 69746172 
0000000100db0910	00006e6f 00000000 00000000 00000000 
0000000100db0920	616e6966 746f4e6c 65696669 69684364 
0000000100db0930	6547646c 6172656e 6e6f6974 00000000 
0000000100db0940	616e6966 746f4e6c 65696669 6f6f5264 
0000000100db0950	72755474 6e65476e 74617265 006e6f69 
0000000100db0960	69766572 6e6f6973 73657300 6e6f6973 
0000000100db0970	00006449 00000000 00000000 00000000 
0000000100db0980	70736572 65736e6f 6e656449 79746974 
0000000100db0990	646f6d00 00000065 00000000 00000000 
0000000100db09a0	6c696863 65725464 6e654765 74617265 
0000000100db09b0	006e6f69 00000000 00000000 00000000 
0000000100db09c0	6c696863 66694c64 63796365 6552656c 
0000000100db09d0	69736976 00006e6f 00000000 00000000 
0000000100db09e0	6c696863 65725464 73614865 68747541 
0000000100db09f0	7469726f 76697461 69684365 6572646c 
0000000100db0a00	0000006e 00000000 00000000 00000000 
0000000100db0a10	6e6e7572 41676e69 6f687475 61746972 
0000000100db0a20	65766974 6c696843 756f4364 0000746e 
0000000100db0a30	53736168 54656d61 41656572 6e657474 
0000000100db0a40	6e6f6974 76657200 506c6165 72676f72 
0000000100db0a50	00737365 65766572 69466c61 006c616e 
0000000100db0a60	61647075 6e4f6574 0000796c 00000000 
0000000100db0a70	65666564 726f4672 65747441 6f69746e 
0000000100db0a80	7564006e 63696c70 00657461 00000000 
0000000100db0a90	65766572 68436c61 50646c69 72676f72 
0000000100db0aa0	00737365 61647075 68436574 4f646c69 
0000000100db0ab0	00796c6e 00000000 00000000 00000000 
0000000100db0ac0	6176615f 62616c69 6353656c 6e656572 
0000000100db0ad0	735f0073 63656c65 53646574 65657263 
0000000100db0ae0	745f006e 65677261 745f0074 69447069 
0000000100db0af0	73696d73 00646573 7069745f 776f6853 
0000000100db0b00	0074416e 7263735f 4f6e6565 72657362 
0000000100db0b10	00726576 00000000 00000000 00000000 
0000000100db0b20	7263735f 436e6565 676e6168 73615465 
0000000100db0b30	665f006b 7375636f 6573624f 72657672 
0000000100db0b40	00000000 00000000 00000000 00000000 
0000000100db0b50	636f665f 65447375 6e756f62 61546563 
0000000100db0b60	00006b73 00000000 00000000 00000000 
0000000100db0b70	73616c5f 72635374 436e6565 746e756f 
0000000100db0b80	00000000 00000000 00000000 00000000 
0000000100db0b90	73616c5f 6c655374 65746365 61724664 
0000000100db0ba0	0000656d 00000000 00000000 00000000 
0000000100db0bb0	73616c5f 6c655374 65746365 73694464 
0000000100db0bc0	79616c70 00004449 00000000 00000000 
0000000100db0bd0	626f245f 76726573 6f697461 6765526e 
0000000100db0be0	72747369 70007261 656e6e69 616d0064 
0000000100db0bf0	69446e69 616c7073 6f660079 776f6c6c 
0000000100db0c00	75636f46 65680073 72656461 65757100 
0000000100db0c10	6f697473 706f006e 6e6f6974 756d0073 
0000000100db0c20	5369746c 63656c65 73690074 72636553 
0000000100db0c30	00007465 00000000 00000000 00000000 
0000000100db0c40	00006469 00000000 00000000 00000000 
0000000100db0c50	746e7572 49656d69 6174736e 4965636e 
0000000100db0c60	00000064 00000000 00000000 00000000 
0000000100db0c70	7473616c 636f7250 65737365 6f6f4864 
0000000100db0c80	676e496b 73736572 69766552 6e6f6973 
0000000100db0c90	00000000 00000000 00000000 00000000 
0000000100db0ca0	7473616c 636f7250 65737365 72655064 
0000000100db0cb0	7373696d 496e6f69 6572676e 65527373 
0000000100db0cc0	69736976 63006e6f 74616572 74416465 
0000000100db0cd0	73616c00 74634174 74697669 00744179 
0000000100db0ce0	74617473 00007375 00000000 00000000 
0000000100db0cf0	73657571 6e6f6974 7563634f 6e657272 
0000000100db0d00	65526563 69736976 63006e6f 72006477 
0000000100db0d10	4e6f7065 00656d61 6b726f77 65657274 
0000000100db0d20	656d614e 74696700 6e617242 66006863 
0000000100db0d30	74737269 00647743 68636e61 6552726f 
0000000100db0d40	614e6f70 0000656d 00000000 00000000 
0000000100db0d50	72756f73 72506563 63656a6f 6d614e74 
0000000100db0d60	75630065 6e657272 6f6f5474 6f74006c 
0000000100db0d70	61546c6f 74656772 6f6f7400 706e496c 
0000000100db0d80	00007475 00000000 00000000 00000000 
0000000100db0d90	73657571 6e6f6974 6c6f6f54 49657355 
0000000100db0da0	00000064 00000000 00000000 00000000 
0000000100db0db0	69746e61 76617267 41797469 6e657474 
0000000100db0dc0	6e6f6974 70657453 65646e49 61630078 
0000000100db0dd0	64656863 73657551 6e6f6974 69700073 
0000000100db0de0	74740064 65740079 72506d72 6172676f 
0000000100db0df0	0000006d 00000000 00000000 00000000 
0000000100db0e00	74736f68 6b726f57 63617073 73694465 
0000000100db0e10	79616c70 656d614e 65746900 65536d72 
0000000100db0e20	6f697373 0064496e 00000000 00000000 
0000000100db0e30	72657469 7365536d 6e6f6973 6f536449 
0000000100db0e40	65637275 72657400 7365536d 6e6f6973 
0000000100db0e50	69006449 756d5473 00434378 6e497369 
0000000100db0e60	78756d54 756d7400 6e615078 6d740065 
0000000100db0e70	6f537875 74656b63 68746150 00000000 
0000000100db0e80	78756d74 74736f48 666e6f43 656d7269 
0000000100db0e90	696b0064 57797474 6f646e69 00644977 
0000000100db0ea0	7474696b 73694c79 4f6e6574 0000006e 
0000000100db0eb0	6c6c657a 65536a69 6f697373 6d614e6e 
0000000100db0ec0	657a0065 6a696c6c 656e6150 69006449 
0000000100db0ed0	486e4973 72647265 72656800 61507264 
0000000100db0ee0	6449656e 72656800 61547264 00644962 
0000000100db0ef0	64726568 726f5772 6170736b 64496563 
0000000100db0f00	72656800 6f537264 74656b63 68746150 
0000000100db0f10	00000000 00000000 00000000 00000000 
0000000100db0f20	646e7562 6449656c 69746e65 72656966 
0000000100db0f30	73617000 67416f65 49746e65 00000064 
0000000100db0f40	696d6461 6f697373 6e75426e 49656c64 
0000000100db0f50	746e6564 65696669 69007372 69576564 
0000000100db0f60	776f646e 00006449 00000000 00000000 
0000000100db0f70	73727563 6957726f 776f646e 646e694b 
0000000100db0f80	756d6300 726f5778 6170736b 64496563 
0000000100db0f90	756d6300 72755378 65636166 63006449 
0000000100db0fa0	5378756d 656b636f 74615074 00000068 
0000000100db0fb0	6d726574 6c616e69 75636f46 65644973 
0000000100db0fc0	7469746e 65770079 7265747a 636f536d 
0000000100db0fd0	0074656b 747a6577 506d7265 00656e61 
0000000100db0fe0	747a6577 576d7265 6f646e69 00644977 
0000000100db0ff0	7974746f 6b636f53 6f007465 50797474 
0000000100db1000	49656e61 61770064 61507072 5555656e 
0000000100db1010	77004449 46707261 7375636f 004c5255 
0000000100db1020	65507369 6e69646e 72694667 63417473 
0000000100db1030	69766974 69007974 73655273 65726f74 
0000000100db1040	00000064 00000000 00000000 00000000 
0000000100db1050	52736177 6f747365 46646572 446d6f72 
0000000100db1060	006b7369 6e497369 72726574 65747075 
0000000100db1070	00000064 00000000 00000000 00000000 
0000000100db1080	74617473 61577375 6e696e72 73654d67 
0000000100db1090	65676173 00000000 00000000 00000000 
0000000100db10a0	74617473 61577375 6e696e72 63634f67 
0000000100db10b0	65727275 5265636e 73697665 006e6f69 
0000000100db10c0	53537369 6d655248 0065746f 52687373 
0000000100db10d0	746f6d65 736f4865 00644974 00000000 
0000000100db10e0	52687373 746f6d65 74754165 69726f68 
0000000100db10f0	65477974 6172656e 6e6f6974 00000000 
0000000100db1100	6f437369 6361706d 6d6f4374 74656c70 
0000000100db1110	00000065 00000000 00000000 00000000 
0000000100db1120	69746361 6f436576 6361706d 6e6f6974 
0000000100db1130	00000000 00000000 00000000 00000000 
0000000100db1140	706d6f63 69746361 7453676e 65747261 
0000000100db1150	00744164 00000000 00000000 00000000 
0000000100db1160	614d7369 65654e79 74744164 69746e65 
0000000100db1170	00006e6f 00000000 00000000 00000000 
0000000100db1180	65646f63 6f6f4878 7265506b 7373696d 
0000000100db1190	416e6f69 76697463 00000065 00000000 
0000000100db11a0	65646f63 73654478 706f746b 6974614e 
0000000100db11b0	70416576 766f7270 68546c61 64616572 
0000000100db11c0	00006449 00000000 00000000 00000000 
0000000100db11d0	65646f63 73654478 706f746b 6974614e 
0000000100db11e0	70416576 766f7270 75546c61 64496e72 
0000000100db11f0	00000000 00000000 00000000 00000000 
0000000100db1200	65646f63 73654478 706f746b 6974614e 
0000000100db1210	70416576 766f7270 65526c61 73657571 
0000000100db1220	6e6f4e74 00006563 00000000 00000000 
0000000100db1230	65646f63 73654478 706f746b 6974614e 
0000000100db1240	70416576 766f7270 774f6c61 5272656e 
0000000100db1250	79646165 00000000 00000000 00000000 
0000000100db1260	65646f63 73654478 706f746b 6974614e 
0000000100db1270	70416576 766f7270 75536c61 73696d62 
0000000100db1280	6e6f6973 656b6f54 0000006e 00000000 
0000000100db1290	65646f63 73654478 706f746b 6974614e 
0000000100db12a0	70416576 766f7270 694b6c61 0000646e 
0000000100db12b0	65646f63 73654478 706f746b 6974614e 
0000000100db12c0	434d6576 65725050 746e6573 6f697461 
0000000100db12d0	0000006e 00000000 00000000 00000000 
0000000100db12e0	7473616c 65746e49 70757272 69755574 
0000000100db12f0	6f730064 65637275 6f6f6800 6e6f436b 
0000000100db1300	49676966 65740064 614e6d61 6100656d 
0000000100db1310	746e6567 656d614e 00000000 00000000 
0000000100db1320	77617073 5464656e 6d6d6165 50657461 
0000000100db1330	73656e61 00000000 00000000 00000000 
0000000100db1340	65666e69 64657272 65726150 6449746e 
0000000100db1350	74636100 53657669 67616275 73746e65 
0000000100db1360	00000000 00000000 00000000 00000000 
0000000100db1370	6c696863 65725464 6e654765 74617265 
0000000100db1380	006e6f69 00000000 00000000 00000000 
0000000100db1390	6c696863 66694c64 63796365 6552656c 
0000000100db13a0	69736976 00006e6f 00000000 00000000 
0000000100db13b0	6c696863 65725464 73614865 68747541 
0000000100db13c0	7469726f 76697461 69684365 6572646c 
0000000100db13d0	696b006e 67416f72 4e746e65 00656d61 
0000000100db13e0	6e65706f 65646f63 75716552 49747365 
0000000100db13f0	00000064 00000000 00000000 00000000 
0000000100db1400	6e65706f 65646f63 76726553 6f507265 
0000000100db1410	00007472 00000000 00000000 00000000 
0000000100db1420	6e65706f 65646f43 65726150 4449746e 
0000000100db1430	646f6300 724f7865 6e696769 726f7461 
0000000100db1440	00000000 00000000 00000000 00000000 
0000000100db1450	65646f63 72685478 53646165 6372756f 
0000000100db1460	00000065 00000000 00000000 00000000 
0000000100db1470	65646f63 746f4e78 54796669 61657268 
0000000100db1480	00644964 00000000 00000000 00000000 
0000000100db1490	65646f63 6c6f5278 74756f6c 68746150 
0000000100db14a0	646f6300 72577865 72657469 00646950 
0000000100db14b0	65646f63 69724f78 006e6967 00000000 
0000000100db14c0	69746e61 76617267 54797469 736e6172 
0000000100db14d0	70697263 74615074 6c630068 65647561 
0000000100db14e0	6769724f 00006e69 00000000 00000000 
0000000100db14f0	6f776f63 6c436b72 73655369 6e6f6973 
0000000100db1500	00006449 00000000 00000000 00000000 
0000000100db1510	65646f63 62755378 6e656761 6e694b74 
0000000100db1520	00000064 00000000 00000000 00000000 
0000000100db1530	65646f63 62755378 6e656761 72615074 
0000000100db1540	54746e65 61657268 00644964 00000000 
0000000100db1550	65646f63 62755378 6e656761 63694e74 
0000000100db1560	6d616e6b 00000065 00000000 00000000 
0000000100db1570	65646f63 62755378 6e656761 6c6f5274 
0000000100db1580	00000065 00000000 00000000 00000000 
0000000100db1590	77417369 69746961 7845676e 63696c70 
0000000100db15a0	73557469 75547265 00006e72 00000000 
0000000100db15b0	6b736564 43706f74 65766e6f 74617372 
0000000100db15c0	466e6f69 65676e69 69727072 0000746e 
0000000100db15d0	6e65706f 69736544 65526e67 63616c70 
0000000100db15e0	6e656d65 79654b74 00000000 00000000 
0000000100db15f0	75616c63 65446564 6f746b73 73655370 
0000000100db1600	6e6f6973 00006449 00000000 00000000 
0000000100db1610	75616c63 65446564 6f746b73 6d6f4370 
0000000100db1620	74656c70 75546465 00736e72 736e6573 
0000000100db1630	5079726f 63696c6f 69770079 776f646e 
0000000100db1640	65646e49 61740078 646e4962 74007865 
0000000100db1650	614e6261 7300656d 69737365 614e6e6f 
0000000100db1660	0000656d 00000000 00000000 00000000 
0000000100db1670	72707061 6c61766f 65746e45 41646572 
0000000100db1680	00000074 00000000 00000000 00000000 
0000000100db1690	72707061 6c61766f 6e6f734a 646f4d6c 
0000000100db16a0	656d6954 00000000 00000000 00000000 
0000000100db16b0	72707061 6c61766f 6d69744d 61684365 
0000000100db16c0	4365676e 746e756f 00000000 00000000 
0000000100db16d0	65646f63 6f6f4878 7265506b 7373696d 
0000000100db16e0	546e6f69 556c6f6f 64496573 00000000 
0000000100db16f0	75616c63 614e6564 65766974 6d726550 
0000000100db1700	69737369 6f4d6e6f 00006564 00000000 
0000000100db1710	75616c63 65506564 73696d72 6e6f6973 
0000000100db1720	65646f4d 6f666542 6c506572 72006e61 
0000000100db1730	69746e75 7250656d 6c69666f 00000065 
0000000100db1740	65646f63 76655278 65776569 6e6f4372 
0000000100db1750	00676966 6e727574 6e756f43 6f740074 
0000000100db1760	73556c6f 756f4365 0000746e 00000000 
0000000100db1770	6573626f 64657672 65646f43 6f6f5478 
0000000100db1780	6c61436c 7364496c 00000000 00000000 
0000000100db1790	73736573 416e6f69 6f727070 436c6176 
0000000100db17a0	746e756f 65766500 70794272 65737361 
0000000100db17b0	00000064 00000000 00000000 00000000 
0000000100db17c0	766e6f63 61737265 6e6f6974 6f666e49 
0000000100db17d0	73617400 616e536b 6f687370 6c610074 
0000000100db17e0	65776f6c 6f725064 7374706d 616c7000 
0000000100db17f0	7469546e 7000656c 436e616c 65746e6f 
0000000100db1800	0000746e 00000000 00000000 00000000 
0000000100db1810	6d726570 69737369 75536e6f 73656767 
0000000100db1820	6e6f6974 75730073 63616672 6f630065 
0000000100db1830	63656e6e 4e726f74 00656d61 67726174 
0000000100db1840	70007465 69737265 6f4d7473 00736564 
0000000100db1850	68004449 456b6f6f 7269766e 656d6e6f 
0000000100db1860	7400746e 5078756d 4d656e61 69707061 
0000000100db1870	6300676e 616d6d6f 6600646e 43656c69 
0000000100db1880	676e6168 636d0065 6f6f5470 6c61436c 
0000000100db1890	6570006c 73696d72 6e6f6973 65640073 
0000000100db18a0	6f746b73 6c630070 78650069 73006365 
0000000100db18b0	67616275 00746e65 53707061 65767265 
0000000100db18c0	6e750072 776f6e6b 6f63006e 6b726f77 
0000000100db18d0	73657300 6e6f6973 776c6100 00737961 
0000000100db18e0	656e6567 00636972 776f7262 4f726573 
0000000100db18f0	69676972 6f63006e 7475706d 73557265 
0000000100db1900	67610065 53746e65 6372756f 6f6d0065 
0000000100db1910	466c6564 6c696d61 65700079 73696d72 
0000000100db1920	6e6f6973 65646f4d 646f6300 65527865 
0000000100db1930	77656976 6d007265 69746c75 78656c70 
0000000100db1940	69007265 45444973 65747845 6f69736e 
0000000100db1950	7369006e 6d616554 626d654d 77007265 
0000000100db1960	65527361 726f7473 64006465 74617275 
0000000100db1970	536e6f69 6e6f6365 74007364 436b7361 
0000000100db1980	746e756f 70706100 61766f72 756f436c 
0000000100db1990	7300746e 67616275 43746e65 746e756f 
0000000100db19a0	77615200 756c6156 00000065 00000000 
0000000100db19b0	74696177 46676e69 6e49726f 00747570 
0000000100db19c0	636f7270 69737365 7400676e 6b6e6968 
0000000100db19d0	00676e69 6e6e7572 54676e69 006c6f6f 
0000000100db19e0	74696177 46676e69 7041726f 766f7270 
0000000100db19f0	71006c61 74736575 006e6f69 706d6f63 
0000000100db1a00	69746361 6500676e 6465646e 6b6e7500 
0000000100db1a10	6e776f6e 77615200 756c6156 64690065 
0000000100db1a20	73617400 6f6f526b 4c525574 62757300 
0000000100db1a30	7463656a 73656400 70697263 6e6f6974 
0000000100db1a40	61747300 00737574 69746361 6f466576 
0000000100db1a50	62006d72 6b636f6c 79426465 6e776f00 
0000000100db1a60	69007265 6e730064 68737061 7200746f 
0000000100db1a70	63656a65 00646574 48746f6e 6c646e61 
0000000100db1a80	70006465 75646f72 49726563 65720044 
0000000100db1a90	6e6f7361 65746900 7000736d 75646f72 
0000000100db1aa0	49726563 64690044 62757300 7463656a 
0000000100db1ab0	73656400 70697263 6e6f6974 61747300 
0000000100db1ac0	00737574 69746361 6f466576 62006d72 
0000000100db1ad0	6b636f6c 79426465 6e776f00 49007265 
0000000100db1ae0	65700044 6e69646e 6e690067 676f7250 
0000000100db1af0	73736572 6d6f6300 74656c70 52006465 
0000000100db1b00	61567761 0065756c 73006469 63617075 
0000000100db1b10	0065646f 6163726f 70757300 65737265 
0000000100db1b20	6f630074 6375646e 00726f74 6b726f77 
0000000100db1b30	63617073 00644965 73736573 496e6f69 
0000000100db1b40	6f770064 70736b72 50656361 00687461 
0000000100db1b50	6d726574 6c616e69 77006449 746b726f 
0000000100db1b60	49656572 61740064 00644962 66727573 
0000000100db1b70	49656361 6f730064 74656b63 68746150 
0000000100db1b80	72657400 616e696d 6e61486c 00656c64 
0000000100db1b90	656e6170 0079654b 6b726f77 63617073 
0000000100db1ba0	6f6f5265 00000074 00000000 00000000 
0000000100db1bb0	73756f6d 696c4365 75536b63 63656a62 
0000000100db1bc0	00000074 00000000 00000000 00000000 
0000000100db1bd0	626f6c67 6c436c61 4d6b6369 74696e6f 
0000000100db1be0	0000726f 00000000 00000000 00000000 
0000000100db1bf0	6b6f6f68 65636552 64657669 00000000 
0000000100db1c00	6d726570 69737369 70416e6f 766f7270 
0000000100db1c10	00006465 00000000 00000000 00000000 
0000000100db1c20	6d726570 69737369 65446e6f 6465696e 
0000000100db1c30	00000000 00000000 00000000 00000000 
0000000100db1c40	6d726570 69737369 6f536e6f 74656b63 
0000000100db1c50	6c696146 00006465 00000000 00000000 
0000000100db1c60	73657571 6e6f6974 77736e41 64657265 
0000000100db1c70	73657300 6e6f6973 65646e45 00000064 
0000000100db1c80	65646f63 73655378 6e6f6973 72617453 
0000000100db1c90	00000074 00000000 00000000 00000000 
0000000100db1ca0	65646f63 61745378 43737574 676e6168 
0000000100db1cb0	00000065 00000000 00000000 00000000 
0000000100db1cc0	65646f63 6f6f5478 73624f6c 65767265 
0000000100db1cd0	6f630064 49786564 556f666e 74616470 
0000000100db1ce0	00000065 00000000 00000000 00000000 
0000000100db1cf0	65646f63 61745378 57737574 696e7261 
0000000100db1d00	0000676e 00000000 00000000 00000000 
0000000100db1d10	65646f63 6e755278 656d6974 666f7250 
0000000100db1d20	55656c69 74616470 00000065 00000000 
0000000100db1d30	65646f63 74695478 7055656c 65746164 
0000000100db1d40	00000000 00000000 00000000 00000000 
0000000100db1d50	65646f63 74655378 4e79614d 41646565 
0000000100db1d60	6e657474 6e6f6974 00000000 00000000 
0000000100db1d70	75616c63 6f436564 6b726f77 61647055 
0000000100db1d80	00006574 00000000 00000000 00000000 
0000000100db1d90	6e65706f 65646f63 73736553 536e6f69 
0000000100db1da0	74726174 00000000 00000000 00000000 
0000000100db1db0	6e65706f 65646f63 74617453 68437375 
0000000100db1dc0	65676e61 00000000 00000000 00000000 
0000000100db1dd0	6e65706f 65646f63 6c746954 64705565 
0000000100db1de0	00657461 00000000 00000000 00000000 
0000000100db1df0	6e65706f 65646f63 65646f4d 6470556c 
0000000100db1e00	00657461 00000000 00000000 00000000 
0000000100db1e10	6e65706f 65646f63 6d726550 69737369 
0000000100db1e20	73416e6f 0064656b 00000000 00000000 
0000000100db1e30	6e65706f 65646f63 73657551 6e6f6974 
0000000100db1e40	656b7341 00000064 00000000 00000000 
0000000100db1e50	61656c63 5270756e 65757165 64657473 
0000000100db1e60	00000000 00000000 00000000 00000000 
0000000100db1e70	746e7572 49656d69 6174736e 4965636e 
0000000100db1e80	616c0064 63417473 69766974 74417974 
0000000100db1e90	61747300 00737574 00000000 00000000 
0000000100db1ea0	6b6f6f68 72676e49 52737365 73697665 
0000000100db1eb0	006e6f69 00000000 00000000 00000000 
0000000100db1ec0	48776172 496b6f6f 6572676e 75437373 
0000000100db1ed0	66666f74 00000000 00000000 00000000 
0000000100db1ee0	6d726570 69737369 6e496e6f 73657267 
0000000100db1ef0	76655273 6f697369 0000006e 00000000 
0000000100db1f00	50776172 696d7265 6f697373 676e496e 
0000000100db1f10	73736572 6f747543 00006666 00000000 
0000000100db1f20	63617274 6900736b 74615773 6e696863 
0000000100db1f30	00000067 00000000 00000000 00000000 
0000000100db1f40	61507369 64657375 53726f46 7065656c 
0000000100db1f50	50736900 696c6c6f 7000676e 546c6c6f 
0000000100db1f60	72656d69 00000000 00000000 00000000 
0000000100db1f70	65656c73 73624f70 65767265 6b6f5472 
0000000100db1f80	73006e65 75746174 616c0073 69547473 
0000000100db1f90	7473656d 00706d61 73736573 496e6f69 
0000000100db1fa0	75610064 50746964 00687461 00647763 
0000000100db1fb0	6c746974 6c630065 73655369 6e6f6973 
0000000100db1fc0	69006449 63724173 65766968 746d0064 
0000000100db1fd0	00656d69 00000000 00000000 00000000 
0000000100db1fe0	6b736564 53706f74 69737365 64496e6f 
0000000100db1ff0	6c630073 73655369 6e6f6973 00736449 
0000000100db2000	6b736564 53706f74 69737365 64496e6f 
0000000100db2010	4c437942 61520049 6c615677 00006575 
0000000100db2020	6f626564 65636e75 6b736154 74636100 
0000000100db2030	00657669 68637261 64657669 00000000 
0000000100db2040	6b736564 53706f74 69737365 64496e6f 
0000000100db2050	696c6300 73736553 496e6f69 69740064 
0000000100db2060	00656c74 706d6f63 6574656c 72755464 
0000000100db2070	7300736e 69737365 64496e6f 41736900 
0000000100db2080	69686372 00646576 73736573 736e6f69 
0000000100db2090	00000000 00000000 00000000 00000000 
0000000100db20a0	68637261 64657669 73736553 736e6f69 
0000000100db20b0	00000000 00000000 00000000 00000000 
0000000100db20c0	7473616c 6e727554 65707954 45736900 
0000000100db20d0	726f7272 73616c00 65735574 73654d72 
0000000100db20e0	65676173 00000000 00000000 00000000 
0000000100db20f0	7473616c 69737341 6e617473 73654d74 
0000000100db2100	65676173 74616c00 54747365 73656d69 
0000000100db2110	706d6174 73616800 54796e41 006e7275 
0000000100db2120	646e6570 51676e69 74736575 496e6f69 
0000000100db2130	7475706e 78657400 00000074 00000000 
0000000100db2140	516b7361 74736575 496e6f69 7475706e 
0000000100db2150	6c6f7200 6f630065 6e65746e 79740074 
0000000100db2160	6d006570 61737365 72006567 6c757365 
0000000100db2170	75610074 54746964 73656d69 706d6174 
0000000100db2180	74697400 6300656c 6d006477 6c65646f 
0000000100db2190	696c6300 73736553 496e6f69 73690064 
0000000100db21a0	68637241 64657669 73616c00 74634174 
0000000100db21b0	74697669 00744179 656d616e 706e6900 
0000000100db21c0	52007475 61567761 0065756c 00000000 
0000000100db21d0	66656424 746c7561 6f746341 65770072 
0000000100db21e0	636f5362 5474656b 006b7361 536c7275 
0000000100db21f0	69737365 72006e6f 69656365 6f4c6576 
0000000100db2200	6154706f 68006b73 74726165 74616562 
0000000100db2210	6b736154 43736900 656e6e6f 64657463 
0000000100db2220	78656e00 71655274 74736575 70006449 
0000000100db2230	69646e65 6552676e 73657571 00007374 
0000000100db2240	75716572 54747365 6f656d69 65537475 
0000000100db2250	646e6f63 00000073 00000000 00000000 
0000000100db2260	72616568 61656274 746e4974 61767265 
0000000100db2270	6365536c 73646e6f 4e6e6f00 6669746f 
0000000100db2280	74616369 006e6f69 00000000 00000000 
0000000100db2290	70416e6f 766f7270 65526c61 73657571 
0000000100db22a0	6e6f0074 63736944 656e6e6f 69007463 
0000000100db22b0	7300746e 6e697274 00000067 00000000 
0000000100db22c0	74696e69 696c6169 6146657a 64656c69 
0000000100db22d0	71657200 74736575 656d6954 0074756f 
0000000100db22e0	76726573 72457265 00726f72 43746f6e 
0000000100db22f0	656e6e6f 64657463 766e6900 64696c61 
0000000100db2300	70736552 65736e6f 62657700 6b636f53 
0000000100db2310	6c437465 6465736f 636e6500 6e69646f 
0000000100db2320	69614667 0064656c 00000000 00000000 
0000000100db2330	5273695f 696e6e75 5f00676e 6f437369 
0000000100db2340	63656e6e 00646574 726f705f 00000074 
0000000100db2350	6e6f635f 7463656e 456e6f69 726f7272 
0000000100db2360	696c6300 00746e65 00000000 00000000 
0000000100db2370	6474735f 73556f69 43656761 6e65696c 
0000000100db2380	615f0074 756f6363 6e49746e 5f006f66 
0000000100db2390	65746172 696d694c 5f007374 65736572 
0000000100db23a0	65724374 73746964 00000000 00000000 
0000000100db23b0	6170735f 61526b72 694c6574 7374696d 
0000000100db23c0	68745f00 64616572 625f0073 72616e69 
0000000100db23d0	74615079 6d5f0068 67616e61 72506465 
0000000100db23e0	7365636f 725f0073 61747365 6f437472 
0000000100db23f0	00746e75 00000000 00000000 00000000 
0000000100db2400	5278616d 61747365 74417472 706d6574 
0000000100db2410	5f007374 6e6e6f63 65746365 6e695364 
0000000100db2420	5f006563 4d6e7572 0065646f 7461725f 
0000000100db2430	6d694c65 69547469 0072656d 00000000 
0000000100db2440	7268745f 4c646165 54747369 72656d69 
0000000100db2450	00000000 00000000 00000000 00000000 
0000000100db2460	6173755f 61576567 74536d72 6154706f 
0000000100db2470	00006b73 00000000 00000000 00000000 
0000000100db2480	5373695f 74726174 46676e69 7355726f 
0000000100db2490	00656761 00000000 00000000 00000000 
0000000100db24a0	6173755f 65536567 69727563 6f437974 
0000000100db24b0	6f646c6f 00006e77 00000000 00000000 
0000000100db24c0	6173755f 75416567 69466874 7453656c 
0000000100db24d0	00706d61 5373695f 70706f74 00676e69 
0000000100db24e0	5073695f 65737561 726f4664 65656c53 
0000000100db24f0	00000070 00000000 00000000 00000000 
0000000100db2500	656c735f 624f7065 76726573 6f547265 
0000000100db2510	006e656b 00000000 00000000 00000000 
0000000100db2520	6174735f 64657472 55726f46 65676173 
0000000100db2530	00000000 00000000 00000000 00000000 
0000000100db2540	626f245f 76726573 6f697461 6765526e 
0000000100db2550	72747369 6c007261 006b636f 66667562 
0000000100db2560	68007265 65527361 656d7573 6d650064 
0000000100db2570	006c6961 6e616c70 65707954 00646900 
0000000100db2580	76657270 00776569 656d616e 756f7300 
0000000100db2590	00656372 00647763 74617473 63007375 
0000000100db25a0	74616572 74416465 64707500 64657461 
0000000100db25b0	6d007441 6c65646f 6c756600 7375006c 
0000000100db25c0	4f656761 00796c6e 00004449 00000000 
0000000100db25d0	636f7270 45737365 65746978 66654264 
0000000100db25e0	5265726f 79646165 00000000 00000000 
0000000100db25f0	74726f70 73726150 6d695465 74756f65 
0000000100db2600	74756f00 00747570 6e75616c 61466863 
0000000100db2610	64656c69 706d6500 52007974 61567761 
0000000100db2620	0065756c 656c6966 626d754e 73007265 
0000000100db2630	00657a69 69646f6d 64656966 72007441 
0000000100db2640	6c6f7365 61006576 646e6162 61006e6f 
0000000100db2650	6f727070 736c6176 74616e00 48657669 
0000000100db2660	6f646e61 00736666 00000000 00000000 
0000000100db2670	75516f69 00657565 646e6570 00676e69 
0000000100db2680	696d6461 6f697373 7165536e 636e6575 
0000000100db2690	00000065 00000000 00000000 00000000 
0000000100db26a0	6d627573 65747469 65644964 7469746e 
0000000100db26b0	00736569 00000000 00000000 00000000 
0000000100db26c0	61507369 64657375 53726f46 7065656c 
0000000100db26d0	00000000 00000000 00000000 00000000 
0000000100db26e0	65656c73 73624f70 65767265 6b6f5472 
0000000100db26f0	00006e65 00000000 00000000 00000000 
0000000100db2700	73736573 496e6f69 65720064 73657571 
0000000100db2710	6e6f4e74 6b006563 00007965 00000000 
0000000100db2720	696d6461 6f697373 7165536e 636e6575 
0000000100db2730	65730065 76456465 00746e65 65726874 
0000000100db2740	64496461 72757400 0064496e 6c6f6f74 
0000000100db2750	49657355 776f0064 4b72656e 46646e69 
0000000100db2760	65746c69 6f680072 656c6b6f 61437373 
0000000100db2770	64496c6c 72757400 7079426e 53737361 
0000000100db2780	65706f63 65727000 61726170 6e6f6974 
0000000100db2790	6f6f6800 6c65526b 65736165 61630064 
0000000100db27a0	75506472 73696c62 00646568 00000000 
0000000100db27b0	6974616e 61486576 666f646e 72614366 
0000000100db27c0	62755064 6873696c 72006465 65757165 
0000000100db27d0	74537473 00657461 656e776f 71655272 
0000000100db27e0	74736575 616e0073 65766974 646e6148 
0000000100db27f0	0066666f 00000000 00000000 00000000 
0000000100db2800	6974616e 61486576 666f646e 73694d66 
0000000100db2810	00736573 6e6e6f63 69746365 72006e6f 
0000000100db2820	53646165 6372756f 65670065 6172656e 
0000000100db2830	6e6f6974 6e6f6300 7463656e 00676e69 
0000000100db2840	6f636572 63656e6e 74744174 74706d65 
0000000100db2850	63657200 656e6e6f 61547463 72006b73 
0000000100db2860	65726665 74416873 706d6574 65720074 
0000000100db2870	73657266 73615468 0000006b 00000000 
0000000100db2880	64616572 73656e69 6e654773 74617265 
0000000100db2890	006e6f69 64616572 73656e69 73615473 
0000000100db28a0	0000006b 00000000 00000000 00000000 
0000000100db28b0	6e727574 61707942 75537373 73696d62 
0000000100db28c0	6e6f6973 65747441 0074706d 696d696c 
0000000100db28d0	726f0074 00726564 6e656469 69746974 
0000000100db28e0	68007365 516b6f6f 65756575 74616e00 
0000000100db28f0	4f657669 00796c6e 00000000 00000000 
0000000100db2900	656e776f 72745372 526d6165 79646165 
0000000100db2910	71657200 74736575 0079654b 6874656d 
0000000100db2920	7200646f 65726665 69006873 6974696e 
0000000100db2930	00006c61 00000000 00000000 00000000 
0000000100db2940	6d627573 69737369 00006e6f 00000000 
0000000100db2950	736e6f63 74756365 4d657669 65737369 
0000000100db2960	73690073 6d627553 69747469 6900676e 
0000000100db2970	616c4373 62616d69 0000656c 00000000 
0000000100db2980	77417369 69746961 7041676e 766f7270 
0000000100db2990	00006c61 00000000 00000000 00000000 
0000000100db29a0	72707061 6c61766f 73736553 496e6f69 
0000000100db29b0	72700064 6f697665 74537375 73757461 
0000000100db29c0	61637300 6d69546e 70007265 65626f72 
0000000100db29d0	656d6954 616c0072 6e4b7473 506e776f 
0000000100db29e0	69006469 6e755273 676e696e 53736900 
0000000100db29f0	496e6163 696c466e 00746867 6e616373 
0000000100db2a00	656e6547 69746172 00006e6f 00000000 
0000000100db2a10	61507369 64657375 53726f46 7065656c 
0000000100db2a20	00000000 00000000 00000000 00000000 
0000000100db2a30	65656c73 73624f70 65767265 6b6f5472 
0000000100db2a40	00006e65 00000000 00000000 00000000 
0000000100db2a50	7473616c 65646f43 74634178 74697669 
0000000100db2a60	00000079 00000000 00000000 00000000 
0000000100db2a70	7473616c 6c6f6f54 69746341 79746976 
0000000100db2a80	00000000 00000000 00000000 00000000 
0000000100db2a90	7473616c 6c616853 54776f6c 73747865 
0000000100db2aa0	00000000 00000000 00000000 00000000 
0000000100db2ab0	7473616c 77656956 55676e69 74616470 
0000000100db2ac0	6d695465 68740065 64616572 74006449 
0000000100db2ad0	496e7275 65720064 73657571 79654b74 
0000000100db2ae0	74656d00 00646f68 6d627573 69737369 
0000000100db2af0	6b006e6f 00646e69 6c6f6f74 656d614e 
0000000100db2b00	6f6f7400 706e496c 63007475 616d6d6f 
0000000100db2b10	7200646e 6f736165 7267006e 52746e61 
0000000100db2b20	00746f6f 5070636d 65736572 7461746e 
0000000100db2b30	006e6f69 6d657469 72006449 6f707365 
0000000100db2b40	5065736e 6f6c7961 00006461 00000000 
0000000100db2b50	75716572 49747365 65720064 73657571 
0000000100db2b60	79654b74 65746900 0064496d 6874656d 
0000000100db2b70	7200646f 6f707365 5065736e 6f6c7961 
0000000100db2b80	00006461 00000000 00000000 00000000 
0000000100db2b90	6f6c6c61 4d646577 65505043 73697372 
0000000100db2ba0	646f4d74 73007365 6e697274 6e690067 
0000000100db2bb0	65676574 65700072 73696d72 6e6f6973 
0000000100db2bc0	65640073 69736963 6d006e6f 6f547063 
0000000100db2bd0	70416c6f 766f7270 00006c61 00000000 
0000000100db2be0	65636361 65507470 73697372 676e6974 
0000000100db2bf0	63636100 00747065 6c636564 00656e69 
0000000100db2c00	76616e75 616c6961 00656c62 00000000 
0000000100db2c10	69626d61 756f7567 69614673 6572756c 
0000000100db2c20	736e7500 6f707075 64657472 62757300 
0000000100db2c30	7474696d 00006465 00000000 00000000 
0000000100db2c40	63736564 74706972 7700726f 65746972 
0000000100db2c50	6b636f4c 72747300 526d6165 4c646165 
0000000100db2c60	006b636f 65696c63 6449746e 6b636f4c 
0000000100db2c70	72747300 426d6165 65666675 6c630072 
0000000100db2c80	746e6569 74536449 6761726f 6e690065 
0000000100db2c90	696c6176 646e4564 6e696f70 65700074 
0000000100db2ca0	694d7265 74616d73 6d006863 6f666c61 
0000000100db2cb0	64656d72 6d617246 766f0065 69737265 
0000000100db2cc0	4664657a 656d6172 436f6e00 6e65696c 
0000000100db2cd0	65760074 6f697372 73694d6e 6374616d 
0000000100db2ce0	65720068 73657571 746f4e74 6e756f46 
0000000100db2cf0	00000064 00000000 00000000 00000000 
0000000100db2d00	736e6573 76697469 71655265 74736575 
0000000100db2d10	00000000 00000000 00000000 00000000 
0000000100db2d20	656d6974 4174756f 72657466 74697257 
0000000100db2d30	00000065 00000000 00000000 00000000 
0000000100db2d40	6e6e6f63 69746365 6f4c6e6f 66417473 
0000000100db2d50	57726574 65746972 006f6900 56776152 
0000000100db2d60	65756c61 00000000 00000000 00000000 
0000000100db2d70	75716572 49747365 65720064 6e6f7073 
0000000100db2d80	73006573 696d6275 6f697373 6573006e 
0000000100db2d90	7469736e 00657669 64616568 74007265 
0000000100db2da0	00747865 6974706f 00736e6f 65537369 
0000000100db2db0	74657263 616e7500 6c696176 656c6261 
0000000100db2dc0	00000000 00000000 00000000 00000000 
0000000100db2dd0	69626d61 756f7567 69614673 6572756c 
0000000100db2de0	6f6c6200 64656b63 62757300 7474696d 
0000000100db2df0	00006465 00000000 00000000 00000000 
0000000100db2e00	7373696d 41676e69 6577736e 00000072 
0000000100db2e10	69626d61 756f7567 65755173 6f697473 
0000000100db2e20	6564496e 7469746e 00000079 00000000 
0000000100db2e30	69626d61 756f7567 74704f73 496e6f69 
0000000100db2e40	746e6564 00797469 00000000 00000000 
0000000100db2e50	75736e75 726f7070 4d646574 69746c75 
0000000100db2e60	656c6553 00007463 00000000 00000000 
0000000100db2e70	75736e75 726f7070 4f646574 6f697470 
0000000100db2e80	756f436e 0000746e 00000000 00000000 
0000000100db2e90	75736e75 726f7070 43646574 6f747375 
0000000100db2ea0	736e416d 00726577 656c6573 704f7463 
0000000100db2eb0	6e6f6974 62757300 4f74696d 72656874 
0000000100db2ec0	72687400 49646165 69740064 00656c74 
0000000100db2ed0	69746361 654b6576 73007379 70706f74 
0000000100db2ee0	654b6465 72007379 6c6f7365 4b646576 
0000000100db2ef0	00737965 00000000 00000000 00000000 
0000000100db2f00	6f736572 6974756c 61576e6f 72657469 
0000000100db2f10	00000073 00000000 00000000 00000000 
0000000100db2f20	69746361 69746176 65526e6f 69736976 
0000000100db2f30	00006e6f 00000000 00000000 00000000 
0000000100db2f40	69746361 69746176 624f6e6f 76726573 
0000000100db2f50	73007265 69737365 64496e6f 6c616300 
0000000100db2f60	0064496c 72727563 56746e65 62697369 
0000000100db2f70	6e00656c 56747865 62697369 6300656c 
0000000100db2f80	6c706d6f 64657465 73697600 64657469 
0000000100db2f90	65646f4e 6c650073 65737061 00734d64 
0000000100db2fa0	73657571 6e6f6974 74706f00 4c6e6f69 
0000000100db2fb0	6c656261 00000073 00000000 00000000 
0000000100db2fc0	6e756f66 61660064 64656c69 656c6500 
0000000100db2fd0	746e656d 74636100 74617669 00006465 
0000000100db2fe0	646e6977 6e55776f 69617661 6c62616c 
0000000100db2ff0	696d0065 6e697373 6d610067 75676962 
0000000100db3000	0073756f 6e616373 6f636e49 656c706d 
0000000100db3010	00006574 00000000 00000000 00000000 
0000000100db3020	7373656d 6e696761 6d695467 74756f65 
0000000100db3030	76616e55 616c6961 00656c62 75636f66 
0000000100db3040	69614673 0064656c 6c617473 6c615665 
0000000100db3050	52006575 61567761 0065756c 00000000 
0000000100db3060	72546e6f 69736e61 6e6f6974 6e6f0073 
0000000100db3070	65736142 656e696c 65736552 74730074 
0000000100db3080	55657461 00004c52 00000000 00000000 
0000000100db3090	6f626564 65636e75 6f6e614e 6f636573 
0000000100db30a0	0073646e 74617473 61655265 00726564 
0000000100db30b0	00776f6e 00000000 00000000 00000000 
0000000100db30c0	6e617274 69746973 6f506e6f 7963696c 
0000000100db30d0	00000000 00000000 00000000 00000000 
0000000100db30e0	68636163 74536465 53657461 6c706d61 
0000000100db30f0	69640065 74636572 5379726f 6372756f 
0000000100db3100	6f630065 6961746e 5372656e 6372756f 
0000000100db3110	00000065 00000000 00000000 00000000 
0000000100db3120	63746177 44646568 63657269 79726f74 
0000000100db3130	6e656449 79746974 00000000 00000000 
0000000100db3140	65686373 656c7564 66655264 68736572 
0000000100db3150	00000000 00000000 00000000 00000000 
0000000100db3160	65656c73 73624f70 65767265 6b6f5472 
0000000100db3170	67006e65 72656e65 6f697461 0000006e 
0000000100db3180	65527369 73657266 466e4968 6867696c 
0000000100db3190	00000074 00000000 00000000 00000000 
0000000100db31a0	6465656e 66655273 68736572 65746641 
0000000100db31b0	72754372 746e6572 00000000 00000000 
0000000100db31c0	6573626f 74617672 526e6f69 65757165 
0000000100db31d0	64657473 53736900 7065656c 00676e69 
0000000100db31e0	7473616c 76616e55 616c6961 52656c62 
0000000100db31f0	6f736165 6973006e 74616e67 00657275 
0000000100db3200	74617473 65640065 65636976 6f6e6900 
0000000100db3210	73006564 00657a69 69646f6d 64656966 
0000000100db3220	6f636553 0073646e 00000000 00000000 
0000000100db3230	69646f6d 64656966 6f6e614e 6f636573 
0000000100db3240	0073646e 63736564 74706972 6900726f 
0000000100db3250	746e6564 00797469 00000000 00000000 
0000000100db3260	6c746974 6c650065 6e656d65 64690074 
0000000100db3270	69746e65 73007974 7370616e 00746f68 
0000000100db3280	6c746974 63007365 6c706d6f 64657465 
0000000100db3290	73697600 64657469 65646f4e 6c650073 
0000000100db32a0	65737061 00734d64 6e756f66 61660064 
0000000100db32b0	64656c69 636f6600 64657375 00000000 
0000000100db32c0	65636361 62697373 74696c69 616e5579 
0000000100db32d0	6c696176 656c6261 00000000 00000000 
0000000100db32e0	6b736564 55706f74 6176616e 62616c69 
0000000100db32f0	0000656c 00000000 00000000 00000000 
0000000100db3300	646e6977 6e55776f 69617661 6c62616c 
0000000100db3310	696d0065 6e697373 6d610067 75676962 
0000000100db3320	0073756f 00000000 00000000 00000000 
0000000100db3330	7373656d 6e696761 6d695467 74756f65 
0000000100db3340	76616e55 616c6961 00656c62 73657270 
0000000100db3350	69614673 0064656c 56776152 65756c61 
0000000100db3360	636f6c00 6e65006b 65697274 65730073 
0000000100db3370	6e657571 73006563 69737365 64496e6f 
0000000100db3380	72687400 49646165 75740064 64496e72 
0000000100db3390	00646900 63417369 65766974 616c6300 
0000000100db33a0	64656d69 62757300 7474696d 72006465 
0000000100db33b0	65757165 654b7473 74690079 64496d65 
0000000100db33c0	74656d00 00646f68 706f6373 00000065 
0000000100db33d0	61636562 6552656d 62006461 6d616365 
0000000100db33e0	726e5565 00646165 69617661 6c62616c 
0000000100db33f0	6e750065 69617661 6c62616c 61620065 
0000000100db3400	696c6573 0000656e 00000000 00000000 
0000000100db3410	61766e69 6164696c 54646574 61657268 
0000000100db3420	73444964 00000000 00000000 00000000 
0000000100db3430	69746572 66416572 53726574 6c706d61 
0000000100db3440	72685465 49646165 66007344 4d656c69 
0000000100db3450	69737369 7200676e 46646165 656c6961 
0000000100db3460	616d0064 726f666c 4a64656d 004e4f53 
0000000100db3470	7373696d 50676e69 69737265 64657473 
0000000100db3480	6d6f7441 74617453 00000065 00000000 
0000000100db3490	7373696d 55676e69 6165726e 48794264 
0000000100db34a0	0074736f 7373696d 4c676e69 6c61636f 
0000000100db34b0	00000000 00000000 00000000 00000000 
0000000100db34c0	61766e69 4c64696c 6c61636f 65707954 
0000000100db34d0	766e6900 64696c61 65726854 44496461 
0000000100db34e0	77615200 756c6156 00000065 00000000 
0000000100db34f0	66656424 746c7561 6f746341 00000072 
0000000100db3500	65646f63 72655678 6e6f6973 4f6f6f54 
0000000100db3510	0000646c 00000000 00000000 00000000 
0000000100db3520	53707061 65767265 61705372 61466e77 
0000000100db3530	64656c69 00000000 00000000 00000000 
0000000100db3540	53707061 65767265 746f4e72 64616552 
0000000100db3550	70720079 69614663 0064656c 00000000 
0000000100db3560	6b6f6f68 73694c73 70655274 6574726f 
0000000100db3570	73734964 00736575 00000000 00000000 
0000000100db3580	69726576 61636966 6e6f6974 6c696146 
0000000100db3590	00006465 00000000 00000000 00000000 
0000000100db35a0	65646f63 6e694278 4d797261 69737369 
0000000100db35b0	0000676e 00000000 00000000 00000000 
0000000100db35c0	69566f6e 73496562 646e616c 6b6f6f48 
0000000100db35d0	756f4673 6b00646e 63007965 65727275 
0000000100db35e0	6148746e 65006873 746e6576 656d614e 
0000000100db35f0	75727400 74537473 73757461 69726f00 
0000000100db3600	006e6967 00647763 72756f73 61506563 
0000000100db3610	63006874 69646e61 65746164 65730073 
0000000100db3620	61436e65 64496c6c 65730073 6f697373 
0000000100db3630	0064496e 6c6c6163 6b006449 74007965 
0000000100db3640	61657268 00644964 6e727574 69006449 
0000000100db3650	6572676e 6c437373 006d6961 73616870 
0000000100db3660	65730065 696c7474 6100676e 76697463 
0000000100db3670	00000065 00000000 00000000 00000000 
0000000100db3680	6d6f7270 00737470 6e656573 6c6c6143 
0000000100db3690	00736449 73736573 496e6f69 61630064 
0000000100db36a0	64496c6c 79656b00 6f6f7400 706e496c 
0000000100db36b0	69007475 6572676e 6c437373 006d6961 
0000000100db36c0	73616870 6f6e0065 0000656e 00000000 
0000000100db36d0	636e6163 64656c65 6f666542 69446572 
0000000100db36e0	616c7073 6c630079 44726165 6c707369 
0000000100db36f0	64657961 726c6100 79646165 6f736552 
0000000100db3700	6465766c 74657300 6e696c74 69640067 
0000000100db3710	616c7073 00646579 00000000 00000000 
0000000100db3720	69617661 6c62616c 756f4365 6300746e 
0000000100db3730	69646572 66007374 68637465 74416465 
0000000100db3740	00000000 00000000 00000000 00000000 
0000000100db3750	7473616c 69617641 6c62616c 756f4365 
0000000100db3760	7300746e 436e6565 69646572 73444974 
0000000100db3770	00646900 65736572 70795474 74730065 
0000000100db3780	73757461 61726700 6465746e 65007441 
0000000100db3790	72697078 74417365 74697400 6400656c 
0000000100db37a0	72637365 69747069 63006e6f 746e756f 
0000000100db37b0	78656e00 70784574 00797269 69617661 
0000000100db37c0	6c62616c 6e750065 69617661 6c62616c 
0000000100db37d0	44490065 6b6e7500 6e776f6e 64657200 
0000000100db37e0	656d6565 78650064 65726970 305f0064 
0000000100db37f0	00000000 00000000 00000000 00000000 
0000000100db3800	63746177 50646568 73687461 6e616800 
0000000100db3810	72656c64 6c616300 6361626c 6575516b 
0000000100db3820	63006575 626c6c61 426b6361 7300786f 
0000000100db3830	61657274 6170006d 00736874 00000000 
0000000100db3840	75716572 73657269 6f636552 79726576 
0000000100db3850	6e616353 65642400 6c756166 74634174 
0000000100db3860	6600726f 55656c69 63004c52 65686361 
0000000100db3870	74695464 0073656c 68636163 70556465 
0000000100db3880	65746164 00744164 68636163 6f4d6465 
0000000100db3890	74614464 61630065 64656863 657a6953 
0000000100db38a0	00646900 65726874 614e6461 7500656d 
0000000100db38b0	74616470 74416465 77615200 756c6156 
0000000100db38c0	00000065 00000000 00000000 00000000 
0000000100db38d0	6b636f6c 00000000 00000000 00000000 
0000000100db38e0	69746361 65476576 6172656e 6e6f6974 
0000000100db38f0	74617000 61654c68 00736573 68746170 
0000000100db3900	69766552 6e6f6973 61640073 66006174 
0000000100db3910	4f656c69 65736666 00007374 00000000 
0000000100db3920	61627573 746e6567 746f6f42 61727473 
0000000100db3930	74614770 00000065 00000000 00000000 
0000000100db3940	69746361 65536576 6f697373 6c69466e 
0000000100db3950	00007365 00000000 00000000 00000000 
0000000100db3960	6c6c6f72 5074756f 41687461 6f687475 
0000000100db3970	69746972 00007365 00000000 00000000 
0000000100db3980	6c6c6f72 5074756f 43687461 69666e6f 
0000000100db3990	73644967 00000000 00000000 00000000 
0000000100db39a0	656c6966 7473614c 69746341 79746976 
0000000100db39b0	00007441 00000000 00000000 00000000 
0000000100db39c0	656c6966 6566694c 6c637963 61745365 
0000000100db39d0	00736574 00000000 00000000 00000000 
0000000100db39e0	69746361 69466576 6954656c 756f656d 
0000000100db39f0	73690074 63746157 676e6968 00000000 
0000000100db3a00	61507369 64657375 53726f46 7065656c 
0000000100db3a10	00000000 00000000 00000000 00000000 
0000000100db3a20	65656c73 73624f70 65767265 6b6f5472 
0000000100db3a30	66006e65 50747361 546c6c6f 72656d69 
0000000100db3a40	6f6c7300 6c6f5077 6d69546c 00007265 
0000000100db3a50	6c6c6f72 4674756f 45656c69 746e6576 
0000000100db3a60	696e6f4d 00726f74 00000000 00000000 
0000000100db3a70	646e6570 44676e69 6f637369 65726576 
0000000100db3a80	6c6f5264 74756f6c 00000073 00000000 
0000000100db3a90	63736964 7265766f 61724479 61476e69 
0000000100db3aa0	00006574 00000000 00000000 00000000 
0000000100db3ab0	6f636572 79726576 6e616353 75716552 
0000000100db3ac0	65747365 00000064 00000000 00000000 
0000000100db3ad0	7473616c 6f636552 79726576 6e616353 
0000000100db3ae0	00007441 00000000 00000000 00000000 
0000000100db3af0	6f706572 64657472 6e657645 6e6f4d74 
0000000100db3b00	726f7469 6c6c6146 6b636162 68746150 
0000000100db3b10	61770073 47686374 72656e65 6f697461 
0000000100db3b20	616c006e 6e4b7473 536e776f 73657a69 
0000000100db3b30	73616c00 6f6e4b74 6e496e77 7365646f 
0000000100db3b40	6d6f7400 6f747362 0073656e 00000000 
0000000100db3b50	6e616373 656a6552 6f697463 6d6f546e 
0000000100db3b60	6f747362 0073656e 626d6f74 6e6f7473 
0000000100db3b70	4c545465 73616c00 69725774 69546574 
0000000100db3b80	0000656d 00000000 00000000 00000000 
0000000100db3b90	72727563 50746e65 496c6c6f 7265746e 
0000000100db3ba0	006c6176 656c6966 616d6552 65646e69 
0000000100db3bb0	00007372 00000000 00000000 00000000 
0000000100db3bc0	72617473 42707574 73746f6f 70617274 
0000000100db3bd0	70616e53 746f6873 00000073 00000000 
0000000100db3be0	61766e69 6164696c 53646574 74726174 
0000000100db3bf0	6f427075 7473746f 52706172 73746f6f 
0000000100db3c00	00000000 00000000 00000000 00000000 
0000000100db3c10	72617473 42707574 73746f6f 70617274 
0000000100db3c20	70657250 74617261 476e6f69 00657461 
0000000100db3c30	72617473 42707574 73746f6f 70617274 
0000000100db3c40	70657250 74617261 546e6f69 006b7361 
0000000100db3c50	776f6c73 6c6c6f50 6e6e7552 47676e69 
0000000100db3c60	72656e65 6f697461 0000006e 00000000 
0000000100db3c70	74736166 6c6c6f50 6e6e7552 47676e69 
0000000100db3c80	72656e65 6f697461 6f72006e 756f6c6c 
0000000100db3c90	61655274 74614764 00000065 00000000 
0000000100db3ca0	646e6570 52676e69 616c7065 646f4d79 
0000000100db3cb0	69007365 54656c64 72656d69 74610073 
0000000100db3cc0	746e6574 546e6f69 72656d69 00000073 
0000000100db3cd0	65747461 6f69746e 6d69546e 6f437265 
0000000100db3ce0	7865746e 00007374 00000000 00000000 
0000000100db3cf0	75716572 55747365 49726573 7475706e 
0000000100db3d00	6d6f7250 72547470 656b6361 00000072 
0000000100db3d10	75716572 55747365 49726573 7475706e 
0000000100db3d20	666e6f43 616d7269 6e6f6974 6b736154 
0000000100db3d30	00000073 00000000 00000000 00000000 
0000000100db3d40	6b6f6f68 7373656c 656e774f 6b615772 
0000000100db3d50	61725465 72656b63 00000000 00000000 
0000000100db3d60	6b6f6f68 7373656c 656e774f 6b615772 
0000000100db3d70	73615465 6300736b 65727275 7554746e 
0000000100db3d80	64496e72 00000073 00000000 00000000 
0000000100db3d90	65646f63 73654478 706f746b 73736553 
0000000100db3da0	496e6f69 00007364 00000000 00000000 
0000000100db3db0	65646f63 6d694c78 69467469 7265676e 
0000000100db3dc0	6e697270 63614374 00006568 00000000 
0000000100db3dd0	656c6469 6c6c6146 6b636162 746e6f43 
0000000100db3de0	73747865 00000000 00000000 00000000 
0000000100db3df0	656c6469 6c6c6146 6b636162 6f636552 
0000000100db3e00	69726576 6a007365 446e6f73 646f6365 
0000000100db3e10	00007265 00000000 00000000 00000000 
0000000100db3e20	5278616d 69616d65 7265646e 657a6953 
0000000100db3e30	00000000 00000000 00000000 00000000 
0000000100db3e40	6f706572 64657472 6c6c6f52 4474756f 
0000000100db3e50	646f6365 69614665 6572756c 72770073 
0000000100db3e60	72657469 6f666e49 68636143 61680065 
0000000100db3e70	65724373 73746964 6c6e7500 74696d69 
0000000100db3e80	62006465 6e616c61 6c006563 74696d69 
0000000100db3e90	6c006449 74696d69 656d614e 616c7000 
0000000100db3ea0	7079546e 72700065 72616d69 65730079 
0000000100db3eb0	646e6f63 00797261 64657263 00737469 
0000000100db3ec0	65746172 696d694c 61655274 64656863 
0000000100db3ed0	65707954 00646900 68747561 7469726f 
0000000100db3ee0	6f630079 6769666e 74006449 6c67676f 
0000000100db3ef0	76655265 6f697369 6f68006e 76456b6f 
0000000100db3f00	6e656469 73006563 65746174 69640073 
0000000100db3f10	766f6373 00797265 6b6f6f68 506e6900 
0000000100db3f20	72676f72 00737365 6d726574 6c616e69 
0000000100db3f30	6c696600 74615065 76650068 6e656469 
0000000100db3f40	73006563 69737365 64496e6f 00000000 
0000000100db3f50	746e7572 49656d69 6174736e 4965636e 
0000000100db3f60	00000064 00000000 00000000 00000000 
0000000100db3f70	6b6f6f68 72676e49 52737365 73697665 
0000000100db3f80	006e6f69 00000000 00000000 00000000 
0000000100db3f90	46736168 53656c69 65747379 6976456d 
0000000100db3fa0	636e6564 6f680065 69486b6f 0000746e 
0000000100db3fb0	6e6e7572 47676e69 72656e65 6f697461 
0000000100db3fc0	6e69006e 0065646f 657a6973 646f6d00 
0000000100db3fd0	65746144 6d657200 6465766f 69007441 
0000000100db3fe0	65725073 65726170 73690064 64616f4c 
0000000100db3ff0	00676e69 72746e65 00736569 626f6c67 
0000000100db4000	65526c61 69736976 6c006e6f 00657669 
0000000100db4010	74696e69 466c6169 526c6c75 616c7065 
0000000100db4020	72610079 4164656d 65640074 0079616c 
0000000100db4030	7361656c 69740065 5472656d 6e656b6f 
0000000100db4040	756f7300 00656372 6d726574 6c616e69 
0000000100db4050	6e727554 00006449 00000000 00000000 
0000000100db4060	67616964 74736f6e 6f436369 656c706d 
0000000100db4070	6e6f6974 6c6c6146 6b636162 6c616600 
0000000100db4080	6361626c 0074416b 6f666e69 63616300 
0000000100db4090	41646568 73750074 65506465 6e656372 
0000000100db40a0	69770074 776f646e 756e694d 00736574 
0000000100db40b0	65736572 74417374 73657200 49737465 
0000000100db40c0	6365536e 73646e6f 61687000 6c006573 
0000000100db40d0	43656e69 746e756f 74796200 756f4365 
0000000100db40e0	7200746e 79727465 75716552 65747365 
0000000100db40f0	69740064 7473656d 00706d61 65707974 
0000000100db4100	79617000 64616f6c 64776300 696c6300 
0000000100db4110	73726556 006e6f69 6769726f 74616e69 
0000000100db4120	7300726f 67616275 4b746e65 00646e69 
0000000100db4130	61627573 746e6567 65726150 6854746e 
0000000100db4140	64616572 00006449 00000000 00000000 
0000000100db4150	61627573 746e6567 6b63694e 656d616e 
0000000100db4160	62757300 6e656761 6c6f5274 616e0065 
0000000100db4170	6100656d 6d756772 73746e65 706e6900 
0000000100db4180	63007475 496c6c61 756f0064 74757074 
0000000100db4190	78657400 656d0074 67617373 75740065 
0000000100db41a0	64496e72 00000000 00000000 00000000 
0000000100db41b0	7473616c 6e656741 73654d74 65676173 
0000000100db41c0	69727400 72656767 6e727554 646f6d00 
0000000100db41d0	65006c65 726f6666 70610074 766f7270 
0000000100db41e0	6f506c61 7963696c 00000000 00000000 
0000000100db41f0	72707061 6c61766f 76655273 65776569 
0000000100db4200	61730072 6f62646e 6c6f5078 00796369 
0000000100db4210	6d726570 69737369 72506e6f 6c69666f 
0000000100db4220	00000065 00000000 00000000 00000000 
0000000100db4230	6c6c6f63 726f6261 6f697461 646f4d6e 
0000000100db4240	65720065 6e6f7361 74617200 6d694c65 
0000000100db4250	00737469 00000000 00000000 00000000 
0000000100db4260	64657263 6f507469 78456c6f 73756168 
0000000100db4270	00646574 00000000 00000000 00000000 
0000000100db4280	6d697270 57797261 6f646e69 6c754677 
0000000100db4290	0000006c 00000000 00000000 00000000 
0000000100db42a0	6f636573 7261646e 6e695779 46776f64 
0000000100db42b0	006c6c75 00000000 00000000 00000000 
0000000100db42c0	6c707865 74696369 6552796c 65686361 
0000000100db42d0	6f680064 76456b6f 4e746e65 00656d61 
0000000100db42e0	6c6f6f74 656d614e 6f6f7400 706e496c 
0000000100db42f0	74007475 556c6f6f 64496573 6f6f6800 
0000000100db4300	6e6f436b 49676966 6f740064 006e656b 
0000000100db4310	656e6567 69746172 62006e6f 4f657361 
0000000100db4320	65736666 61620074 65526573 6e69616d 
0000000100db4330	00726564 68746170 69766552 6e6f6973 
0000000100db4340	74617000 696b0068 6300646e 65727275 
0000000100db4350	6e49746e 0065646f 00000000 00000000 
0000000100db4360	6574616c 694c7473 79636566 53656c63 
0000000100db4370	65746174 77656e00 7366664f 72007465 
0000000100db4380	69616d65 7265646e 6e696c00 62007365 
0000000100db4390	73657479 64616552 72756400 6f697461 
0000000100db43a0	00734d6e 00797474 00646970 00000000 
0000000100db43b0	6d726574 6c616e69 646e7542 6449656c 
0000000100db43c0	00000000 00000000 00000000 00000000 
0000000100db43d0	696d6461 6f697373 6e65446e 41646569 
0000000100db43e0	7365636e 42726f74 6c646e75 00644965 
0000000100db43f0	6374756f 00656d6f 68746170 7361654c 
0000000100db4400	00644965 56776152 65756c61 6e616300 
0000000100db4410	61646964 00006574 00000000 00000000 
0000000100db4420	70696b73 676e6970 65686e49 65746972 
0000000100db4430	73694864 79726f74 70657200 6563616c 
0000000100db4440	72740064 61636e75 00646574 776f7267 
0000000100db4450	6966006e 53747372 006e6565 63637573 
0000000100db4460	00737365 666e6f63 656d7269 546f4e64 
0000000100db4470	74005954 736e6172 746e6569 76657200 
0000000100db4480	6f697369 6761006e 4e746e65 6e6b6369 
0000000100db4490	00656d61 6e656761 6c6f5274 6f6d0065 
0000000100db44a0	74006564 61657268 61705364 70006e77 
0000000100db44b0	6e657261 72685474 49646165 67610064 
0000000100db44c0	50746e65 00687461 61627573 746e6567 
0000000100db44d0	68746f00 00007265 00000000 00000000 
0000000100db44e0	66656424 746c7561 6f746341 78650072 
0000000100db44f0	74756365 656c6261 68746150 67726100 
0000000100db4500	6e656d75 65007374 7269766e 656d6e6f 
0000000100db4510	7000746e 65636f72 73007373 6e696474 
0000000100db4520	65706950 64747300 5074756f 00657069 
0000000100db4530	65647473 69507272 6e006570 52747865 
0000000100db4540	65757165 64497473 6e657000 676e6964 
0000000100db4550	75716552 73747365 64747300 4274756f 
0000000100db4560	65666675 74730072 72726564 66667542 
0000000100db4570	00007265 00000000 00000000 00000000 
0000000100db4580	75716572 54747365 6f656d69 65537475 
0000000100db4590	646e6f63 70730073 466e7761 656c6961 
0000000100db45a0	6f6e0064 61655274 00007964 00000000 
0000000100db45b0	6b636f6c 70616300 74696361 6e650079 
0000000100db45c0	65697274 726f0073 00726564 65726874 
0000000100db45d0	44496461 72757400 0044496e 70616e73 
0000000100db45e0	746f6873 00000000 00000000 00000000 
0000000100db45f0	52736168 65697665 43726577 6c666e6f 
0000000100db4600	00746369 00000000 00000000 00000000 
0000000100db4610	50736168 63696c6f 6e6f4379 63696c66 
0000000100db4620	70610074 766f7270 6f506c61 7963696c 
0000000100db4630	76657200 65776569 61730072 6f62646e 
0000000100db4640	6c6f5078 00796369 00000000 00000000 
0000000100db4650	6d726570 69737369 72506e6f 6c69666f 
0000000100db4660	00000065 00000000 00000000 00000000 
0000000100db4670	6c6c6f63 726f6261 6f697461 646f4d6e 
0000000100db4680	6f730065 65637275 6b6e7500 6e776f6e 
0000000100db4690	65737500 75610072 65526f74 77656976 
0000000100db46a0	636f6c00 6f526c61 756f6c6c 6f680074 
0000000100db46b0	72546b6f 63736e61 74706972 77615200 
0000000100db46c0	756c6156 6f6c0065 426c6163 67646972 
0000000100db46d0	65720065 65746f6d 6b6f6f48 00000000 
0000000100db46e0	66656424 746c7561 6f746341 75610072 
0000000100db46f0	4c746964 5255676f 6300734c 6b636568 
0000000100db4700	6e696f70 4c525574 6f700073 6e496c6c 
0000000100db4710	76726574 6d006c61 65527861 79426461 
0000000100db4720	00736574 00000000 00000000 00000000 
0000000100db4730	4378616d 6b636568 6e696f70 74794274 
0000000100db4740	00007365 00000000 00000000 00000000 
0000000100db4750	4378616d 6b636568 6e696f70 65674174 
0000000100db4760	6c6f7000 7361546c 7561006b 54746964 
0000000100db4770	536c6961 65746174 00000073 00000000 
0000000100db4780	7473616c 63656843 696f706b 6953746e 
0000000100db4790	74616e67 73657275 63657200 45746e65 
0000000100db47a0	746e6576 7379654b 00000000 00000000 
0000000100db47b0	65636572 7645746e 4b746e65 65537965 
0000000100db47c0	00000074 00000000 00000000 00000000 
0000000100db47d0	49736168 6974696e 7a696c61 664f6465 
0000000100db47e0	74657366 73616c00 66664f74 00746573 
0000000100db47f0	646e6570 46676e69 6d676172 00746e65 
0000000100db4800	656c6966 69646f4d 64656966 66007441 
0000000100db4810	53656c69 00657a69 53776172 69737365 
0000000100db4820	64496e6f 726f7700 6170736b 74006563 
0000000100db4830	556c6f6f 64496573 6f6f7400 706e496c 
0000000100db4840	63007475 6b636568 6e696f70 74615074 
0000000100db4850	656d0068 67617373 646e4965 70007865 
0000000100db4860	49747261 7865646e 00646900 6174656d 
0000000100db4870	61746164 73656d00 65676173 79740073 
0000000100db4880	6e006570 00656d61 75706e69 76650074 
0000000100db4890	00746e65 61746564 00736c69 6c6f6f74 
0000000100db48a0	656d614e 73656400 70697263 6e6f6974 
0000000100db48b0	73657300 6e6f6973 6d006449 0065646f 
0000000100db48c0	746e6f63 00746e65 56776152 65756c61 
0000000100db48d0	00000000 00000000 00000000 00000000 
0000000100db48e0	66656424 746c7561 6f746341 65700072 
0000000100db48f0	6e69646e 72755467 7000736e 546c6c6f 
0000000100db4900	006b7361 70616e73 746f6873 68636143 
0000000100db4910	65730065 6f697373 6944736e 70007372 
0000000100db4920	496c6c6f 7265746e 006c6176 00000000 
0000000100db4930	706d6f63 6974656c 69546e6f 756f656d 
0000000100db4940	00000074 00000000 00000000 00000000 
0000000100db4950	706d6f63 6974656c 75516e6f 50746569 
0000000100db4960	6f697265 74730064 75747261 61724770 
0000000100db4970	00006563 00000000 00000000 00000000 
0000000100db4980	5378616d 69737365 69466e6f 7942656c 
0000000100db4990	00736574 00000000 00000000 00000000 
0000000100db49a0	65636572 6553746e 6f697373 6163536e 
0000000100db49b0	6d694c6e 73007469 69737365 64496e6f 
0000000100db49c0	64776300 61747300 64657472 62007441 
0000000100db49d0	6c657361 50656e69 00687461 00000000 
0000000100db49e0	65736162 656e696c 69737341 6e617473 
0000000100db49f0	756f4374 6400746e 6c646165 00656e69 
0000000100db4a00	68746170 00646900 6b726f77 63617073 
0000000100db4a10	70750065 65746164 00744164 656c6966 
0000000100db4a20	69646f4d 64656966 6d007441 61737365 
0000000100db4a30	6f436567 00746e75 69737361 6e617473 
0000000100db4a40	756f4374 6c00746e 52747361 00656c6f 
0000000100db4a50	7473616c 69737341 6e617473 78655474 
0000000100db4a60	69660074 6953656c 7300657a 7370616e 
0000000100db4a70	00746f68 006c7275 6174656d 61746164 
0000000100db4a80	73656d00 65676173 6f720073 6300656c 
0000000100db4a90	65746e6f 7400746e 00657079 74786574 
0000000100db4aa0	77615200 756c6156 697a0065 69614670 
0000000100db4ab0	0064656c 746f6f72 70006449 61766972 
0000000100db4ac0	64496574 7a697300 74794265 6d007365 
0000000100db4ad0	6669646f 41646569 64690074 73657300 
0000000100db4ae0	6e6f6973 72694473 6d616e00 61700065 
0000000100db4af0	24006874 61666564 41746c75 726f7463 
0000000100db4b00	676f6c00 656c6946 004c5255 656c6966 
0000000100db4b10	646e6148 6300656c 65727275 6946746e 
0000000100db4b20	6953656c 6400657a 46657461 616d726f 
0000000100db4b30	72657474 636f7300 0074656b 73736573 
0000000100db4b40	006e6f69 706d756a 6f6f6800 7262006b 
0000000100db4b50	65676469 63696c00 65736e65 64707500 
0000000100db4b60	00657461 00707061 6e756f73 69750064 
0000000100db4b70	68737300 61737500 70006567 00667265 
0000000100db4b80	75626564 6e690067 77006f66 006e7261 
0000000100db4b90	6f727265 64240072 75616665 6341746c 
0000000100db4ba0	00726f74 634f7369 69707563 77006465 
0000000100db4bb0	65746961 75007372 6d006c72 656d6974 
0000000100db4bc0	7a697300 00000065 00000000 00000000 
0000000100db4bd0	70616e73 746f6873 676f6c00 41646567 
0000000100db4be0	69760074 61757472 7479426c 72007365 
0000000100db4bf0	64697365 42746e65 73657479 00000000 
0000000100db4c00	73796870 6c616369 746f6f46 6e697270 
0000000100db4c10	74794274 63007365 72706d6f 65737365 
0000000100db4c20	74794264 72007365 61737565 42656c62 
0000000100db4c30	73657479 00000000 00000000 00000000 
0000000100db4c40	766f7270 72656469 63636100 746e756f 
0000000100db4c50	00004449 00000000 00000000 00000000 
0000000100db4c60	65447369 6c756166 63634174 746e756f 
0000000100db4c70	74616300 726f6765 726f0079 6e696769 
0000000100db4c80	74656400 69746365 00736e6f 63746566 
0000000100db4c90	61745368 61006574 6d657474 00737470 
0000000100db4ca0	70616e73 746f6873 72756f53 73006563 
0000000100db4cb0	7370616e 41746f68 77006567 6f646e69 
0000000100db4cc0	66007377 75746165 6e456572 656c6261 
0000000100db4cd0	69640064 616c7073 616e4579 64656c62 
0000000100db4ce0	00000000 00000000 00000000 00000000 
0000000100db4cf0	66657270 65727265 6f725064 65646976 
0000000100db4d00	69640072 616c7073 6f725079 65646976 
0000000100db4d10	00000072 00000000 00000000 00000000 
0000000100db4d20	69617661 6c62616c 6f725065 65646976 
0000000100db4d30	00007372 00000000 00000000 00000000 
0000000100db4d40	69676572 72657473 75506465 72506c6c 
0000000100db4d50	6469766f 00737265 6f636361 73746e75 
0000000100db4d60	70616300 74696361 616d0079 65694678 
0000000100db4d70	6843646c 00737261 726f7473 00656761 
0000000100db4d80	7478656e 65646e49 69660078 64656c6c 
0000000100db4d90	6f736900 6d726f46 65747461 616e0072 
0000000100db4da0	6400656d 72637365 69747069 74006e6f 
0000000100db4db0	736c6f6f 636e6900 6564756c 4a70634d 
0000000100db4dc0	006e6f73 6b6f6f68 6f630073 6e616d6d 
0000000100db4dd0	616d0064 65686374 616c0072 68636e75 
0000000100db4de0	6c696146 74006465 64656d69 0074754f 
0000000100db4df0	746f6f72 64747300 5574756f 73004c52 
0000000100db4e00	72656474 4c525572 64747300 4874756f 
0000000100db4e10	6c646e61 74730065 72726564 646e6148 
0000000100db4e20	6300656c 616d6d6f 6146646e 64656c69 
0000000100db4e30	6e696200 4e797261 6f46746f 00646e75 
0000000100db4e40	74697277 69614665 0064656c 6c6c6f72 
0000000100db4e50	6b636162 6c696146 69006465 6c61766e 
0000000100db4e60	65536469 6e697474 00007367 00000000 
0000000100db4e70	64006469 6c707369 614e7961 6900656d 
0000000100db4e80	74654473 65746365 73690064 666e6f43 
0000000100db4e90	72756769 00006465 00000000 00000000 
0000000100db4ea0	52736168 69746e75 6341656d 61766974 
0000000100db4eb0	6e6f6974 00000000 00000000 00000000 
0000000100db4ec0	65646f63 70784578 6963696c 44796c74 
0000000100db4ed0	62617369 0064656c 65646f63 75725478 
0000000100db4ee0	74537473 00657461 00000000 00000000 
0000000100db4ef0	75746573 71655270 65726975 746e656d 
0000000100db4f00	00444900 6f72696b 6e656741 00000074 
0000000100db4f10	00707061 6d726574 6c616e69 756f7300 
0000000100db4f20	00656372 75716572 4b747365 00646e69 
0000000100db4f30	74736f68 73656400 616e6974 6e6f6974 
0000000100db4f40	00000000 00000000 00000000 00000000 
0000000100db4f50	646e6168 5466666f 736e6172 74726f70 
0000000100db4f60	00000000 00000000 00000000 00000000 
0000000100db4f70	70707573 7374726f 63657250 46657369 
0000000100db4f80	7375636f 6c6c6f50 00676e69 00000000 
0000000100db4f90	646e6168 66664f73 6f636e49 676e696d 
0000000100db4fa0	6e6b6e55 466e776f 7375636f 00000000 
0000000100db4fb0	75716572 73657269 63617845 72655474 
0000000100db4fc0	616e696d 6564496c 7469746e 726f4679 
0000000100db4fd0	72657355 706d754a 70786500 6963696c 
0000000100db4fe0	6e614874 66666f64 00000000 00000000 
0000000100db4ff0	6f747561 6974616d 6e614863 66666f64 
0000000100db5000	65746641 70610072 766f7270 71006c61 
0000000100db5010	74736575 006e6f69 00000000 00000000 
0000000100db5020	736f6c63 6e795365 6f726863 73756f6e 
0000000100db5030	6b6f6f48 68746957 5274756f 6f707365 
0000000100db5040	0065736e 56776152 65756c61 756f7300 
0000000100db5050	00656372 73616870 6f740065 74006c6f 
0000000100db5060	496c6f6f 7475706e 71657200 74736575 
0000000100db5070	63536465 616d6568 00000000 00000000 
0000000100db5080	6b636f6c 756f6300 7265746e 76657200 
0000000100db5090	6f697369 7300736e 656b636f 74615074 
0000000100db50a0	696c0068 6e657473 6b636142 00676f6c 
0000000100db50b0	76726573 64467265 73696c00 656e6574 
0000000100db50c0	6c630072 746e6569 72756f53 00736563 
0000000100db50d0	65696c63 6f43746e 63656e6e 6e6f6974 
0000000100db50e0	69676552 79727473 70637400 76726553 
0000000100db50f0	64467265 70637400 7473694c 72656e65 
0000000100db5100	696c6300 42746e65 65666675 00007372 
0000000100db5110	696c6564 79726576 75646544 63696c70 
0000000100db5120	726f7461 00000000 00000000 00000000 
0000000100db5130	52687373 746f6d65 6e6f4365 7463656e 
0000000100db5140	736e6f69 00000000 00000000 00000000 
0000000100db5150	4c687373 6c61636f 65696c43 6552746e 
0000000100db5160	756c6f73 6e6f6974 726f6f43 616e6964 
0000000100db5170	00726f74 00000000 00000000 00000000 
0000000100db5180	646e6570 50676e69 696d7265 6f697373 
0000000100db5190	0000736e 00000000 00000000 00000000 
0000000100db51a0	6d726570 69737369 6e496e6f 73657267 
0000000100db51b0	76655273 6f697369 0000736e 00000000 
0000000100db51c0	6d726570 69737369 6e496e6f 73657267 
0000000100db51d0	756f4373 7265746e 00000000 00000000 
0000000100db51e0	6d726574 6c616e69 74756f52 6f436465 
0000000100db51f0	41786564 6f727070 546c6176 00004c54 
0000000100db5200	6d726574 6c616e69 74756f52 6f436465 
0000000100db5210	41786564 6f727070 736c6176 00000000 
0000000100db5220	7473616c 54657250 556c6f6f 64496573 
0000000100db5230	00000073 00000000 00000000 00000000 
0000000100db5240	65506e6f 6e69646e 72655067 7373696d 
0000000100db5250	436e6f69 676e6168 00006465 00000000 
0000000100db5260	65506e6f 73696d72 6e6f6973 646e6148 
0000000100db5270	664f6465 4e6f5466 76697461 00000065 
0000000100db5280	646e6570 50676e69 696d7265 6f697373 
0000000100db5290	4c54546e 6c747400 61656c43 5470756e 
0000000100db52a0	72656d69 65766500 6552746e 6f437663 
0000000100db52b0	73746e75 6f6f6800 676e496b 73736572 
0000000100db52c0	676e6952 00000000 00000000 00000000 
0000000100db52d0	72707061 6c61766f 656e774f 69687372 
0000000100db52e0	6d695470 00007265 00000000 00000000 
0000000100db52f0	72707061 6c61766f 656e774f 69687372 
0000000100db5300	6c6f5070 676e696c 65746e49 6c617672 
0000000100db5310	456e6f00 746e6576 64697000 656c6946 
0000000100db5320	68746150 746e6500 73656972 65657300 
0000000100db5330	0074416e 006c7474 61706163 79746963 
0000000100db5340	00646900 00000000 00000000 00000000 
0000000100db5350	6c627570 74616369 546e6f69 6e656b6f 
0000000100db5360	00646600 61657263 41646574 6e690074 
0000000100db5370	73657267 76655273 6f697369 0000006e 
0000000100db5380	6b6f6f68 67676f54 6552656c 69736976 
0000000100db5390	74006e6f 556c6f6f 64496573 6e776f00 
0000000100db53a0	00007265 00000000 00000000 00000000 
0000000100db53b0	6e65706f 65646f63 75716552 49747365 
0000000100db53c0	6f730064 65637275 6f6f6800 6e6f436b 
0000000100db53d0	49676966 00000064 00000000 00000000 
0000000100db53e0	6974616e 70416576 766f7270 6f486c61 
0000000100db53f0	74007473 006c6f6f 6c6f6f74 75706e49 
0000000100db5400	00000074 00000000 00000000 00000000 
0000000100db5410	6d726570 69737369 75536e6f 73656767 
0000000100db5420	6e6f6974 00000073 00000000 00000000 
0000000100db5430	65646f71 746e4972 63617265 6e6f6974 
0000000100db5440	73616850 00000065 00000000 00000000 
0000000100db5450	65646f71 71655272 74736575 63536465 
0000000100db5460	616d6568 756f7200 41646574 65730074 
0000000100db5470	6f697373 0064496e 75657571 706d4565 
0000000100db5480	00007974 00000000 00000000 00000000 
0000000100db5490	6f6d6572 54646576 556c6f6f 64496573 
0000000100db54a0	44490073 6f706500 69006863 6f6c4373 
0000000100db54b0	676e6973 6f6f7200 73655374 6e6f6973 
0000000100db54c0	63004449 646c6968 00004449 00000000 
0000000100db54d0	73736573 496e6f69 75620064 656c646e 
0000000100db54e0	63006449 63006477 6553696c 6f697373 
0000000100db54f0	0064496e 00646970 00797474 74737563 
0000000100db5500	754a6d6f 5255706d 6170004c 416f6573 
0000000100db5510	746e6567 00006449 00000000 00000000 
0000000100db5520	68477369 7474736f 6d614679 48796c69 
0000000100db5530	0074736f 00000000 00000000 00000000 
0000000100db5540	70707573 7374726f 736f6847 50797474 
0000000100db5550	61766972 6f466574 00737563 44497369 
0000000100db5560	736f4845 61700074 746e6572 00006449 
0000000100db5570	65666e69 64657272 65726150 6449746e 
0000000100db5580	00000000 00000000 00000000 00000000 
0000000100db5590	6e65706f 65646f43 65726150 4449746e 
0000000100db55a0	646f6300 68547865 64616572 69006449 
0000000100db55b0	48535373 6f6d6552 00006574 00000000 
0000000100db55c0	4c687373 6c61636f 646e7542 6449656c 
0000000100db55d0	69746e65 72656966 49736900 756d546e 
0000000100db55e0	6d740078 61507875 7400656e 5378756d 
0000000100db55f0	656b636f 74615074 00000068 00000000 
0000000100db5600	6c6c657a 65536a69 6f697373 6d614e6e 
0000000100db5610	657a0065 6a696c6c 656e6150 69006449 
0000000100db5620	486e4973 72647265 72656800 61507264 
0000000100db5630	6449656e 72656800 61547264 00644962 
0000000100db5640	64726568 636f5372 5074656b 00687461 
0000000100db5650	72657469 7365536d 6e6f6973 63006449 
0000000100db5660	5778756d 736b726f 65636170 63006449 
0000000100db5670	5378756d 61667275 64496563 756d6300 
0000000100db5680	636f5378 5074656b 00687461 00000000 
0000000100db5690	6d726574 6c616e69 75636f46 65644973 
0000000100db56a0	7469746e 61770079 61507072 5555656e 
0000000100db56b0	77004449 46707261 7375636f 004c5255 
0000000100db56c0	7474696b 6e695779 49776f64 696b0064 
0000000100db56d0	4c797474 65747369 006e4f6e 747a6577 
0000000100db56e0	536d7265 656b636f 65770074 7265747a 
0000000100db56f0	6e61506d 65770065 7265747a 6e69576d 
0000000100db5700	49776f64 746f0064 6f537974 74656b63 
0000000100db5710	74746f00 6e615079 00644965 57656469 
0000000100db5720	6f646e69 00644977 6f006469 48736e77 
0000000100db5730	4774736f 68706172 616c7000 6572006e 
0000000100db5740	766c6f73 61507265 00006874 00000000 
0000000100db5750	65696c63 0073746e 78756d63 66727553 
0000000100db5760	00656361 00000000 00000000 00000000 
0000000100db5770	70707573 7374726f 736f6847 50797474 
0000000100db5780	61766972 6f466574 00737563 6f006469 
0000000100db5790	48736e77 4774736f 68706172 6e756200 
0000000100db57a0	49656c64 00000064 00000000 00000000 
0000000100db57b0	56776152 65756c61 73756300 556d6f74 
0000000100db57c0	63534c52 656d6568 00000000 00000000 
0000000100db57d0	646e6f63 6f746375 636f4672 68437375 
0000000100db57e0	70007461 6f657361 6e65704f 6e656741 
0000000100db57f0	6d740074 65537875 7463656c 656e6150 
0000000100db5800	6c657a00 466a696c 7375636f 656e6150 
0000000100db5810	00000000 00000000 00000000 00000000 
0000000100db5820	78756d63 656c6553 6f577463 70736b72 
0000000100db5830	00656361 00000000 00000000 00000000 
0000000100db5840	78756d63 75636f46 72755373 65636166 
0000000100db5850	00000000 00000000 00000000 00000000 
0000000100db5860	61707573 65646f63 75636f46 62615473 
0000000100db5870	00000000 00000000 00000000 00000000 
0000000100db5880	61707573 65646f63 75636f46 72755373 
0000000100db5890	65636166 00000000 00000000 00000000 
0000000100db58a0	6163726f 75636f46 72655473 616e696d 
0000000100db58b0	0000006c 00000000 00000000 00000000 
0000000100db58c0	65707573 74657372 75636f46 72655473 
0000000100db58d0	616e696d 0000006c 00000000 00000000 
0000000100db58e0	736f6867 46797474 7375636f 69547942 
0000000100db58f0	00656c74 00000000 00000000 00000000 
0000000100db5900	70726177 75636f46 73655373 6e6f6973 
0000000100db5910	00000000 00000000 00000000 00000000 
0000000100db5920	72657469 7463416d 74617669 73655365 
0000000100db5930	6e6f6973 00000000 00000000 00000000 
0000000100db5940	72657469 7463416d 74617669 756d5465 
0000000100db5950	73655378 6e6f6973 00000000 00000000 
0000000100db5960	6d726574 6c616e69 41707041 76697463 
0000000100db5970	42657461 79745479 00000000 00000000 
0000000100db5980	736f6867 46797474 7375636f 69547942 
0000000100db5990	52656c74 79727465 00676e69 00000000 
0000000100db59a0	70726177 69746341 65746176 6f727453 
0000000100db59b0	0000676e 00000000 00000000 00000000 
0000000100db59c0	7474696b 636f4679 69577375 776f646e 
0000000100db59d0	00000000 00000000 00000000 00000000 
0000000100db59e0	747a6577 416d7265 76697463 50657461 
0000000100db59f0	00656e61 00000000 00000000 00000000 
0000000100db5a00	747a6577 526d7265 65736961 646e6957 
0000000100db5a10	0000776f 00000000 00000000 00000000 
0000000100db5a20	7974746f 75636f46 73654273 66664574 
0000000100db5a30	0074726f 4f64657a 506e6570 656a6f72 
0000000100db5a40	69007463 6f466564 57737563 6f646e69 
0000000100db5a50	6f630077 54786564 61657268 63610064 
0000000100db5a60	61766974 70416574 00000070 00000000 
0000000100db5a70	4e687373 636f4c6f 74416c61 68636174 
0000000100db5a80	00000000 00000000 00000000 00000000 
0000000100db5a90	746e6f63 656e6961 74654472 65686361 
0000000100db5aa0	00000064 00000000 00000000 00000000 
0000000100db5ab0	78756d74 74416f4e 68636174 6c436465 
0000000100db5ac0	746e6569 756d7400 6e615078 6e6f4765 
0000000100db5ad0	61700065 746e6572 7373694d 00676e69 
0000000100db5ae0	6c436f6e 00736575 70657473 6f6e0073 
0000000100db5af0	61636f4c 6e61486c 00656c64 61747461 
0000000100db5b00	64656863 69616600 0064656c 00000000 
0000000100db5b10	74416f6e 68636174 6c436465 746e6569 
0000000100db5b20	00000000 00000000 00000000 00000000 
0000000100db5b30	64726568 6e615072 00000065 00000000 
0000000100db5b40	78756d74 61747441 64656863 74736f48 
0000000100db5b50	64657a00 6a6f7250 00746365 00000000 
0000000100db5b60	69746361 65746176 46707041 626c6c61 
0000000100db5b70	006b6361 00000000 00000000 00000000 
0000000100db5b80	78756d74 6e656854 78756d43 66727553 
0000000100db5b90	00656361 72657469 7365536d 6e6f6973 
0000000100db5ba0	00000000 00000000 00000000 00000000 
0000000100db5bb0	6d726574 6c616e69 42707041 79745479 
0000000100db5bc0	00000000 00000000 00000000 00000000 
0000000100db5bd0	78756d63 65726944 6f537463 74656b63 
0000000100db5be0	00000000 00000000 00000000 00000000 
0000000100db5bf0	646e6f63 6f746375 726f5772 6170736b 
0000000100db5c00	68436563 69007461 69576564 776f646e 
0000000100db5c10	4f6f6e00 63610070 61766974 70416574 
0000000100db5c20	6f680070 614d7473 6567616e 65620064 
0000000100db5c30	65726f66 74756f52 66610065 52726574 
0000000100db5c40	6574756f 72757300 65636166 64657200 
0000000100db5c50	63657269 6f6e0074 61636f4c 6e61486c 
0000000100db5c60	00656c64 6b6f6f6c 65537075 6f697373 
0000000100db5c70	6469006e 00646900 69006469 64690064 
0000000100db5c80	00000000 00000000 00000000 00000000 
0000000100db5c90	70006469 65626f72 65696c43 0073746e 
0000000100db5ca0	626f7270 756d4365 72755378 65636166 
0000000100db5cb0	00000000 00000000 00000000 00000000 
0000000100db5cc0	70707573 7374726f 736f6847 50797474 
0000000100db5cd0	61766972 6f466574 00737563 69006469 
0000000100db5ce0	63730064 616d6568 73726556 006e6f69 
0000000100db5cf0	6563696c 4b65736e 69007965 6174736e 
0000000100db5d00	4965636e 616c0064 61567473 6164696c 
0000000100db5d10	00646574 726f7473 654c6465 00657361 
0000000100db5d20	6174656d 61746164 64707500 64657461 
0000000100db5d30	64007441 74636165 74617669 74416465 
0000000100db5d40	63696c00 65736e65 4979654b 72630064 
0000000100db5d50	65746165 00744164 69726176 4e746e61 
0000000100db5d60	00656d61 74737563 72656d6f 69616d45 
0000000100db5d70	6572006c 64726f63 73626100 00746e65 
0000000100db5d80	72726f63 00747075 63616e69 73736563 
0000000100db5d90	656c6269 00000000 00000000 00000000 
0000000100db5da0	69746361 69746176 694c6e6f 0074696d 
0000000100db5db0	69746361 69746176 73556e6f 00656761 
0000000100db5dc0	74736e69 65636e61 64690073 6d616e00 
0000000100db5dd0	69640065 616c7073 6d614e79 72630065 
0000000100db5de0	65746165 00744164 00000000 00000000 
0000000100db5df0	73726966 74634174 74617669 74416465 
0000000100db5e00	00444900 00000000 00000000 00000000 
0000000100db5e10	7361656c 72655665 6e6f6973 79656b00 
0000000100db5e20	69006449 6174736e 4965636e 656b0064 
0000000100db5e30	73614879 616d0068 6e696863 73614865 
0000000100db5e40	696c0068 736e6563 79654b65 73006449 
0000000100db5e50	75746174 63610073 61766974 6e6f6974 
0000000100db5e60	696d694c 63610074 61766974 6e6f6974 
0000000100db5e70	67617355 74730065 4965726f 72700064 
0000000100db5e80	6375646f 00644974 75737369 74416465 
0000000100db5e90	00000000 00000000 00000000 00000000 
0000000100db5ea0	6c66666f 56656e69 64696c61 69746e55 
0000000100db5eb0	7263006c 65746165 00744164 69726176 
0000000100db5ec0	4e746e61 00656d61 74737563 72656d6f 
0000000100db5ed0	69616d45 6973006c 74616e67 00657275 
0000000100db5ee0	7361656c 61730065 41646576 00000074 
0000000100db5ef0	7473616c 6e656553 61636f4c 6d69546c 
0000000100db5f00	616c0065 65537473 70556e65 656d6974 
0000000100db5f10	00000000 00000000 00000000 00000000 
0000000100db5f20	6174735f 5f006574 63417369 61766974 
0000000100db5f30	676e6974 616c5f00 72457473 00726f72 
0000000100db5f40	7463615f 74617669 69576465 75416874 
0000000100db5f50	6c436f74 756e6165 00000070 00000000 
0000000100db5f60	746e695f 69726765 654e7974 52736465 
0000000100db5f70	736e6965 6c6c6174 00000000 00000000 
0000000100db5f80	746e695f 69726765 754e7974 44656764 
0000000100db5f90	696d7369 64657373 00000000 00000000 
0000000100db5fa0	7463615f 74617669 4c6e6f69 74696d69 
0000000100db5fb0	00746948 766f7270 72656469 00000000 
0000000100db5fc0	6e75725f 656d6974 63656843 6d69546b 
0000000100db5fd0	69007265 36386f73 69003130 36386f73 
0000000100db5fe0	61463130 61626c6c 00006b63 00000000 
0000000100db5ff0	6c61765f 74616469 476e6f69 72656e65 
0000000100db6000	6f697461 0000006e 00000000 00000000 
0000000100db6010	7463615f 4c657669 6e656369 654c6573 
0000000100db6020	00657361 00000000 00000000 00000000 
0000000100db6030	7463615f 54657669 6c616972 7361654c 
0000000100db6040	00000065 00000000 00000000 00000000 
0000000100db6050	7473616c 7361654c 6a655265 52746365 
0000000100db6060	6f736165 0000006e 00000000 00000000 
0000000100db6070	68636163 72436465 6e656465 6c616974 
0000000100db6080	00000000 00000000 00000000 00000000 
0000000100db6090	64657263 69746e65 6f4c6c61 64656461 
0000000100db60a0	00000000 00000000 00000000 00000000 
0000000100db60b0	7473616c 6f706552 64657472 69746e45 
0000000100db60c0	6d656c74 41746e65 616d6f6e 0000796c 
0000000100db60d0	5673695f 64696c61 6e697461 63694c67 
0000000100db60e0	65736e65 00000000 00000000 00000000 
0000000100db60f0	5273695f 6c6f7365 676e6976 61697254 
0000000100db6100	0000006c 00000000 00000000 00000000 
0000000100db6110	7665645f 4c656369 50747369 65736168 
0000000100db6120	00000000 00000000 00000000 00000000 
0000000100db6130	6361635f 53646568 55746165 65676173 
0000000100db6140	00000000 00000000 00000000 00000000 
0000000100db6150	7665645f 4c656369 47747369 72656e65 
0000000100db6160	6f697461 0000006e 00000000 00000000 
0000000100db6170	626f245f 76726573 6f697461 6765526e 
0000000100db6180	72747369 6e007261 7453746f 65747261 
0000000100db6190	72740064 006c6169 69707865 00646572 
0000000100db61a0	6563696c 6465736e 766e6900 64696c61 
0000000100db61b0	61737500 6c006567 74696d69 746e6900 
0000000100db61c0	69726765 61467974 64656c69 00000000 
0000000100db61d0	6563696c 6465736e 74617453 74695765 
0000000100db61e0	74756f68 7361654c 00000065 00000000 
0000000100db61f0	61697274 6174536c 69576574 756f6874 
0000000100db6200	73614274 00007369 00000000 00000000 
0000000100db6210	6b636f6c 74536465 57657461 45687469 
0000000100db6220	7469746e 656d656c 6c00746e 6564616f 
0000000100db6230	64690064 6c00656c 6964616f 6600676e 
0000000100db6240	656c6961 61520064 6c615677 00006575 
0000000100db6250	77656976 69646441 6e6f6974 65536c61 
0000000100db6260	6f697373 6a00736e 00706d75 72707061 
0000000100db6270	6c61766f 71004955 74736575 556e6f69 
0000000100db6280	63610049 6e6f6974 726f6853 74756374 
0000000100db6290	72750073 6f6d006c 72006564 6574756f 
0000000100db62a0	00000000 00000000 00000000 00000000 
0000000100db62b0	74737973 72506d65 72656665 4c646572 
0000000100db62c0	6c61636f 00000065 00000000 00000000 
0000000100db62d0	6b726f77 65527265 73657571 4c646574 
0000000100db62e0	6c61636f 00000065 00000000 00000000 
0000000100db62f0	6b726f77 65527265 766c6f73 6f4c6465 
0000000100db6300	656c6163 726f7700 4c72656b 636f4c53 
0000000100db6310	00656c61 00000000 00000000 00000000 
0000000100db6320	6b726f77 6f4c7265 656c6163 72756f53 
0000000100db6330	00006563 00000000 00000000 00000000 
0000000100db6340	6b726f77 6f437265 72746e75 646f4379 
0000000100db6350	6f770065 72656b72 65736142 004c5255 
0000000100db6360	6e676973 6e456465 6f6c6576 534a6570 
0000000100db6370	72004e4f 65757165 64657473 61636f4c 
0000000100db6380	7200656c 6c6f7365 4c646576 6c61636f 
0000000100db6390	736c0065 61636f4c 6c00656c 6c61636f 
0000000100db63a0	756f5365 00656372 6f436663 72746e75 
0000000100db63b0	72700079 43656369 73746e65 69727000 
0000000100db63c0	69446563 616c7073 6f6c0079 64656b63 
0000000100db63d0	76007441 64696c61 63696c00 65736e65 
0000000100db63e0	0079654b 7361656c 72650065 00726f72 
0000000100db63f0	73006469 75746174 656b0073 63610079 
0000000100db6400	61766974 6e6f6974 696d694c 63610074 
0000000100db6410	61766974 6e6f6974 67617355 74730065 
0000000100db6420	4965726f 72700064 6375646f 00644974 
0000000100db6430	61657263 41646574 61760074 6e616972 
0000000100db6440	6d614e74 75630065 6d6f7473 6d457265 
0000000100db6450	006c6961 56707061 69737265 70006e6f 
0000000100db6460	6674616c 006d726f 646e7562 6449656c 
0000000100db6470	6e696200 00797261 74736e69 65636e61 
0000000100db6480	74756100 656c436f 64656e61 6d616e00 
0000000100db6490	00000065 00000000 00000000 00000000 
0000000100db64a0	73006469 75746174 656b0073 63610079 
0000000100db64b0	61766974 6e6f6974 696d694c 63610074 
0000000100db64c0	61766974 6e6f6974 67617355 72630065 
0000000100db64d0	65746165 00744164 69707865 41736572 
0000000100db64e0	74730074 4965726f 72700064 6375646f 
0000000100db64f0	00644974 69726176 4e746e61 00656d61 
0000000100db6500	74737563 72656d6f 69616d45 6176006c 
0000000100db6510	0064696c 6f727265 696c0072 736e6563 
0000000100db6520	79654b65 74656d00 656c0061 00657361 
0000000100db6530	76726573 72457265 00726f72 61766e69 
0000000100db6540	5564696c 69004c52 6c61766e 65526469 
0000000100db6550	6e6f7073 64006573 74636165 74617669 
0000000100db6560	6f006465 6e69006b 6e617473 00736563 
0000000100db6570	656d616e 74636100 74617669 69006465 
0000000100db6580	6174736e 0065636e 6f747561 61656c43 
0000000100db6590	0064656e 70736964 4e79616c 00656d61 
0000000100db65a0	73726966 74634174 74617669 74416465 
0000000100db65b0	00000000 00000000 00000000 00000000 
0000000100db65c0	61766e69 4b64696c 00646e69 00000000 
0000000100db65d0	61766e69 5364696c 616e6769 65727574 
0000000100db65e0	766e6900 64696c61 6c796150 0064616f 
0000000100db65f0	646e696b 79656b00 70006449 6f6c7961 
0000000100db6600	534a6461 73004e4f 616e6769 65727574 
0000000100db6610	77615200 756c6156 00000065 00000000 
0000000100db6620	66656424 746c7561 6f746341 73690072 
0000000100db6630	3036386f 656c0031 00657361 65766173 
0000000100db6640	00744164 00000000 00000000 00000000 
0000000100db6650	7473616c 6e656553 61636f4c 6d69546c 
0000000100db6660	616c0065 65537473 70556e65 656d6974 
0000000100db6670	73616c00 72655374 54726576 00656d69 
0000000100db6680	66656424 746c7561 6f746341 73690072 
0000000100db6690	3036386f 73690031 3036386f 6c614631 
0000000100db66a0	6361626c 6564006b 65646f63 6e650072 
0000000100db66b0	65646f63 656c0072 56657361 69737265 
0000000100db66c0	74006e6f 6c616972 73006449 656a6275 
0000000100db66d0	64497463 61747300 73006574 74726174 
0000000100db66e0	74416465 70786500 73657269 69007441 
0000000100db66f0	65757373 00744164 00000000 00000000 
0000000100db6700	6c66666f 56656e69 64696c61 69746e55 
0000000100db6710	6973006c 74616e67 00657275 6167656c 
0000000100db6720	75537963 63656a62 00644974 6a627573 
0000000100db6730	53746365 6e657274 00687467 6a627573 
0000000100db6740	53746365 6372756f 69007365 6765746e 
0000000100db6750	79746972 74617453 61007375 65567070 
0000000100db6760	6f697372 6c70006e 6f667461 62006d72 
0000000100db6770	6c646e75 00644965 00000000 00000000 
0000000100db6780	6167656c 69447963 6e697473 64497463 
0000000100db6790	00000000 00000000 00000000 00000000 
0000000100db67a0	65696c63 7250746e 6e65766f 65636e61 
0000000100db67b0	006b6f00 7361656c 65730065 72657672 
0000000100db67c0	656d6954 67696d00 69746172 6f536e6f 
0000000100db67d0	65637275 756f7300 00656372 00000000 
0000000100db67e0	756f6873 6552646c 64726f63 61697254 
0000000100db67f0	6174536c 64657472 006b6f00 63656863 
0000000100db6800	74756f6b 004c5255 56776152 65756c61 
0000000100db6810	65642400 6c756166 74634174 6300726f 
0000000100db6820	65686361 6e694264 00797261 616e6962 
0000000100db6830	65527972 766c6f73 70006465 00636f72 
0000000100db6840	6b636f6c 6e6f6400 6f630065 6f00746e 
0000000100db6850	6f637475 6d00656d 69740073 00656c74 
0000000100db6860	65746172 696d694c 00646574 74706d65 
0000000100db6870	00000079 00000000 00000000 00000000 
0000000100db6880	636e6163 616c6c65 00656c62 53726570 
0000000100db6890	69737365 6d006e6f 65526e69 73657266 
0000000100db68a0	70614768 6f6c6700 496c6162 696c466e 
0000000100db68b0	00746867 70737573 55646e65 6c69746e 
0000000100db68c0	00000000 00000000 00000000 00000000 
0000000100db68d0	736e6f63 74756365 45657669 7974706d 
0000000100db68e0	00000000 00000000 00000000 00000000 
0000000100db68f0	65746172 696d694c 43646574 646c6f6f 
0000000100db6900	006e776f 74706d65 72685479 6f687365 
0000000100db6910	6500646c 7974706d 6c6f6f43 6e776f64 
0000000100db6920	466e6900 6867696c 616c0074 69467473 
0000000100db6930	41646572 616e0074 4164656d 76697463 
0000000100db6940	41797469 64240074 75616665 6341746c 
0000000100db6950	00726f74 7473616c 74697257 006e6574 
0000000100db6960	6950636e 73690064 63746157 676e6968 
0000000100db6970	73626f00 65767265 626f0072 76726573 
0000000100db6980	75527265 6f6f4c6e 616c0070 68636e75 
0000000100db6990	6573624f 72657672 00000000 00000000 
0000000100db69a0	6d726574 74616e69 73624f65 65767265 
0000000100db69b0	00000072 00000000 00000000 00000000 
0000000100db69c0	65656c73 73624f70 65767265 6b6f5472 
0000000100db69d0	62006e65 656e6e61 656c4572 746e656d 
0000000100db69e0	65720073 746e6563 68736148 69007365 
0000000100db69f0	006f666e 73006469 69737365 44496e6f 
0000000100db6a00	6c6f7200 6f6d0065 496c6564 6f630044 
0000000100db6a10	74007473 6e656b6f 69740073 6500656d 
0000000100db6a20	726f7272 72617000 656d0074 67617373 
0000000100db6a30	00444965 65707974 6c616300 0044496c 
0000000100db6a40	6c6f6f74 61747300 73006574 75746174 
0000000100db6a50	6e690073 00747570 7074756f 74007475 
0000000100db6a60	656c7469 71657200 74736575 72004449 
0000000100db6a70	796c7065 72657000 7373696d 006e6f69 
0000000100db6a80	74746170 736e7265 74656d00 74616461 
0000000100db6a90	6c610061 73796177 65726300 64657461 
0000000100db6aa0	64707500 64657461 63726100 65766968 
0000000100db6ab0	69640064 74636572 0079726f 65726170 
0000000100db6ac0	4449746e 74746100 74706d65 73656d00 
0000000100db6ad0	65676173 78656e00 65720074 6e6f7361 
0000000100db6ae0	00676e69 68636163 6f630065 656c706d 
0000000100db6af0	00646574 65726170 6449746e 72617000 
0000000100db6b00	53746e65 656b616e 52004449 61567761 
0000000100db6b10	0065756c 64616572 69727700 70006574 
0000000100db6b20	0074726f 65736162 004c5255 65726964 
0000000100db6b30	726f7463 00000079 00000000 00000000 
0000000100db6b40	69746361 6f436576 63656e6e 6e6f6974 
0000000100db6b50	00000073 00000000 00000000 00000000 
0000000100db6b60	63736964 7265766f 65536465 72657672 
0000000100db6b70	73690073 6e6e7552 00676e69 6f636572 
0000000100db6b80	63656e6e 6c654474 00007961 00000000 
0000000100db6b90	68747561 636f6c42 5064656b 7374726f 
0000000100db6ba0	00000000 00000000 00000000 00000000 
0000000100db6bb0	69646572 766f6373 54797265 72656d69 
0000000100db6bc0	00000000 00000000 00000000 00000000 
0000000100db6bd0	736e6f63 74756365 44657669 6f637369 
0000000100db6be0	79726576 7373694d 00007365 00000000 
0000000100db6bf0	72616568 61656274 6d695474 74756f65 
0000000100db6c00	00000000 00000000 00000000 00000000 
0000000100db6c10	5278616d 6e6f6365 7463656e 616c6544 
0000000100db6c20	00000079 00000000 00000000 00000000 
0000000100db6c30	74696e69 526c6169 6e6f6365 7463656e 
0000000100db6c40	616c6544 00000079 00000000 00000000 
0000000100db6c50	62617473 6f43656c 63656e6e 6e6f6974 
0000000100db6c60	61727544 6e6f6974 00000000 00000000 
0000000100db6c70	69646572 766f6373 42797265 49657361 
0000000100db6c80	7265746e 006c6176 00000000 00000000 
0000000100db6c90	69646572 766f6373 4d797265 6e497861 
0000000100db6ca0	76726574 00006c61 00000000 00000000 
0000000100db6cb0	68747561 7a69726f 6f697461 7165526e 
0000000100db6cc0	65726975 00000064 00000000 00000000 
0000000100db6cd0	66656424 746c7561 6f746341 72740072 
0000000100db6ce0	70736e61 0074726f 72746572 6c654479 
0000000100db6cf0	6d007961 68637461 65747441 7374706d 
0000000100db6d00	61727400 6f70736e 6e497472 00657355 
0000000100db6d10	6e617274 726f7073 69615774 73726574 
0000000100db6d20	00000000 00000000 00000000 00000000 
0000000100db6d30	6d656164 6e556e6f 69617661 6c62616c 
0000000100db6d40	69740065 756f656d 00000074 00000000 
0000000100db6d50	6f636e69 7461706d 656c6269 746f7250 
0000000100db6d60	6c6f636f 00000000 00000000 00000000 
0000000100db6d70	70736572 65736e6f 656a6552 64657463 
0000000100db6d80	646f6d00 6a655265 65746365 6e690064 
0000000100db6d90	696c6176 73655264 736e6f70 65730065 
0000000100db6da0	6f697373 0064496e 70006469 69766f72 
0000000100db6db0	00726564 73726570 65747369 0065636e 
0000000100db6dc0	746e7572 49656d69 006f666e 00000000 
0000000100db6dd0	646e6570 50676e69 696d7265 6f697373 
0000000100db6de0	6300736e 6475616c 73655365 6e6f6973 
0000000100db6df0	74004449 556c6f6f 44496573 73657200 
0000000100db6e00	74756c6f 006e6f69 6374616d 00646568 
0000000100db6e10	73736573 4d6e6f69 69737369 0000676e 
0000000100db6e20	6d726570 69737369 694d6e6f 6e697373 
0000000100db6e30	6d610067 75676962 0073756f 00000000 
0000000100db6e40	6f636e69 7461706d 656c6269 6174654d 
0000000100db6e50	61746164 65676100 4449746e 72657000 
0000000100db6e60	7373696d 496e6f69 65700044 73696d72 
0000000100db6e70	6e6f6973 646e694b 74636100 496e6f69 
0000000100db6e80	73007344 65636e79 6c610064 64616572 
0000000100db6e90	73655279 65766c6f 61660064 64656c69 
0000000100db6ea0	6c6c6100 6400776f 00796e65 646e696b 
0000000100db6eb0	74636100 736e6f69 74656d00 74616461 
0000000100db6ec0	696d0061 6e697373 65644967 7469746e 
0000000100db6ed0	00000079 00000000 00000000 00000000 
0000000100db6ee0	69626d61 756f7567 65644973 7469746e 
0000000100db6ef0	61520079 6c615677 24006575 61666564 
0000000100db6f00	41746c75 726f7463 646e6500 6e696f70 
0000000100db6f10	65720074 6e6f7073 69546573 756f656d 
0000000100db6f20	72750074 7365536c 6e6f6973 62657700 
0000000100db6f30	6b636f53 72007465 65757165 64497473 
0000000100db6f40	65676100 6449746e 63636100 65747065 
0000000100db6f50	67610064 49746e65 65700044 73696d72 
0000000100db6f60	6e6f6973 73004449 75746174 6e650073 
0000000100db6f70	65697274 61700073 6e496567 61006f66 
0000000100db6f80	746e6567 78656e00 72754374 00726f73 
0000000100db6f90	4d736168 0065726f 73726576 006e6f69 
0000000100db6fa0	70736572 65736e6f 73657200 65766c6f 
0000000100db6fb0	65720064 7463656a 00006465 00000000 
0000000100db6fc0	66656424 746c7561 6f746341 72740072 
0000000100db6fd0	70736e61 0074726f 00000000 00000000 
0000000100db6fe0	66657270 6e657265 50736563 69766f72 
0000000100db6ff0	00726564 00000000 00000000 00000000 
0000000100db7000	69766564 654b6563 6f725079 65646976 
0000000100db7010	00000072 00000000 00000000 00000000 
0000000100db7020	72636e65 69747079 72506e6f 6469766f 
0000000100db7030	00007265 00000000 00000000 00000000 
0000000100db7040	73657270 65636e65 766f7250 72656469 
0000000100db7050	6c656400 72657669 74416465 6c656400 
0000000100db7060	72657669 6c536465 0073746f 00000000 
0000000100db7070	6c466e69 74686769 6e657645 73444974 
0000000100db7080	6f6c7300 69615474 0000736c 00000000 
0000000100db7090	7478656e 746f6c53 656e6547 69746172 
0000000100db70a0	00006e6f 00000000 00000000 00000000 
0000000100db70b0	75646564 63696c70 6f697461 6d694c6e 
0000000100db70c0	65007469 6f70646e 00746e69 69766564 
0000000100db70d0	654b6563 6f630079 6769666e 74617275 
0000000100db70e0	006e6f69 746e6573 67007441 72656e65 
0000000100db70f0	6f697461 6174006e 00006b73 00000000 
0000000100db7100	61766e69 5364696c 65767265 4c525572 
0000000100db7110	00000000 00000000 00000000 00000000 
0000000100db7120	7373696d 44676e69 63697665 79654b65 
0000000100db7130	6a657200 65746365 6f630064 74006564 
0000000100db7140	656c7469 646f6200 72670079 0070756f 
0000000100db7150	6576656c 6469006c 6c747400 74636100 
0000000100db7160	006e6f69 6e6f6369 70696300 74726568 
0000000100db7170	00747865 64007669 74656c65 65730065 
0000000100db7180	6300646e 7261656c 77615200 756c6156 
0000000100db7190	00000065 00000000 00000000 00000000 
0000000100db71a0	0079656b 75746573 00564970 00000000 
0000000100db71b0	61766e69 4364696c 69666e6f 61727567 
0000000100db71c0	6e6f6974 00000000 00000000 00000000 
0000000100db71d0	646e6172 65476d6f 6172656e 6e6f6974 
0000000100db71e0	6c696146 00006465 00000000 00000000 
0000000100db71f0	72636e65 69747079 61466e6f 64656c69 
0000000100db7200	00000000 00000000 00000000 00000000 
0000000100db7210	61666564 73746c75 73695f00 62616e45 
0000000100db7220	0064656c 7265735f 55726576 00004c52 
0000000100db7230	7070615f 61766f72 616e456c 64656c62 
0000000100db7240	00000000 00000000 00000000 00000000 
0000000100db7250	6575715f 6f697473 616e456e 64656c62 
0000000100db7260	00000000 00000000 00000000 00000000 
0000000100db7270	6d6f635f 74656c70 456e6f69 6c62616e 
0000000100db7280	5f006465 6e726177 45676e69 6c62616e 
0000000100db7290	5f006465 696c6564 79726576 65646f4d 
0000000100db72a0	00000000 00000000 00000000 00000000 
0000000100db72b0	4573695f 7972636e 6f697470 616e456e 
0000000100db72c0	64656c62 00000000 00000000 00000000 
0000000100db72d0	636e695f 6564756c 74654473 656c6961 
0000000100db72e0	6e6f4364 746e6574 65645f00 65636976 
0000000100db72f0	0079654b 00000000 00000000 00000000 
0000000100db7300	4473695f 63697665 79654b65 64616f4c 
0000000100db7310	00006465 00000000 00000000 00000000 
0000000100db7320	636e655f 74707972 436e6f69 69666e6f 
0000000100db7330	61727567 6e6f6974 00000000 00000000 
0000000100db7340	4573695f 7972636e 6f697470 6e6f436e 
0000000100db7350	75676966 69746172 6f4c6e6f 64656461 
0000000100db7360	00000000 00000000 00000000 00000000 
0000000100db7370	626f245f 76726573 6f697461 6765526e 
0000000100db7380	72747369 69007261 616e4573 64656c62 
0000000100db7390	72657300 55726576 61004c52 6f727070 
0000000100db73a0	456c6176 6c62616e 71006465 74736575 
0000000100db73b0	456e6f69 6c62616e 00006465 00000000 
0000000100db73c0	706d6f63 6974656c 6e456e6f 656c6261 
0000000100db73d0	61770064 6e696e72 616e4567 64656c62 
0000000100db73e0	6c656400 72657669 646f4d79 00000065 
0000000100db73f0	6e457369 70797263 6e6f6974 62616e45 
0000000100db7400	0064656c 00000000 00000000 00000000 
0000000100db7410	6c636e69 73656475 61746544 64656c69 
0000000100db7420	746e6f43 00746e65 0079656b 75746573 
0000000100db7430	00564970 69766564 654b6563 00000079 
0000000100db7440	72636e65 69747079 6f436e6f 6769666e 
0000000100db7450	74617275 006e6f69 00000000 00000000 
0000000100db7460	6b006469 00646e69 73736573 496e6f69 
0000000100db7470	00000064 00000000 00000000 00000000 
0000000100db7480	746e7572 49656d69 6174736e 4965636e 
0000000100db7490	67610064 4e746e65 00656d61 6a6f7270 
0000000100db74a0	4e746365 00656d61 73657270 61746e65 
0000000100db74b0	6e6f6974 65726300 64657461 61007441 
0000000100db74c0	6f727070 006c6176 73657571 6e6f6974 
0000000100db74d0	6d6f6300 74656c70 006e6f69 6e726177 
0000000100db74e0	00676e69 73736573 546e6f69 656c7469 
0000000100db74f0	6e6f6300 746e6574 76657250 00776569 
0000000100db7500	69746361 79746976 656d614e 6c6c4100 
0000000100db7510	65736143 61520073 6c615677 69006575 
0000000100db7520	73694473 79616c70 656c7341 69007065 
0000000100db7530	72635373 4c6e6565 656b636f 64690064 
0000000100db7540	6553656c 646e6f63 6d730073 00747261 
0000000100db7550	61776c61 41007379 61436c6c 00736573 
0000000100db7560	56776152 65756c61 61727400 6f70736e 
0000000100db7570	61467472 64656c69 6c616d00 6d726f66 
0000000100db7580	754f6465 74757074 6f6f7400 796e614d 
0000000100db7590	75736552 0073746c 6f736261 6574756c 
0000000100db75a0	66656400 746c7561 656d6f48 74617000 
0000000100db75b0	6f730068 65637275 00444900 65706170 
0000000100db75c0	696c6372 616d0070 6c61756e 76617300 
0000000100db75d0	52006465 61567761 0065756c 74617473 
0000000100db75e0	68630065 656b6365 00744164 746f6f72 
0000000100db75f0	61747300 63006574 69666e6f 65727567 
0000000100db7600	6b730064 65707069 69640064 6c626173 
0000000100db7610	6d006465 69737369 6600676e 656c6961 
0000000100db7620	70750064 64617267 71655265 65726975 
0000000100db7630	6e750064 69726576 64656966 70757300 
0000000100db7640	74726f70 00006465 00000000 00000000 
0000000100db7650	63637573 00737365 7373656d 00656761 
0000000100db7660	65647473 64007272 74617275 4d6e6f69 
0000000100db7670	73750073 6f476465 616e6942 00007972 
0000000100db7680	65646f63 75725478 65567473 69666972 
0000000100db7690	69746163 73006e6f 69747465 4a73676e 
0000000100db76a0	004e4f53 00000000 00000000 00000000 
0000000100db76b0	74617473 696c7375 7257656e 65707061 
0000000100db76c0	72635372 00747069 00000000 00000000 
0000000100db76d0	6769726f 6c616e69 74617453 696c7375 
0000000100db76e0	6f43656e 6e616d6d 00000064 00000000 
0000000100db76f0	6f6d6572 74536576 73757461 656e696c 
0000000100db7700	70617257 00726570 00000000 00000000 
0000000100db7710	736f685f 5f007374 746e7572 73656d69 
0000000100db7720	00000000 00000000 00000000 00000000 
0000000100db7730	6365725f 656e6e6f 6e457463 6b6f5476 
0000000100db7740	00736e65 00000000 00000000 00000000 
0000000100db7750	74756f5f 65746164 6f6f4864 736f486b 
0000000100db7760	00007374 00000000 00000000 00000000 
0000000100db7770	73616c5f 68635374 43616d65 6b636568 
0000000100db7780	00007441 00000000 00000000 00000000 
0000000100db7790	65686373 6843616d 446b6365 756f6265 
0000000100db77a0	0065636e 00000000 00000000 00000000 
0000000100db77b0	6f6f685f 7475416b 6470556f 6e697461 
0000000100db77c0	736f4867 00007374 00000000 00000000 
0000000100db77d0	6d65725f 4365746f 7865646f 73757254 
0000000100db77e0	65684374 6e696b63 736f4867 00007374 
0000000100db77f0	73616c5f 6d655274 4365746f 7865646f 
0000000100db7800	73757254 6f725074 74416562 00000000 
0000000100db7810	6f6d6572 6f436574 54786564 74737572 
0000000100db7820	626f7250 62654465 636e756f 00000065 
0000000100db7830	656c735f 624f7065 76726573 6f547265 
0000000100db7840	006e656b 00000000 00000000 00000000 
0000000100db7850	6e65705f 676e6964 656b6157 706d6f43 
0000000100db7860	61736e65 6e6f6974 00000000 00000000 
0000000100db7870	626f245f 76726573 6f697461 6765526e 
0000000100db7880	72747369 70007261 65636f72 73007373 
0000000100db7890	75746174 6f630073 63656e6e 41646574 
0000000100db78a0	656c0074 72656764 0079654b 696c6f70 
0000000100db78b0	72007963 6e6f6365 7463656e 656d6954 
0000000100db78c0	00000072 00000000 00000000 00000000 
0000000100db78d0	72657375 63736944 656e6e6f 64657463 
0000000100db78e0	00000000 00000000 00000000 00000000 
0000000100db78f0	7473616c 43657250 6e61656c 65726f46 
0000000100db7900	006e6769 00000000 00000000 00000000 
0000000100db7910	7473616c 43657250 6e61656c 6d6d7553 
0000000100db7920	00797261 656e776f 70614372 65727574 
0000000100db7930	00000064 00000000 00000000 00000000 
0000000100db7940	656e776f 70614372 65727574 65747441 
0000000100db7950	7374706d 6e656700 74617265 006e6f69 
0000000100db7960	6c616568 69546874 0072656d 6c616568 
0000000100db7970	61466874 72756c69 68007365 746c6165 
0000000100db7980	73755368 646e6570 00006465 00000000 
0000000100db7990	6b636f6c 746e6500 73656972 736f6800 
0000000100db79a0	00644974 656e6567 69746172 73006e6f 
0000000100db79b0	65746174 73616c00 65684374 64656b63 
0000000100db79c0	62007441 6c646e75 00644965 70736964 
0000000100db79d0	4e79616c 00656d61 646e6977 6449776f 
0000000100db79e0	62617400 65646e49 74740078 64690079 
0000000100db79f0	736f6800 73750074 61007265 7361696c 
0000000100db7a00	70656400 65796f6c 616c0064 65447473 
0000000100db7a10	796f6c70 74416465 73616c00 70654474 
0000000100db7a20	45796f6c 726f7272 00000000 00000000 
0000000100db7a30	6c706564 6465796f 6b6f6f48 73726556 
0000000100db7a40	006e6f69 6f747561 61647055 6f486574 
0000000100db7a50	00736b6f 6f747561 6e6e6f43 00746365 
0000000100db7a60	756e616d 6f436c61 63656e6e 6e6f6974 
0000000100db7a70	796c6e4f 68737300 6974704f 00736e6f 
0000000100db7a80	6f6d6572 72416574 00006863 00000000 
0000000100db7a90	6f6d6572 6c436574 65647561 67617355 
0000000100db7aa0	6c655265 6e457961 656c6261 00000064 
0000000100db7ab0	6f6d6572 6f436574 55786564 65676173 
0000000100db7ac0	626f7250 616e4565 64656c62 00000000 
0000000100db7ad0	6f6d6572 6f466574 72617772 726f5064 
0000000100db7ae0	00000074 00000000 00000000 00000000 
0000000100db7af0	65707573 64657372 65526465 65746f6d 
0000000100db7b00	77726f46 50647261 0074726f 00000000 
0000000100db7b10	6f6d6572 6f436574 48786564 546b6f6f 
0000000100db7b20	74737572 00000000 00000000 00000000 
0000000100db7b30	69646461 6e6f6974 6f436c61 43786564 
0000000100db7b40	69666e6f 6f6f5267 6c007374 656b6e69 
0000000100db7b50	72655464 616e696d 7561006c 694c6f74 
0000000100db7b60	64656b6e 61007441 70656363 76457374 
0000000100db7b70	73746e65 00444900 73757274 00646574 
0000000100db7b80	6465656e 6e614d73 546c6175 74737572 
0000000100db7b90	766e7500 66697265 00646569 56776152 
0000000100db7ba0	65756c61 00000000 00000000 00000000 
0000000100db7bb0	6c466e69 74686769 74736f48 616c0073 
0000000100db7bc0	72507473 4165626f 00000074 00000000 
0000000100db7bd0	7473616c 626f7250 69725465 72656767 
0000000100db7be0	6e657000 676e6964 6b736154 00000073 
0000000100db7bf0	61766e69 5264696c 4c657461 74696d69 
0000000100db7c00	61685373 00006570 00000000 00000000 
0000000100db7c10	6f736572 7265766c 6e616c00 6e007365 
0000000100db7c20	50747865 65626f72 73004449 69737365 
0000000100db7c30	64496e6f 68737300 6e6e6f43 69746365 
0000000100db7c40	73006e6f 54546873 6f680059 69487473 
0000000100db7c50	6500746e 5373646e 69737365 66006e6f 
0000000100db7c60	65676e69 69727072 6900746e 746e6564 
0000000100db7c70	00797469 75716572 73747365 63616300 
0000000100db7c80	00646568 6b736174 74636100 50657669 
0000000100db7c90	65626f72 69004449 6c654473 72657669 
0000000100db7ca0	00676e69 75706e69 65640074 6576696c 
0000000100db7cb0	63007972 656e6e6f 6f697463 6168006e 
0000000100db7cc0	6d655273 5465746f 73005954 6372756f 
0000000100db7cd0	00000065 00000000 00000000 00000000 
0000000100db7ce0	61727564 6e6f6974 6c6c694d 63657369 
0000000100db7cf0	73646e6f 63616300 70006568 65626f72 
0000000100db7d00	73696d00 676e6973 65756c43 77615200 
0000000100db7d10	756c6156 00000065 00000000 00000000 
0000000100db7d20	6b636f6c 74616400 00000061 00000000 
0000000100db7d30	646e7562 6449656c 69746e65 72656966 
0000000100db7d40	64697000 79747400 73657200 74756c6f 
0000000100db7d50	006e6f69 6d6d6f63 00646e61 75677261 
0000000100db7d60	746e656d 00000073 00000000 00000000 
0000000100db7d70	654e7369 726f7774 7461536b 69667369 
0000000100db7d80	6d006465 74696e6f 7100726f 65756575 
0000000100db7d90	77617200 69746153 65696673 65700064 
0000000100db7da0	6e69646e 73655267 65726f74 726f7700 
0000000100db7db0	6170736b 6f546563 736e656b 61747300 
0000000100db7dc0	64657472 00000000 00000000 00000000 
0000000100db7dd0	65686373 6556616d 6f697372 6f68006e 
0000000100db7de0	64497473 64697000 72656b00 536c656e 
0000000100db7df0	74726174 00636553 6e72656b 74536c65 
0000000100db7e00	55747261 00636573 63657865 62617475 
0000000100db7e10	6150656c 61006874 00766772 54687373 
0000000100db7e20	65677261 6f700074 63007472 72746e6f 
0000000100db7e30	61506c6f 6f006874 72656e77 50707041 
0000000100db7e40	00006469 00000000 00000000 00000000 
0000000100db7e50	656e776f 70704172 72617453 63655374 
0000000100db7e60	00000000 00000000 00000000 00000000 
0000000100db7e70	656e776f 70704172 72617453 65735574 
0000000100db7e80	72630063 65746165 00744164 4e646970 
0000000100db7e90	7250746f 6e657365 00000074 00000000 
0000000100db7ea0	49646970 72754373 746e6572 6576694c 
0000000100db7eb0	6e6e7554 00006c65 00000000 00000000 
0000000100db7ec0	72617473 6d695474 73694d65 6374616d 
0000000100db7ed0	72610068 694d7667 74616d73 00006863 
0000000100db7ee0	656e776f 70704172 6c697453 696c416c 
0000000100db7ef0	00006576 00000000 00000000 00000000 
0000000100db7f00	72657375 746e6157 6e6f4373 7463656e 
0000000100db7f10	00006465 00000000 00000000 00000000 
0000000100db7f20	7774656e 536b726f 73697461 64656966 
0000000100db7f30	73797300 416d6574 656b6177 73616200 
0000000100db7f40	6c654465 6d007961 65447861 0079616c 
0000000100db7f50	776f6c73 616c6544 61770079 6553656b 
0000000100db7f60	656c7474 616c6544 00000079 00000000 
0000000100db7f70	68747561 636f6c42 7268546b 6f687365 
0000000100db7f80	6100646c 6d657474 61007470 46687475 
0000000100db7f90	756c6961 00736572 6c617473 6c655365 
0000000100db7fa0	72745366 006b6165 636f6c62 5264656b 
0000000100db7fb0	6f736165 6968006e 0000746e 00000000 
0000000100db7fc0	7774656e 556b726f 6176616e 62616c69 
0000000100db7fd0	7400656c 736e6172 746e6569 00000000 
0000000100db7fe0	6c617473 6c655365 6d655266 4665746f 
0000000100db7ff0	6177726f 00006472 00000000 00000000 
0000000100db8000	65726f66 506e6769 4f74726f 70756363 
0000000100db8010	00646569 68747561 69746e65 69746163 
0000000100db8020	68006e6f 4b74736f 68437965 65676e61 
0000000100db8030	73730064 6e6f4368 00676966 6e6b6e75 
0000000100db8040	006e776f 72746572 74664179 62007265 
0000000100db8050	6b636f6c 63006465 656e6e6f 6f4e7463 
0000000100db8060	61770077 6f467469 74654e72 6b726f77 
0000000100db8070	69617700 726f4674 656b6157 6c646900 
0000000100db8080	00000065 00000000 00000000 00000000 
0000000100db8090	68747561 69746e65 69746163 61466e6f 
0000000100db80a0	64656c69 68737300 666e6f43 72456769 
0000000100db80b0	00726f72 74726f70 4279614d 6b615465 
0000000100db80c0	00006e65 00000000 00000000 00000000 
0000000100db80d0	6c617473 726f5065 6c655374 6c654866 
0000000100db80e0	6f680064 64497473 64697000 61747300 
0000000100db80f0	65537472 74730063 55747261 00636573 
0000000100db8100	6465656e 74744173 69746e65 65006e6f 
0000000100db8110	726f7272 73696400 6e6e6f63 65746365 
0000000100db8120	6f630064 63656e6e 676e6974 6e6f6300 
0000000100db8130	7463656e 72006465 6e6f6365 7463656e 
0000000100db8140	00676e69 65657266 556e6900 75006573 
0000000100db8150	6f6e6b6e 66006e77 6965726f 634f6e67 
0000000100db8160	69707563 74006465 75007063 49007364 
0000000100db8170	6c410044 7361436c 52007365 61567761 
0000000100db8180	0065756c 00000000 00000000 00000000 
0000000100db8190	61746164 65736162 61747300 656d6574 
0000000100db81a0	2400746e 61666564 41746c75 726f7463 
0000000100db81b0	73657300 6e6f6973 00006449 00000000 
0000000100db81c0	746e7572 49656d69 6174736e 4965636e 
0000000100db81d0	61640064 61626174 52556573 7274004c 
0000000100db81e0	63736e61 74706972 004c5255 73736573 
0000000100db81f0	536e6f69 65726f74 44736900 6c707369 
0000000100db8200	73417961 7065656c 73616c00 6e655074 
0000000100db8210	676e6964 70657453 74656400 526c6961 
0000000100db8220	79727465 70657453 6c6f7000 676e696c 
0000000100db8230	6b736154 74656d00 73636972 646e6900 
0000000100db8240	74007865 00657079 72657571 756f4379 
0000000100db8250	0000746e 00000000 00000000 00000000 
0000000100db8260	6e617274 69726373 65527470 6f436461 
0000000100db8270	00746e75 00000000 00000000 00000000 
0000000100db8280	61746164 65736162 6c696146 43657275 
0000000100db8290	746e756f 65747300 696b0070 7400646e 
0000000100db82a0	006c6f6f 6c6f6f74 75706e49 61640074 
0000000100db82b0	61626174 704f6573 75006e65 6f6e6b6e 
0000000100db82c0	63536e77 616d6568 74616400 73616261 
0000000100db82d0	61655265 75710064 69747365 61006e6f 
0000000100db82e0	6f727070 006c6176 00000000 00000000 
0000000100db82f0	66656424 746c7561 6f746341 61700072 
0000000100db8300	746e6572 73736553 496e6f69 00000064 
0000000100db8310	746e7572 49656d69 6174736e 4965636e 
0000000100db8320	72740064 63736e61 74706972 004c5255 
0000000100db8330	73736573 536e6f69 65726f74 696d6500 
0000000100db8340	64657474 6c696843 6e657264 6c6f7000 
0000000100db8350	676e696c 6b736154 72756300 00726f73 
0000000100db8360	72657469 6f697461 756f436e 0000746e 
0000000100db8370	656c6966 46746f4e 646e756f 6e756f43 
0000000100db8380	00000074 00000000 00000000 00000000 
0000000100db8390	73726170 72724565 694c726f 6f43656e 
0000000100db83a0	00746e75 7366666f 69007465 6d6f636e 
0000000100db83b0	74656c70 6e694c65 69660065 6449656c 
0000000100db83c0	69746e65 6d007974 69727465 72007363 
0000000100db83d0	43646165 746e756f 74796200 65527365 
0000000100db83e0	72006461 74657365 6e756f43 00000074 
0000000100db83f0	65646e69 72750078 0000006c 00000000 
0000000100db8400	69646f6d 61636966 6e6f6974 65746144 
0000000100db8410	00000000 00000000 00000000 00000000 
0000000100db8420	66656424 746c7561 6f746341 69740072 
0000000100db8430	43656c74 65686361 74697400 6143656c 
0000000100db8440	4f656863 72656472 00000000 00000000 
0000000100db8450	72636e69 6e656d65 536c6174 65746174 
0000000100db8460	74617000 63614368 70006568 43687461 
0000000100db8470	65686361 6564724f 00000072 00000000 
0000000100db8480	74737563 69546d6f 53656c74 436e6163 
0000000100db8490	65686361 00000000 00000000 00000000 
0000000100db84a0	73726966 65735574 73654d72 65676173 
0000000100db84b0	68636143 616d0065 63614378 69536568 
0000000100db84c0	6300657a 6b6e7568 657a6953 78616d00 
0000000100db84d0	6e756843 6800736b 42646165 65666675 
0000000100db84e0	7a695372 65680065 614d6461 74794278 
0000000100db84f0	00007365 00000000 00000000 00000000 
0000000100db8500	6f6d656d 72507972 75737365 6f536572 
0000000100db8510	65637275 00000000 00000000 00000000 
0000000100db8520	69646f6d 61636966 6e6f6974 65746144 
0000000100db8530	666e6900 616c006f 69467473 664f656c 
0000000100db8540	74657366 00000000 00000000 00000000 
0000000100db8550	7473616c 69646f4d 61636966 6e6f6974 
0000000100db8560	65746144 6c696600 7a695365 6e690065 
0000000100db8570	0065646f 6c746974 00000065 00000000 
0000000100db8580	6c69665f 5f007365 69737361 656d6e67 
0000000100db8590	0073746e 00000000 00000000 00000000 
0000000100db85a0	73616c5f 706d4974 4574726f 726f7272 
0000000100db85b0	61685f00 616f4c73 00646564 00000000 
0000000100db85c0	7262696c 44797261 63657269 79726f74 
0000000100db85d0	53736900 74726174 00006465 00000000 
0000000100db85e0	626f245f 76726573 6f697461 6765526e 
0000000100db85f0	72747369 69007261 69640064 616c7073 
0000000100db8600	6d614e79 00000065 00000000 00000000 
0000000100db8610	6769726f 6c616e69 656c6946 656d614e 
0000000100db8620	6f747300 46646572 4e656c69 00656d61 
0000000100db8630	6f706d69 64657472 62007441 53657479 
0000000100db8640	00657a69 00000000 00000000 00000000 
0000000100db8650	79616c70 6b636162 74746553 73676e69 
0000000100db8660	00444900 73726576 006e6f69 656c6966 
0000000100db8670	73610073 6e676973 746e656d 6f760073 
0000000100db8680	656d756c 6c616353 00000065 00000000 
0000000100db8690	6d697274 72617453 63655374 73646e6f 
0000000100db86a0	69727400 646e456d 6f636553 0073646e 
0000000100db86b0	79616c70 6b636162 65746152 77615200 
0000000100db86c0	756c6156 6f6c0065 6c006b63 43747361 
0000000100db86d0	676e6168 696b0065 6100646e 65730074 
0000000100db86e0	6f697373 6174536e 74007472 416b7361 
0000000100db86f0	6f6e6b63 64656c77 74006567 436b7361 
0000000100db8700	6c706d6f 00657465 6b736174 6f727245 
0000000100db8710	6e690072 52747570 69757165 00646572 
0000000100db8720	6f736572 65637275 696d694c 73750074 
0000000100db8730	70537265 69006d61 52656c64 6e696d65 
0000000100db8740	00726564 67617375 72615765 676e696e 
0000000100db8750	61737500 65526567 00746573 436c6c41 
0000000100db8760	73657361 77615200 756c6156 00000065 
0000000100db8770	75736e75 726f7070 46646574 616d726f 
0000000100db8780	69660074 6f54656c 72614c6f 63006567 
0000000100db8790	4679706f 656c6961 69660064 694d656c 
0000000100db87a0	6e697373 6e750067 64616572 656c6261 
0000000100db87b0	69647541 0000006f 00000000 00000000 
0000000100db87c0	6f747561 65746544 72507463 7365626f 
0000000100db87d0	6c757200 00007365 00000000 00000000 
0000000100db87e0	7473616c 73736553 536e6f69 74726174 
0000000100db87f0	6e756f53 00744164 7473616c 706f7453 
0000000100db8800	6e756f53 00744164 00000000 00000000 
0000000100db8810	7473616c 656c6449 696d6552 7265646e 
0000000100db8820	00007441 00000000 00000000 00000000 
0000000100db8830	73736573 536e6f69 74726174 656d6954 
0000000100db8840	00000073 00000000 00000000 00000000 
0000000100db8850	6d6f7270 69547470 7473656d 73706d61 
0000000100db8860	73657300 6e6f6973 656e774f 6c007372 
0000000100db8870	53747361 5270696b 6f736165 6761006e 
0000000100db8880	4d746e65 7365646f 65676100 6553746e 
0000000100db8890	6f697373 0000736e 00000000 00000000 
0000000100db88a0	73736573 536e6f69 74726174 6c6f6f43 
0000000100db88b0	6e776f64 6f747300 62654470 636e756f 
0000000100db88c0	00000065 00000000 00000000 00000000 
0000000100db88d0	656c6469 696d6552 7265646e 6c6f6f43 
0000000100db88e0	6e776f64 00000000 00000000 00000000 
0000000100db88f0	6c706572 75537961 65727070 6f697373 
0000000100db8900	6e69576e 00776f64 6d617073 646e6957 
0000000100db8910	7300776f 546d6170 73657268 646c6f68 
0000000100db8920	00646900 65707974 74617000 6e726574 
0000000100db8930	45736900 6c62616e 49006465 77630044 
0000000100db8940	69740064 00656c74 61727564 6e6f6974 
0000000100db8950	6c6c4100 65736143 61520073 6c615677 
0000000100db8960	00006575 00000000 00000000 00000000 
0000000100db8970	746c6966 73007265 68746e79 7a697365 
0000000100db8980	70007265 506b6361 6579616c 75630072 
0000000100db8990	6d6f7473 726f7453 6f730065 65637275 
0000000100db89a0	726f7453 65630065 6f6d6572 7551796e 
0000000100db89b0	00657565 00000000 00000000 00000000 
0000000100db89c0	7074756f 65447475 65636976 6573624f 
0000000100db89d0	72657672 65735f00 7463656c 61506465 
0000000100db89e0	64496b63 73695f00 62616e45 0064656c 
0000000100db89f0	6c6f765f 00656d75 00000000 00000000 
0000000100db8a00	6975715f 6f487465 45737275 6c62616e 
0000000100db8a10	00006465 00000000 00000000 00000000 
0000000100db8a20	6975715f 6f487465 53737275 74726174 
0000000100db8a30	756e694d 00736574 00000000 00000000 
0000000100db8a40	6975715f 6f487465 45737275 694d646e 
0000000100db8a50	6574756e 635f0073 6d657265 50796e6f 
0000000100db8a60	6579616c 00000072 00000000 00000000 
0000000100db8a70	4373695f 6d657265 4c796e6f 4964616f 
0000000100db8a80	6f72506e 73657267 00000073 00000000 
0000000100db8a90	6f68735f 41646c75 706f7475 4379616c 
0000000100db8aa0	6d657265 57796e6f 526e6568 79646165 
0000000100db8ab0	00000000 00000000 00000000 00000000 
0000000100db8ac0	7265635f 6e6f6d65 616f4c79 6e654764 
0000000100db8ad0	74617265 006e6f69 73616c5f 65725074 
0000000100db8ae0	77656976 00007441 00000000 00000000 
0000000100db8af0	626f245f 76726573 6f697461 6765526e 
0000000100db8b00	72747369 73007261 43656d6f 6c706d6f 
0000000100db8b10	00657465 436c6c61 6c706d6f 00657465 
0000000100db8b20	68436e6f 65676e61 6c616300 6361626c 
0000000100db8b30	6575516b 65006575 6972746e 69007365 
0000000100db8b40	61745373 64657472 66656400 746c7561 
0000000100db8b50	7074754f 00007475 00000000 00000000 
0000000100db8b60	74737973 6f536d65 45646e75 63656666 
0000000100db8b70	754f7374 74757074 64646100 73736572 
0000000100db8b80	6e696b00 6c620064 006b636f 56776152 
0000000100db8b90	65756c61 00646900 70736964 4e79616c 
0000000100db8ba0	00656d61 73726576 006e6f69 65726964 
0000000100db8bb0	726f7463 4c525579 756f7300 0073646e 
0000000100db8bc0	6e004449 00656d61 68746967 63006275 
0000000100db8bd0	5f707365 73726576 006e6f69 70736964 
0000000100db8be0	5f79616c 656d616e 74756100 00726f68 
0000000100db8bf0	6563696c 0065736e 65746163 69726f67 
0000000100db8c00	66007365 00656c69 6562616c 0000006c 
0000000100db8c10	79616c70 70007265 61706572 61546572 
0000000100db8c20	73006b73 54706f74 006b7361 00000000 
0000000100db8c30	79616c70 6b636162 656e6547 69746172 
0000000100db8c40	6c006e6f 50747361 6579616c 6d650064 
0000000100db8c50	46797470 00656c69 00000000 00000000 
0000000100db8c60	75736e75 726f7070 46646574 616d726f 
0000000100db8c70	6f740074 6e6f4c6f 69730067 746e656c 
0000000100db8c80	00000000 00000000 00000000 00000000 
0000000100db8c90	6361705f 0000736b 00000000 00000000 
0000000100db8ca0	6765725f 72747369 746e4579 73656972 
0000000100db8cb0	6f645f00 6f6c6e77 74536461 73657461 
0000000100db8cc0	00000000 00000000 00000000 00000000 
0000000100db8cd0	6765725f 72747369 74654679 61466863 
0000000100db8ce0	64656c69 63735f00 69546e61 0072656d 
0000000100db8cf0	4673695f 68637465 52676e69 73696765 
0000000100db8d00	00797274 00000000 00000000 00000000 
0000000100db8d10	626f245f 76726573 6f697461 6765526e 
0000000100db8d20	72747369 6e007261 00656d61 68746967 
0000000100db8d30	64006275 6c707369 6e5f7961 00656d61 
0000000100db8d40	73726576 006e6f69 63736564 74706972 
0000000100db8d50	006e6f69 68747561 7400726f 74737572 
0000000100db8d60	6569745f 696c0072 736e6563 6f730065 
0000000100db8d70	5f646e75 6e756f63 00000074 00000000 
0000000100db8d80	61746f74 69735f6c 625f657a 73657479 
0000000100db8d90	756f7300 5f656372 6f706572 756f7300 
0000000100db8da0	5f656372 00666572 72756f73 705f6563 
0000000100db8db0	00687461 676e616c 65676175 67617400 
0000000100db8dc0	61660073 64656c69 6c646900 6f640065 
0000000100db8dd0	6f6c6e77 6e696461 44490067 63617000 
0000000100db8de0	6100736b 656c7070 74737953 63006d65 
0000000100db8df0	6f747375 666f006d 75620066 69746c69 
0000000100db8e00	6962386e 69660074 6449656c 6d616e00 
0000000100db8e10	00000065 00000000 00000000 00000000 
0000000100db8e20	6c65735f 69746365 00736e6f 61666564 
0000000100db8e30	73746c75 00000000 00000000 00000000 
0000000100db8e40	626f245f 76726573 6f697461 6765526e 
0000000100db8e50	72747369 00007261 00000000 00000000 
0000000100db8e60	69676e65 6d00656e 72657869 616c7000 
0000000100db8e70	00726579 00000000 00000000 00000000 
0000000100db8e80	666e6f63 72756769 6f697461 73624f6e 
0000000100db8e90	65767265 73690072 75746553 756f0070 
0000000100db8ea0	74757074 756c6f56 6100656d 6f696475 
0000000100db8eb0	75657551 65670065 6172656e 6e6f6974 
0000000100db8ec0	00000000 00000000 00000000 00000000 
0000000100db8ed0	656c6469 74756853 6e776f64 6b726f57 
0000000100db8ee0	61747300 7261646e 75710064 69747365 
0000000100db8ef0	64006e6f 6c707369 614e7961 0073656d 
0000000100db8f00	706d756a 656c7552 656d0073 646f6874 
0000000100db8f10	6d657400 74616c70 00000065 00000000 
0000000100db8f20	7373696d 53676e69 65636e69 75427942 
0000000100db8f30	656c646e 6e656449 69666974 00007265 
0000000100db8f40	6e6e7572 42676e69 6c646e75 65644965 
0000000100db8f50	6669746e 73726569 61726700 65006563 
0000000100db8f60	72697078 72006465 696e6e75 7500676e 
0000000100db8f70	6172746e 64656b63 00000000 00000000 
0000000100db8f80	646e7562 6449656c 69746e65 72656966 
0000000100db8f90	74756100 69726f68 72007974 696e6e75 
0000000100db8fa0	6542676e 69766168 6100726f 6f687475 
0000000100db8fb0	61746972 65766974 6e6f6300 69746964 
0000000100db8fc0	6c616e6f 65656b00 696c4170 6e4f6576 
0000000100db8fd0	6800796c 00646c6f 6f6c6c61 6c614677 
0000000100db8fe0	6361626c 0000006b 00000000 00000000 
0000000100db8ff0	6e65645f 41646569 7365636e 42726f74 
0000000100db9000	6c646e75 63007365 69666e6f 4c525567 
0000000100db9010	6f635f00 6769666e 69645f00 616f4c64 
0000000100db9020	00000064 00000000 00000000 00000000 
0000000100db9030	626f245f 76726573 6f697461 6765526e 
0000000100db9040	72747369 61007261 64656464 65657200 
0000000100db9050	6c62616e 61006465 6165726c 78457964 
0000000100db9060	73747369 69616600 0064656c 65726e75 
0000000100db9070	62616461 0000656c 00000000 00000000 
0000000100db9080	7373696d 49676e69 506f666e 7473696c 
0000000100db9090	00000000 00000000 00000000 00000000 
0000000100db90a0	61766e69 4964696c 506f666e 7473696c 
0000000100db90b0	00000000 00000000 00000000 00000000 
0000000100db90c0	7373696d 42676e69 6c646e75 65644965 
0000000100db90d0	6669746e 00726569 00000000 00000000 
0000000100db90e0	75616c63 63006564 7865646f 6f637a00 
0000000100db90f0	67006564 6e696d65 6e610069 72676974 
0000000100db9100	74697661 75630079 726f7372 61727400 
0000000100db9110	706f0065 6f636e65 6d006564 636f6d69 
0000000100db9120	0065646f 69766564 7264006e 0064696f 
0000000100db9130	65646f71 6f710072 63726564 7771006e 
0000000100db9140	67006e65 006b6f72 696d696b 6d696b00 
0000000100db9150	646f4369 65640065 65737065 6d006b65 
0000000100db9160	72747369 69566c61 67006562 65616a61 
0000000100db9170	65646f43 706f6300 746f6c69 646f6300 
0000000100db9180	64756265 77007964 626b726f 79646475 
0000000100db9190	72696b00 6568006f 73656d72 706d6100 
0000000100db91a0	00697000 794d686f 67006950 72656e65 
0000000100db91b0	73006369 69737365 64496e6f 756f7300 
0000000100db91c0	00656372 00647763 00797474 6d726574 
0000000100db91d0	73736553 496e6f69 74690064 536d7265 
0000000100db91e0	69737365 64496e6f 756d7400 6e615078 
0000000100db91f0	00000065 00000000 00000000 00000000 
0000000100db9200	6c6c657a 65536a69 6f697373 6d614e6e 
0000000100db9210	657a0065 6a696c6c 656e6150 6b006449 
0000000100db9220	79747469 646e6957 6449776f 756d6300 
0000000100db9230	726f5778 6170736b 64496563 756d6300 
0000000100db9240	72755378 65636166 63006449 5378756d 
0000000100db9250	656b636f 74615074 00000068 00000000 
0000000100db9260	704f7369 6f436e65 75536564 65676162 
0000000100db9270	0000746e 00000000 00000000 00000000 
0000000100db9280	6f437369 54786564 61657268 61705364 
0000000100db9290	75536e77 65676162 7300746e 69737365 
0000000100db92a0	64496e6f 72687400 49646165 75740064 
0000000100db92b0	64496e72 71657200 74736575 636e6f4e 
0000000100db92c0	75730065 73696d62 6e6f6973 656b6f54 
0000000100db92d0	0000006e 00000000 00000000 00000000 
0000000100db92e0	72756f73 73006563 69737365 64496e6f 
0000000100db92f0	64697000 79747400 64776300 00000000 
0000000100db9300	646e7562 6449656c 69746e65 72656966 
0000000100db9310	6d6f6300 646e616d 00000000 00000000 
0000000100db9320	00647763 6c6c6f72 5074756f 00687461 
0000000100db9330	6769726f 74616e69 7400726f 61657268 
0000000100db9340	756f5364 00656372 6769726f 00006e69 
0000000100db9350	646e7562 6449656c 69746e65 72656966 
0000000100db9360	62757300 6e656761 6e694b74 00000064 
0000000100db9370	61627573 746e6567 65726150 6854746e 
0000000100db9380	64616572 00006449 00000000 00000000 
0000000100db9390	61627573 746e6567 6b63694e 656d616e 
0000000100db93a0	62757300 6e656761 6c6f5274 6f730065 
0000000100db93b0	65637275 72696400 6f746365 74007972 
0000000100db93c0	656c7469 63726100 65766968 00744164 
0000000100db93d0	65726170 4449746e 00000000 00000000 
0000000100db93e0	50736168 6e657261 43444974 6d756c6f 
0000000100db93f0	6573006e 6f697373 0064496e 54646f6d 
0000000100db9400	00656d69 6f666e69 00000000 00000000 
0000000100db9410	656e616c 636f4c73 616c006b 0073656e 
0000000100db9420	6b636f6c 6e656700 74617265 006e6f69 
0000000100db9430	656e776f 64240072 75616665 6341746c 
0000000100db9440	00726f74 73736573 736e6f69 00000000 
0000000100db9450	74736f68 45707041 54746978 6b636172 
0000000100db9460	00007265 00000000 00000000 00000000 
0000000100db9470	616e6966 657a696c 6f6f4864 676e496b 
0000000100db9480	73736572 6f6f6c46 00007372 00000000 
0000000100db9490	736e6f63 64656d75 6b6f6f48 72676e49 
0000000100db94a0	52737365 73697665 736e6f69 00000000 
0000000100db94b0	61636176 6f48746e 65526b6f 65637564 
0000000100db94c0	616c4372 00736d69 00000000 00000000 
0000000100db94d0	6b6f6f68 75646552 41726563 73696d64 
0000000100db94e0	6e6f6973 75716553 65636e65 74636100 
0000000100db94f0	53657669 69737365 64496e6f 00000000 
0000000100db9500	6d6d7573 7a697261 65536465 6f697373 
0000000100db9510	7364496e 00000000 00000000 00000000 
0000000100db9520	646e6570 43676e69 7865646f 746c6544 
0000000100db9530	00007361 00000000 00000000 00000000 
0000000100db9540	646e6570 43676e69 7865646f 746c6544 
0000000100db9550	6d695461 74756f65 00000000 00000000 
0000000100db9560	646e6570 43676e69 7865646f 6b736544 
0000000100db9570	48706f74 736b6f6f 00000000 00000000 
0000000100db9580	646e6570 43676e69 7865646f 6b736544 
0000000100db9590	48706f74 546b6f6f 6f656d69 00007475 
0000000100db95a0	43736168 69666e6f 65727567 756d4364 
0000000100db95b0	636f5378 0074656b 00000000 00000000 
0000000100db95c0	646e6570 50676e69 65737261 75716552 
0000000100db95d0	73747365 00000000 00000000 00000000 
0000000100db95e0	73726170 62654465 636e756f 73615465 
0000000100db95f0	0000006b 00000000 00000000 00000000 
0000000100db9600	73726170 62654465 636e756f 6c654465 
0000000100db9610	00007961 00000000 00000000 00000000 
0000000100db9620	6174656d 61746164 74697257 73615465 
0000000100db9630	0000006b 00000000 00000000 00000000 
0000000100db9640	43736168 6c706d6f 64657465 72617453 
0000000100db9650	52707574 6f747365 00006572 00000000 
0000000100db9660	75616c63 65446564 6f746b73 646f4370 
0000000100db9670	70755365 73657270 6e6f6973 00000073 
0000000100db9680	4c736168 6564616f 616c4364 44656475 
0000000100db9690	746b7365 6f43706f 75536564 65727070 
0000000100db96a0	6f697373 0000736e 00000000 00000000 
0000000100db96b0	75616c63 65446564 6f746b73 646f4370 
0000000100db96c0	65655265 6761676e 4c436465 73644949 
0000000100db96d0	00000000 00000000 00000000 00000000 
0000000100db96e0	72657469 7365536d 6e6f6973 72666552 
0000000100db96f0	43687365 6d69616c 00000073 00000000 
0000000100db9700	72666572 69687365 6f43676e 54786564 
0000000100db9710	656c7469 73736553 496e6f69 00007364 
0000000100db9720	69746e61 76617267 57797469 68637461 
0000000100db9730	00737265 00000000 00000000 00000000 
0000000100db9740	69746e61 76617267 41797469 6e657474 
0000000100db9750	6e6f6974 63746157 73726568 00000000 
0000000100db9760	646e6570 41676e69 6769746e 69766172 
0000000100db9770	61507974 746e6572 0070614d 656c6973 
0000000100db9780	5365636e 7370616e 00746f68 00000000 
0000000100db9790	75507369 73696c62 68635368 6c756465 
0000000100db97a0	74006465 6e656b6f 73657300 6e6f6973 
0000000100db97b0	00006449 00000000 00000000 00000000 
0000000100db97c0	746e7572 49656d69 6174736e 4965636e 
0000000100db97d0	74730064 65747261 63615664 00746e61 
0000000100db97e0	72676e69 52737365 73697665 006e6f69 
0000000100db97f0	696d6461 6f697373 7165536e 636e6575 
0000000100db9800	72700065 6f697665 74537375 73757461 
0000000100db9810	00000000 00000000 00000000 00000000 
0000000100db9820	76657270 73756f69 69746341 6f436576 
0000000100db9830	6361706d 6e6f6974 00000000 00000000 
0000000100db9840	76657270 73756f69 756e614d 6f436c61 
0000000100db9850	6361706d 6e6f6974 706d6f43 6574656c 
0000000100db9860	74730064 73757461 72756300 746e6572 
0000000100db9870	6c6f6f54 6f6f7400 7261546c 00746567 
0000000100db9880	6c6f6f74 75706e49 00000074 00000000 
0000000100db9890	54736168 496c6f6f 7475706e 61647055 
0000000100db98a0	75006574 4d726573 61737365 00006567 
0000000100db98b0	69737361 6e617473 73654d74 65676173 
0000000100db98c0	00000000 00000000 00000000 00000000 
0000000100db98d0	74617473 61577375 6e696e72 73654d67 
0000000100db98e0	65676173 74697400 6d00656c 6c65646f 
0000000100db98f0	61657200 696e6f73 6645676e 74726f66 
0000000100db9900	73616c00 74634174 74697669 00744179 
0000000100db9910	6c6c6f72 5074756f 00687461 6b6f6f68 
0000000100db9920	666e6f43 64496769 00000000 00000000 
0000000100db9930	6573626f 64657672 6c6f6f54 6c6c6143 
0000000100db9940	00736449 00647763 73726966 65655374 
0000000100db9950	0074416e 6c796170 4b64616f 00646e69 
0000000100db9960	656e6170 73006449 656b636f 74615074 
0000000100db9970	68740068 64616572 77006449 68637461 
0000000100db9980	70007265 6e657261 73655374 6e6f6973 
0000000100db9990	00006449 00000000 00000000 00000000 
0000000100db99a0	65726170 7552746e 6d69746e 736e4965 
0000000100db99b0	636e6174 00644965 00000000 00000000 
0000000100db99c0	6b6f6f68 72676e49 52737365 73697665 
0000000100db99d0	006e6f69 00000000 00000000 00000000 
0000000100db99e0	48776172 496b6f6f 6572676e 75437373 
0000000100db99f0	66666f74 00000000 00000000 00000000 
0000000100db9a00	6d726570 69737369 6e496e6f 73657267 
0000000100db9a10	76655273 6f697369 0000006e 00000000 
0000000100db9a20	72707061 6c61766f 65746e45 41646572 
0000000100db9a30	00000074 00000000 00000000 00000000 
0000000100db9a40	6b6f6f68 6d726550 69737369 63416e6f 
0000000100db9a50	65766974 74697400 614d656c 72656b72 
0000000100db9a60	70706100 646e7542 6449656c 55736900 
0000000100db9a70	49726573 6974696e 64657461 73657300 
0000000100db9a80	6e6f6973 00000000 00000000 00000000 
0000000100db9a90	6d726570 69737369 75436e6f 66666f74 
0000000100db9aa0	00000000 00000000 00000000 00000000 
0000000100db9ab0	6c6c6f72 5274756f 636f7665 6f697461 
0000000100db9ac0	0000006e 00000000 00000000 00000000 
0000000100db9ad0	646e6570 50676e69 696d7265 6f697373 
0000000100db9ae0	6275506e 6163696c 6e6f6974 656b6f54 
0000000100db9af0	0000006e 00000000 00000000 00000000 
0000000100db9b00	6b6f6f68 67676f54 6552656c 69736976 
0000000100db9b10	00006e6f 00000000 00000000 00000000 
0000000100db9b20	73657270 61746e65 6e6f6974 656e6547 
0000000100db9b30	69746172 77006e6f 654e7361 73655377 
0000000100db9b40	6e6f6973 00000000 00000000 00000000 
0000000100db9b50	706d6f63 69746361 72506e6f 6e657365 
0000000100db9b60	69746174 00006e6f 00000000 00000000 
0000000100db9b70	614d7369 6c61756e 706d6f43 69746361 
0000000100db9b80	6f436e6f 6e69746e 69746175 65526e6f 
0000000100db9b90	656d7573 00000000 00000000 00000000 
0000000100db9ba0	736f6867 43797474 65686361 626f7250 
0000000100db9bb0	71655265 74736575 73657300 6e6f6973 
0000000100db9bc0	63610073 65766974 73736553 496e6f69 
0000000100db9bd0	00000064 00000000 00000000 00000000 
0000000100db9be0	646e7562 6449656c 69746e65 72656966 
0000000100db9bf0	00000000 00000000 00000000 00000000 
0000000100db9c00	696d6461 6f697373 6e75426e 49656c64 
0000000100db9c10	746e6564 65696669 74007372 74007974 
0000000100db9c20	506d7265 72676f72 00006d61 00000000 
0000000100db9c30	74736f68 6b726f57 63617073 73694465 
0000000100db9c40	79616c70 656d614e 73617000 67416f65 
0000000100db9c50	49746e65 73690064 6d546e49 69007875 
0000000100db9c60	756d5473 00434378 78756d74 656e6150 
0000000100db9c70	756d7400 636f5378 5074656b 00687461 
0000000100db9c80	72657469 7365536d 6e6f6973 00006449 
0000000100db9c90	72657469 7365536d 6e6f6973 6f536449 
0000000100db9ca0	65637275 72657400 7365536d 6e6f6973 
0000000100db9cb0	6b006449 79747469 646e6957 6449776f 
0000000100db9cc0	74696b00 694c7974 6e657473 00006e4f 
0000000100db9cd0	6c6c657a 65536a69 6f697373 6d614e6e 
0000000100db9ce0	657a0065 6a696c6c 656e6150 77006449 
0000000100db9cf0	50707261 55656e61 00444955 70726177 
0000000100db9d00	75636f46 4c525573 49736900 7265486e 
0000000100db9d10	68007264 72647265 656e6150 68006449 
0000000100db9d20	72647265 49626154 00000064 00000000 
0000000100db9d30	64726568 726f5772 6170736b 64496563 
0000000100db9d40	72656800 6f537264 74656b63 68746150 
0000000100db9d50	756f7300 00656372 6b6f6f68 666e6f43 
0000000100db9d60	64496769 61747300 00737574 7473616c 
0000000100db9d70	69746341 79746976 00007441 00000000 
0000000100db9d80	52646168 546c6165 6d656c65 79727465 
0000000100db9d90	69746341 79746976 64776300 70657200 
0000000100db9da0	6d614e6f 6f770065 72746b72 614e6565 
0000000100db9db0	6700656d 72427469 68636e61 72696600 
0000000100db9dc0	77437473 6e610064 726f6863 6f706552 
0000000100db9dd0	656d614e 00000000 00000000 00000000 
0000000100db9de0	72756f73 72506563 63656a6f 6d614e74 
0000000100db9df0	75630065 6d6f7473 6c746954 65670065 
0000000100db9e00	6172656e 54646574 656c7469 00000000 
0000000100db9e10	73726966 65735574 73654d72 65676173 
0000000100db9e20	6d757300 7972616d 73656400 706f746b 
0000000100db9e30	6c746954 00000065 00000000 00000000 
0000000100db9e40	75616c63 65446564 6f746b73 73655370 
0000000100db9e50	6e6f6973 00006449 00000000 00000000 
0000000100db9e60	75616c63 65446564 6f746b73 6d6f4370 
0000000100db9e70	74656c70 75546465 00736e72 7473616c 
0000000100db9e80	72657355 7373654d 00656761 00000000 
0000000100db9e90	7473616c 69737341 6e617473 73654d74 
0000000100db9ea0	65676173 00000000 00000000 00000000 
0000000100db9eb0	7473616c 69737341 6e617473 73654d74 
0000000100db9ec0	65676173 6c6c7546 72756300 746e6572 
0000000100db9ed0	6c6f6f54 6f6f7400 7261546c 00746567 
0000000100db9ee0	6b736174 70616e53 746f6873 65646900 
0000000100db9ef0	646e6957 6449776f 00000000 00000000 
0000000100db9f00	73727563 6957726f 776f646e 646e694b 
0000000100db9f10	756d6300 726f5778 6170736b 64496563 
0000000100db9f20	756d6300 72755378 65636166 63006449 
0000000100db9f30	5378756d 656b636f 74615074 00000068 
0000000100db9f40	61707573 65646f63 6b726f57 65657274 
0000000100db9f50	73006449 63617075 5465646f 64496261 
0000000100db9f60	00000000 00000000 00000000 00000000 
0000000100db9f70	61707573 65646f63 66727553 49656361 
0000000100db9f80	00000064 00000000 00000000 00000000 
0000000100db9f90	61707573 65646f63 6b636f53 61507465 
0000000100db9fa0	77006874 65747a65 6f536d72 74656b63 
0000000100db9fb0	7a657700 6d726574 656e6150 7a657700 
0000000100db9fc0	6d726574 646e6957 6449776f 74746f00 
0000000100db9fd0	636f5379 0074656b 7974746f 656e6150 
0000000100db9fe0	00006449 00000000 00000000 00000000 
0000000100db9ff0	6163726f 6d726554 6c616e69 646e6148 
0000000100dba000	6f00656c 50616372 4b656e61 00007965 
0000000100dba010	6163726f 6b726f57 63617073 6f6f5265 
0000000100dba020	00000074 00000000 00000000 00000000 
0000000100dba030	65707573 74657372 6b726f57 63617073 
0000000100dba040	00644965 00000000 00000000 00000000 
0000000100dba050	65707573 74657372 6d726554 6c616e69 
0000000100dba060	00006449 00000000 00000000 00000000 
0000000100dba070	646e6f63 6f746375 726f5772 6170736b 
0000000100dba080	64496563 00000000 00000000 00000000 
0000000100dba090	646e6f63 6f746375 73655372 6e6f6973 
0000000100dba0a0	00006449 00000000 00000000 00000000 
0000000100dba0b0	646e6f63 6f746375 726f5772 6170736b 
0000000100dba0c0	61506563 00006874 00000000 00000000 
0000000100dba0d0	65646f63 746f4e78 54796669 61657268 
0000000100dba0e0	00644964 00000000 00000000 00000000 
0000000100dba0f0	65646f63 6c6f5278 74756f6c 68746150 
0000000100dba100	646f6300 724f7865 6e696769 646f6300 
0000000100dba110	724f7865 6e696769 726f7461 00000000 
0000000100dba120	65646f63 72685478 53646165 6372756f 
0000000100dba130	00000065 00000000 00000000 00000000 
0000000100dba140	65646f63 62755378 6e656761 6e694b74 
0000000100dba150	00000064 00000000 00000000 00000000 
0000000100dba160	65646f63 62755378 6e656761 72615074 
0000000100dba170	54746e65 61657268 00644964 00000000 
0000000100dba180	65646f63 62755378 6e656761 63694e74 
0000000100dba190	6d616e6b 00000065 00000000 00000000 
0000000100dba1a0	65646f63 62755378 6e656761 6c6f5274 
0000000100dba1b0	00000065 00000000 00000000 00000000 
0000000100dba1c0	6e65706f 65646f63 76726553 6f507265 
0000000100dba1d0	00007472 00000000 00000000 00000000 
0000000100dba1e0	6e65706f 65646f43 65726150 4449746e 
0000000100dba1f0	53736900 65524853 65746f6d 68737300 
0000000100dba200	6f6d6552 6f486574 64497473 77615200 
0000000100dba210	756c6156 00000065 00000000 00000000 
0000000100dba220	656c7572 65760073 6f697372 6968006e 
0000000100dba230	61506564 006c656e 6574756d 6e756f53 
0000000100dba240	75730064 65727070 78457373 646e6170 
0000000100dba250	00000000 00000000 00000000 00000000 
0000000100dba260	6f747561 6d736944 4f737369 6f74536e 
0000000100dba270	616d0070 65686374 6c755264 73644965 
0000000100dba280	00646900 656d616e 45736900 6c62616e 
0000000100dba290	69006465 69754273 6e49746c 74616d00 
0000000100dba2a0	72656863 63610073 6e6f6974 74697400 
0000000100dba2b0	6600656c 74737269 72657355 6d6f7250 
0000000100dba2c0	63007470 7400696c 4e6c6f6f 00656d61 
0000000100dba2d0	00647763 6769726f 74616e69 7300726f 
0000000100dba2e0	67616275 4b746e65 00646e69 6d726570 
0000000100dba2f0	69737369 6f4d6e6f 63006564 61746e6f 
0000000100dba300	00736e69 61757165 7000736c 69666572 
0000000100dba310	69660078 00646c65 6374616d 70795468 
0000000100dba320	61700065 72657474 6163006e 65536573 
0000000100dba330	7469736e 00657669 41004449 61436c6c 
0000000100dba340	00736573 56776152 65756c61 6c757200 
0000000100dba350	6d614e65 00007365 00000000 00000000 
0000000100dba360	7369645f 656c6261 69754264 6e49746c 
0000000100dba370	00736449 7375635f 526d6f74 73656c75 
0000000100dba380	00000000 00000000 00000000 00000000 
0000000100dba390	626f245f 76726573 6f697461 6765526e 
0000000100dba3a0	72747369 69007261 6e650064 656c6261 
0000000100dba3b0	69660064 00646c65 6374616d 70795468 
0000000100dba3c0	61700065 72657474 6163006e 65536573 
0000000100dba3d0	7469736e 00657669 61657263 41646574 
0000000100dba3e0	44490074 72657600 6e6f6973 00000000 
0000000100dba3f0	61736964 64656c62 6c697542 496e4974 
0000000100dba400	63007364 6f747375 6c75526d 69007365 
0000000100dba410	69740064 00656c74 626d7973 614e6c6f 
0000000100dba420	6900656d 736d6574 45736900 6e617078 
0000000100dba430	00646564 64004449 75616665 0073746c 
0000000100dba440	63746566 6e750068 69617661 6c62616c 
0000000100dba450	65760065 6f697372 6f6c006e 656c6163 
0000000100dba460	6d746800 0000006c 00000000 00000000 
0000000100dba470	73657270 65767265 00000064 00000000 
0000000100dba480	74696e69 696c6169 4564657a 74736978 
0000000100dba490	55676e69 00726573 00000000 00000000 
0000000100dba4a0	74696e69 696c6169 4e64657a 73557765 
0000000100dba4b0	00007265 00000000 00000000 00000000 
0000000100dba4c0	77656976 65646f4d 0000006c 00000000 
0000000100dba4d0	6c5f5f24 5f797a61 726f7473 5f656761 
0000000100dba4e0	69775f24 776f646e 746e6f43 6c6c6f72 
0000000100dba4f0	00007265 00000000 00000000 00000000 
0000000100dba500	6168705f 5f006573 72727563 56746e65 
0000000100dba510	69737265 5f006e6f 5677656e 69737265 
0000000100dba520	5f006e6f 72437369 63697469 00006c61 
0000000100dba530	4973695f 726f666e 6974616d 6e4f6e6f 
0000000100dba540	5f00796c 614d7369 55726f6a 61726770 
0000000100dba550	00006564 00000000 00000000 00000000 
0000000100dba560	4173695f 6165726c 6f447964 6f6c6e77 
0000000100dba570	64656461 00000000 00000000 00000000 
0000000100dba580	6c65725f 65736165 65746f4e 63655373 
0000000100dba590	6e6f6974 00000073 00000000 00000000 
0000000100dba5a0	7078655f 65746365 6e6f4364 746e6574 
0000000100dba5b0	676e654c 00006874 00000000 00000000 
0000000100dba5c0	776f645f 616f6c6e 4c646564 74676e65 
0000000100dba5d0	00000068 00000000 00000000 00000000 
0000000100dba5e0	6470755f 43657461 63696f68 70655265 
0000000100dba5f0	5f00796c 74736e69 526c6c61 796c7065 
0000000100dba600	61635f00 6c65636e 6974616c 00006e6f 
0000000100dba610	6b63615f 6c776f6e 65676465 746e656d 
0000000100dba620	00000000 00000000 00000000 00000000 
0000000100dba630	6e65705f 676e6964 656d6d49 74616964 
0000000100dba640	736e4965 6c6c6174 00000000 00000000 
0000000100dba650	6572705f 756f6976 72655673 6e6f6973 
0000000100dba660	00000000 00000000 00000000 00000000 
0000000100dba670	626f245f 76726573 6f697461 6765526e 
0000000100dba680	72747369 64007261 6c6e776f 6964616f 
0000000100dba690	6500676e 61727478 6e697463 72650067 
0000000100dba6a0	00726f72 656c6469 65686300 6e696b63 
0000000100dba6b0	70750067 65746164 6e756f46 65720064 
0000000100dba6c0	54796461 736e496f 6c6c6174 736e6900 
0000000100dba6d0	6c6c6174 00676e69 6f547075 65746144 
0000000100dba6e0	61687700 654e7374 00000077 00000000 
0000000100dba6f0	64616572 496f5479 6174736e 65506c6c 
0000000100dba700	6e69646e 00000067 00000000 00000000 
0000000100dba710	66656424 746c7561 6f746341 6f720072 
0000000100dba720	6944746f 00000072 00000000 00000000 
0000000100dba730	656d6974 656e6f5a 7265764f 65646972 
0000000100dba740	776f6e00 6e6f6300 00676966 00000000 
0000000100dba750	53736168 65646565 6f6e4b64 64496e77 
0000000100dba760	6e6b0073 536e776f 69737365 64496e6f 
0000000100dba770	63610073 65766974 636e6953 6f770065 
0000000100dba780	6e696b72 6e695367 70006563 69646e65 
0000000100dba790	6300676e 656e6e6f 6f697463 6974006e 
0000000100dba7a0	6f5a656d 7000656e 69636972 6154676e 
0000000100dba7b0	00656c62 00000000 00000000 00000000 
0000000100dba7c0	65686373 6556616d 6f697372 6564006e 
0000000100dba7d0	65636976 00006449 00000000 00000000 
0000000100dba7e0	6b636f6c 69546465 6f5a656d 6449656e 
0000000100dba7f0	00000000 00000000 00000000 00000000 
0000000100dba800	00796164 00000000 00000000 00000000 
0000000100dba810	72707061 6c61766f 6e614873 64656c64 
0000000100dba820	73657300 6e6f6973 61745373 64657472 
0000000100dba830	6e6f6300 72727563 50746e65 006b6165 
0000000100dba840	69746361 65536576 646e6f63 00000073 
0000000100dba850	676e6f6c 54747365 536b7361 6e6f6365 
0000000100dba860	73007364 6d656863 72655661 6e6f6973 
0000000100dba870	76656400 49656369 69740064 6f5a656d 
0000000100dba880	6449656e 79616400 6f720073 00007377 
0000000100dba890	73736573 736e6f69 6573624f 64657672 
0000000100dba8a0	70636d00 6c6c6143 6b730073 436c6c69 
0000000100dba8b0	736c6c61 65676100 6d00746e 6c65646f 
0000000100dba8c0	6f727000 7463656a 6d617300 43656c70 
0000000100dba8d0	746e756f 6b6f7400 00736e65 74736f63 
0000000100dba8e0	706e6900 6f007475 75707475 61630074 
0000000100dba8f0	43656863 74616572 006e6f69 68636163 
0000000100dba900	61655265 65720064 6e6f7361 00676e69 
0000000100dba910	6f706572 64657472 61746f54 6f6c006c 
0000000100dba920	64656767 00445355 69747365 6574616d 
0000000100dba930	44535564 00000000 00000000 00000000 
0000000100dba940	636c6163 74616c75 61536465 656c706d 
0000000100dba950	69640073 616c7073 6d615379 73656c70 
0000000100dba960	00000000 00000000 00000000 00000000 
0000000100dba970	76616e75 616c6961 53656c62 6c706d61 
0000000100dba980	70007365 69636972 6f53676e 65637275 
0000000100dba990	64240073 75616665 6341746c 00726f74 
0000000100dba9a0	746f6f72 00726944 61666564 54746c75 
0000000100dba9b0	5a656d69 00656e6f 666e6f63 63006769 
0000000100dba9c0	65686361 6e616800 00656c64 74617473 
0000000100dba9d0	6e656d65 6f630074 63656e6e 6e6f6974 
0000000100dba9e0	61727400 6569736e 2400746e 61666564 
0000000100dba9f0	41746c75 726f7463 72696400 6f746365 
0000000100dbaa00	00007972 00000000 00000000 00000000 
0000000100dbaa10	63006469 61706d6f 4449796e 73696400 
0000000100dbaa20	79616c70 656d614e 74616300 726f6765 
0000000100dbaa30	69640079 616c7073 64724f79 62007265 
0000000100dbaa40	646e6172 00676e69 61706163 696c6962 
0000000100dbaa50	73656974 66657200 68736572 6e616843 
0000000100dbaa60	006c656e 746f7571 6e695761 73776f64 
0000000100dbaa70	77617200 756f6d41 0073746e 616c6162 
0000000100dbaa80	0065636e 6e616c70 6174654d 61746164 
0000000100dbaa90	65726300 73746964 646f6d00 75426c65 
0000000100dbaaa0	74656b63 756d0073 4169746c 756f6363 
0000000100dbaab0	0000746e 00000000 00000000 00000000 
0000000100dbaac0	736e6f63 74706d75 416e6f69 69727474 
0000000100dbaad0	69747562 61006e6f 74657373 656d614e 
0000000100dbaae0	6e756200 49656c64 6f6d0044 72676f6e 
0000000100dbaaf0	72006d61 67006465 6e656572 756c6200 
0000000100dbab00	656e0065 4f736465 696c7475 0000656e 
0000000100dbab10	766f7270 72656469 63636100 746e756f 
0000000100dbab20	73004449 75746174 6e730073 68737061 
0000000100dbab30	6100746f 6d657474 00737470 6f727265 
0000000100dbab40	72660072 00687365 68636163 73006465 
0000000100dbab50	656c6174 616e7500 6c696176 656c6261 
0000000100dbab60	69616600 0064656c 72756f73 61006563 
0000000100dbab70	65687475 6369746e 6f697461 6172006e 
0000000100dbab80	694c6574 6574696d 69740064 756f656d 
0000000100dbab90	656e0074 726f7774 6373006b 616d6568 
0000000100dbaba0	6b6e7500 6e776f6e 6e696b00 6f630064 
0000000100dbabb0	6469666e 65636e65 726f6600 6e006563 
0000000100dbabc0	5200776f 61567761 0065756c 65726964 
0000000100dbabd0	67417463 00746e65 00000000 00000000 
0000000100dbabe0	706d6f63 62697461 6e45656c 696f7064 
0000000100dbabf0	6300746e 65646572 6169746e 6570006c 
0000000100dbac00	73697372 43646574 65686361 6e616d00 
0000000100dbac10	006c6175 6f727473 7700676e 006b6165 
0000000100dbac20	66656424 746c7561 6f746341 74730072 
0000000100dbac30	73657461 6e656700 74617265 006e6f69 
0000000100dbac40	766f7270 72656469 63636100 746e756f 
0000000100dbac50	70004449 69646e65 6900676e 696c466e 
0000000100dbac60	00746867 616c6564 61740079 00006b73 
0000000100dbac70	6b636f6c 6e6f6300 756e6974 6f697461 
0000000100dbac80	6174006e 00736b73 65527369 766c6f73 
0000000100dbac90	24006465 61666564 41746c75 726f7463 
0000000100dbaca0	61646100 72657470 69740073 756f656d 
0000000100dbacb0	65700074 73697372 636e6574 616c0065 
0000000100dbacc0	6e4b7473 476e776f 00646f6f 7473616c 
0000000100dbacd0	65747441 4174706d 616c0074 754f7473 
0000000100dbace0	6d6f6374 70007365 69766f72 00726564 
0000000100dbacf0	6f636361 49746e75 00000044 00000000 
0000000100dbad00	6c707564 74616369 61644165 72657470 
0000000100dbad10	64697000 6e696b00 73630064 6f546672 
0000000100dbad20	006e656b 74726f70 70706100 79676100 
0000000100dbad30	77615200 756c6156 00000065 00000000 
0000000100dbad40	766f7270 72656469 00646900 646e696b 
0000000100dbad50	6f6c7300 69640074 616c7073 6d614e79 
0000000100dbad60	00000065 00000000 00000000 00000000 
0000000100dbad70	616d6572 6e696e69 61724667 6f697463 
0000000100dbad80	6572006e 73746573 64007441 00617461 
0000000100dbad90	72756f73 73006563 7370616e 00746f68 
0000000100dbada0	74736968 0079726f 766f7270 72656469 
0000000100dbadb0	61657200 74754164 73655368 6e6f6973 
0000000100dbadc0	71657200 74736575 61746144 74616400 
0000000100dbadd0	74730061 73757461 61727400 6f70736e 
0000000100dbade0	61007472 73656363 6b6f5473 75006e65 
0000000100dbadf0	49726573 72700044 6469766f 73007265 
0000000100dbae00	7370616e 00746f68 6c696166 74006465 
0000000100dbae10	6e656b6f 70786500 73657269 6c007441 
0000000100dbae20	006b636f 74786574 65642400 6c756166 
0000000100dbae30	74634174 6300726f 65686361 73655264 
0000000100dbae40	00746c75 72507369 6e69626f 61640067 
0000000100dbae50	73006174 6372756f 72700065 6469766f 
0000000100dbae60	68007265 53707474 75746174 6e690073 
0000000100dbae70	696c6176 73655264 736e6f70 6e750065 
0000000100dbae80	68747561 7a69726f 70006465 65737261 
0000000100dbae90	6c696146 6c006465 6c657665 67657200 
0000000100dbaea0	006e6f69 626d656d 68737265 6c007069 
0000000100dbaeb0	74696d69 74656d00 00646f68 706f6373 
0000000100dbaec0	73750065 75007265 65676173 6d696c00 
0000000100dbaed0	00737469 61746f74 6f75516c 70006174 
0000000100dbaee0	6c617261 006c656c 54627573 00657079 
0000000100dbaef0	68747561 69746e65 69746163 64006e6f 
0000000100dbaf00	69616d6f 7375006e 72006465 69616d65 
0000000100dbaf10	676e696e 73657200 69547465 7500656d 
0000000100dbaf20	65676173 65640073 6c696174 63636100 
0000000100dbaf30	54737365 6e656b6f 66657200 68736572 
0000000100dbaf40	656b6f54 7865006e 65726970 00744173 
0000000100dbaf50	656b6f74 7079546e 74730065 6761726f 
0000000100dbaf60	74615065 78650068 65726970 006e4973 
0000000100dbaf70	646e6977 7600776f 65756c61 77615200 
0000000100dbaf80	756c6156 75640065 69746172 74006e6f 
0000000100dbaf90	55656d69 0074696e 766f7270 72656469 
0000000100dbafa0	616e7300 6f687370 75620074 656e6973 
0000000100dbafb0	61467373 72756c69 6e690065 696c6176 
0000000100dbafc0	617a0064 687a0069 00757069 00766564 
0000000100dbafd0	56776152 65756c61 646f6300 75730065 
0000000100dbafe0	73656363 61640073 6c006174 74696d69 
0000000100dbaff0	6c700073 614e6e61 7400656d 00657079 
0000000100dbb000	63726570 61746e65 75006567 65676173 
0000000100dbb010	72756300 746e6572 756c6156 65720065 
0000000100dbb020	6e69616d 00676e69 7478656e 65736552 
0000000100dbb030	6d695474 6e750065 6e007469 65626d75 
0000000100dbb040	72700072 6375646f 6d614e74 656e0065 
0000000100dbb050	65527478 5477656e 00656d69 75436e69 
0000000100dbb060	6e657272 72655074 00646f69 6e656573 
0000000100dbb070	6e657645 73444974 65766500 4449746e 
0000000100dbb080	61687000 63006573 69666e6f 636e6564 
0000000100dbb090	6f730065 65637275 004c5255 6573626f 
0000000100dbb0a0	64657672 65007441 72697078 74417365 
0000000100dbb0b0	6f727000 6c626162 6e610065 6e756f6e 
0000000100dbb0c0	00646563 56776152 65756c61 74616400 
0000000100dbb0d0	63730065 616d6568 73726556 006e6f69 
0000000100dbb0e0	656e6567 65746172 00744164 6e676973 
0000000100dbb0f0	00736c61 73616870 6f630065 6469666e 
0000000100dbb100	65636e65 756f7300 55656372 6f004c52 
0000000100dbb110	72657362 41646576 78650074 65726970 
0000000100dbb120	00744173 56776152 65756c61 00000000 
0000000100dbb130	66656424 746c7561 6f746341 6f730072 
0000000100dbb140	65637275 00000000 00000000 00000000 
0000000100dbb150	696e696d 526d756d 65726665 6e496873 
0000000100dbb160	76726574 6c006c61 65676465 616c0072 
0000000100dbb170	65527473 73657266 00744168 72756f73 
0000000100dbb180	44496563 63636100 746e756f 64690073 
0000000100dbb190	6f727000 65646976 61630072 6f676574 
0000000100dbb1a0	6c007972 6c656261 69726f00 006e6967 
0000000100dbb1b0	70616e73 746f6873 6e757200 656d6974 
0000000100dbb1c0	77617200 756c6156 44490065 77615200 
0000000100dbb1d0	756c6156 666f0065 69636966 63006c61 
0000000100dbb1e0	66664f6e 61696369 6761006c 67657267 
0000000100dbb1f0	726f7461 73756300 006d6f74 6f747561 
0000000100dbb200	6e616d00 006c6175 65746564 6f697463 
0000000100dbb210	6600736e 68637465 74617453 74610065 
0000000100dbb220	706d6574 73007374 656c6174 69616600 
0000000100dbb230	0064656c 65746564 64657463 616f6c00 
0000000100dbb240	676e6964 61657200 00007964 00000000 
0000000100dbb250	75706e69 72655074 6c6c694d 006e6f69 
0000000100dbb260	7074756f 65507475 6c694d72 6e6f696c 
0000000100dbb270	00000000 00000000 00000000 00000000 
0000000100dbb280	68636163 65724365 6f697461 7265506e 
0000000100dbb290	6c6c694d 006e6f69 00000000 00000000 
0000000100dbb2a0	68636163 61655265 72655064 6c6c694d 
0000000100dbb2b0	006e6f69 00000000 00000000 00000000 
0000000100dbb2c0	73616572 6e696e6f 72655067 6c6c694d 
0000000100dbb2d0	006e6f69 72756f73 24006563 61666564 
0000000100dbb2e0	41746c75 726f7463 00000000 00000000 
0000000100dbb2f0	646e696b 6f6c7300 69640074 616c7073 
0000000100dbb300	6d614e79 68730065 4e74726f 00656d61 
0000000100dbb310	65447369 65766972 67674164 61676572 
0000000100dbb320	75006574 696c6974 6974617a 72006e6f 
0000000100dbb330	74657365 00744173 756f6d61 6900746e 
0000000100dbb340	616e4573 64656c62 65737500 696c0064 
0000000100dbb350	0074696d 72727563 79636e65 746e6100 
0000000100dbb360	706f7268 6f006369 616e6570 6f670069 
0000000100dbb370	656c676f 746e6100 61726769 79746976 
0000000100dbb380	69687a00 6b007570 00696d69 00696178 
0000000100dbb390	73727563 6d00726f 6d696e69 64007861 
0000000100dbb3a0	74617275 006e6f69 00000000 00000000 
0000000100dbb3b0	636f6c62 4364656b 69646e61 65746164 
0000000100dbb3c0	6e656449 79746974 74657200 74417972 
0000000100dbb3d0	6f727000 65646976 69770072 776f646e 
0000000100dbb3e0	6f730073 65637275 74656600 64656863 
0000000100dbb3f0	6d007441 64617465 00617461 436c6c41 
0000000100dbb400	73657361 77615200 756c6156 75630065 
0000000100dbb410	6d6f7473 76696600 756f4865 65730072 
0000000100dbb420	446e6576 73007961 6e657665 4f796144 
0000000100dbb430	00737570 65766573 7961446e 6e6e6f53 
0000000100dbb440	00007465 00000000 00000000 00000000 
0000000100dbb450	65766573 7961446e 7475414f 70704168 
0000000100dbb460	6f6d0073 6c68746e 72700079 72616d69 
0000000100dbb470	65730079 646e6f63 00797261 74726574 
0000000100dbb480	79726169 78756100 61696c69 73007972 
0000000100dbb490	75746174 6e696c73 63614365 72006568 
0000000100dbb4a0	6e6f6365 656c6963 63614364 00006568 
0000000100dbb4b0	6f6d6572 74536574 73757461 656e696c 
0000000100dbb4c0	72657000 74736973 61436465 00656863 
0000000100dbb4d0	68746e61 69706f72 75414f63 00006874 
0000000100dbb4e0	75616c63 65446564 6f746b73 636f4c70 
0000000100dbb4f0	00006c61 00000000 00000000 00000000 
0000000100dbb500	75616c63 65446564 6f746b73 73694870 
0000000100dbb510	79726f74 69617a00 746f7551 6f630061 
0000000100dbb520	52786564 4c657461 74696d69 00000073 
0000000100dbb530	696d696b 68746e41 69706f72 6d6f4363 
0000000100dbb540	00746170 696d696b 67617355 49504165 
0000000100dbb550	6d696b00 696c4369 626f7250 72670065 
0000000100dbb560	69426b6f 6e696c6c 00000067 00000000 
0000000100dbb570	73727563 7355726f 53656761 616d6d75 
0000000100dbb580	00007972 00000000 00000000 00000000 
0000000100dbb590	73727563 654c726f 79636167 67617355 
0000000100dbb5a0	696d0065 616d696e 61735578 50416567 
0000000100dbb5b0	00000049 00000000 00000000 00000000 
0000000100dbb5c0	69746e61 76617267 4c797469 6c61636f 
0000000100dbb5d0	6e616d00 006c6175 73736573 536e6f69 
0000000100dbb5e0	74726174 6f6f7400 6573556c 72757400 
0000000100dbb5f0	6d6f436e 74656c70 64690065 6c00656c 
0000000100dbb600	41657669 61004950 756f6363 5041746e 
0000000100dbb610	75700049 61006873 65537070 72657672 
0000000100dbb620	696c6300 626f7250 6f6c0065 536c6163 
0000000100dbb630	006e6163 44626577 62687361 6472616f 
0000000100dbb640	726f6e00 006c616d 6e726177 00676e69 
0000000100dbb650	74697263 6c616369 00000000 00000000 
0000000100dbb660	66656424 746c7561 6f746341 70750072 
0000000100dbb670	65727473 00736d61 496e696d 7265746e 
0000000100dbb680	006c6176 00000000 00000000 00000000 
0000000100dbb690	6e6b6e75 4d6e776f 6c65646f 626f6c47 
0000000100dbb6a0	61476c61 00000070 00000000 00000000 
0000000100dbb6b0	6e6b6e75 4d6e776f 6c65646f 4d726550 
0000000100dbb6c0	6c65646f 00706147 6c466e69 74686769 
0000000100dbb6d0	00000000 00000000 00000000 00000000 
0000000100dbb6e0	7473616c 6e657645 69725474 72656767 
0000000100dbb6f0	63007441 6b636568 6f4d6465 736c6564 
0000000100dbb700	00000000 00000000 00000000 00000000 
0000000100dbb710	646e6570 55676e69 6f6e6b6e 6f4d6e77 
0000000100dbb720	736c6564 6d616e00 72750065 6163006c 
0000000100dbb730	55656863 70004c52 656e7572 646f6d00 
0000000100dbb740	00736c65 61696c61 00736573 72756f73 
0000000100dbb750	00006563 00000000 00000000 00000000 
0000000100dbb760	66656424 746c7561 6f746341 00000072 
0000000100dbb770	68636163 6e536465 68737061 4273746f 
0000000100dbb780	6f725079 65646976 00000072 00000000 
0000000100dbb790	7473616c 63746546 74744168 74706d65 
0000000100dbb7a0	00000000 00000000 00000000 00000000 
0000000100dbb7b0	6f706572 64657472 6b736544 55706f74 
0000000100dbb7c0	6f6e6b6e 6c416e77 65736169 00000073 
0000000100dbb7d0	6b636162 4d66666f 69746c75 65696c70 
0000000100dbb7e0	00000072 00000000 00000000 00000000 
0000000100dbb7f0	4369617a 69666e6f 65684367 64656b63 
0000000100dbb800	63616300 5a646568 6f436961 6769666e 
0000000100dbb810	6e697700 73776f64 74656600 64656863 
0000000100dbb820	6d007441 64617465 00617461 7774656e 
0000000100dbb830	456b726f 726f7272 436f6e00 65646572 
0000000100dbb840	6169746e 7400736c 6e656b6f 69707845 
0000000100dbb850	00646572 65746172 696d694c 00646574 
0000000100dbb860	73726170 72724565 6900726f 616e4573 
0000000100dbb870	64656c62 69747500 617a696c 6e6f6974 
0000000100dbb880	6e6f6d00 796c6874 696d694c 73750074 
0000000100dbb890	72436465 74696465 75630073 6e657272 
0000000100dbb8a0	00007963 00000000 00000000 00000000 
0000000100dbb8b0	646e6977 7000776f 69766572 4173756f 
0000000100dbb8c0	6f007070 656e6570 00744164 6e65706f 
0000000100dbb8d0	72756f53 6f006563 7369446e 7373696d 
0000000100dbb8e0	6e616d00 72656761 696c5f00 736e6563 
0000000100dbb8f0	79654b65 70615f00 72616570 00006465 
0000000100dbb900	6e6f635f 74746566 69725469 72656767 
0000000100dbb910	6f635f00 64656970 0079654b 4373695f 
0000000100dbb920	65736f6c 65766f48 00646572 5073695f 
0000000100dbb930	6c656e61 65766f48 00646572 00000000 
0000000100dbb940	6c65735f 65746365 76654464 73656369 
0000000100dbb950	00000000 00000000 00000000 00000000 
0000000100dbb960	6f68735f 74634177 74617669 4d6e6f69 
0000000100dbb970	0065646f 00000000 00000000 00000000 
0000000100dbb980	6165645f 76697463 53657461 65746174 
0000000100dbb990	6f635f00 53726f6c 6d656863 685f0065 
0000000100dbb9a0	654b7361 70784579 65646e61 735f0064 
0000000100dbb9b0	46746f6c 64656572 65645f00 6e756f62 
0000000100dbb9c0	4b646563 00007965 00000000 00000000 
0000000100dbb9d0	5373695f 74726174 55676e69 61726770 
0000000100dbb9e0	68436564 6f6b6365 00007475 00000000 
0000000100dbb9f0	6770755f 65646172 63656843 74756f6b 
0000000100dbba00	6c696146 42006465 0079646f 00000000 
0000000100dbba10	67726174 63537465 6e656572 746f6e00 
0000000100dbba20	61506863 006c656e 74736f68 56676e69 
0000000100dbba30	00776569 00000000 00000000 00000000 
0000000100dbba40	626f6c67 6c436c61 4d6b6369 74696e6f 
0000000100dbba50	0000726f 00000000 00000000 00000000 
0000000100dbba60	61636f6c 696c436c 6f4d6b63 6f74696e 
0000000100dbba70	00000072 00000000 00000000 00000000 
0000000100dbba80	626f6c67 6f4d6c61 6f4d6576 6f74696e 
0000000100dbba90	00000072 00000000 00000000 00000000 
0000000100dbbaa0	61636f6c 766f4d6c 6e6f4d65 726f7469 
0000000100dbbab0	73616c00 746f4e74 74536863 73757461 
0000000100dbbac0	00000000 00000000 00000000 00000000 
0000000100dbbad0	616c6564 48646579 65646469 6461466e 
0000000100dbbae0	73615465 0000006b 00000000 00000000 
0000000100dbbaf0	65447369 72726566 48676e69 65646469 
0000000100dbbb00	6461466e 00000065 00000000 00000000 
0000000100dbbb10	656e6170 6469486c 546e6564 65677261 
0000000100dbbb20	00000074 00000000 00000000 00000000 
0000000100dbbb30	646e6977 7246776f 55656d61 74616470 
0000000100dbbb40	73615465 616c006b 6f4d7473 69546576 
0000000100dbbb50	0000656d 00000000 00000000 00000000 
0000000100dbbb60	6e756f73 65764564 7000746e 61776572 
0000000100dbbb70	64006d72 6c707369 74007961 436b7361 
0000000100dbbb80	6c706d6f 00657465 74617473 61577375 
0000000100dbbb90	6e696e72 73750067 4c656761 74696d69 
0000000100dbbba0	6b656550 70706100 61766f72 7165526c 
0000000100dbbbb0	74736575 65737500 65755172 6f697473 
0000000100dbbbc0	0000006e 00000000 00000000 00000000 
0000000100dbbbd0	65646f63 6c6f5278 74756f6c 706d6f43 
0000000100dbbbe0	6974656c 00006e6f 00000000 00000000 
0000000100dbbbf0	65747461 6f69746e 6d65526e 65646e69 
0000000100dbbc00	6f630072 656c706d 6e6f6974 00000000 
0000000100dbbc10	6b736174 706d6f43 6574656c 65766552 
0000000100dbbc20	00006c61 00000000 00000000 00000000 
0000000100dbbc30	74617473 61577375 6e696e72 76655267 
0000000100dbbc40	006c6165 436c6c41 73657361 77615200 
0000000100dbbc50	756c6156 696b0065 7000646e 726f6972 
0000000100dbbc60	00797469 6c427369 696b636f 6400676e 
0000000100dbbc70	6c6c6577 6f636553 0073646e 67616964 
0000000100dbbc80	74736f6e 614c6369 006c6562 6e616863 
0000000100dbbc90	736c656e 00000000 00000000 00000000 
0000000100dbbca0	496e7572 6e650064 52797274 6f736165 
0000000100dbbcb0	7473006e 53747261 00706574 72617473 
0000000100dbbcc0	41646574 6f6e0074 69730077 65006b6e 
0000000100dbbcd0	746e6576 75716553 65636e65 696d6500 
0000000100dbbce0	64657474 7379654b 72696600 6e497473 
0000000100dbbcf0	6c617473 6572006c 00797274 63726f66 
0000000100dbbd00	65526465 79616c70 62656400 72506775 
0000000100dbbd10	65697665 70750077 64617267 61520065 
0000000100dbbd20	6c615677 77006575 68637461 72657000 
0000000100dbbd30	7373696d 006e6f69 706d6f63 6574656c 
0000000100dbbd40	6d756a00 6c410070 7361436c 73007365 
0000000100dbbd50	7070696b 73006465 656e6563 61687000 
0000000100dbbd60	74006573 6c616972 00000000 00000000 
0000000100dbbd70	61697274 7466416c 68437265 6f6b6365 
0000000100dbbd80	74417475 706d6574 00000074 00000000 
0000000100dbbd90	6563696c 4165736e 76697463 64657461 
0000000100dbbda0	636f7300 5074656b 00687461 61666564 
0000000100dbbdb0	43746c75 70006477 69737265 6e657473 
0000000100dbbdc0	00644674 61666564 45746c75 0000766e 
0000000100dbbdd0	6c6c7566 65726373 69576e65 776f646e 
0000000100dbbde0	72616300 6e695764 00776f64 64616572 
0000000100dbbdf0	6e695779 00776f64 00000000 00000000 
0000000100dbbe00	6c616e61 63697479 73655373 6e6f6973 
0000000100dbbe10	6d6f6300 74656c70 006e6f69 73616870 
0000000100dbbe20	65770065 6d6f636c 65640065 63006f6d 
0000000100dbbe30	69666e6f 69760067 6c006562 6e656369 
0000000100dbbe40	72006573 79646165 6c646900 75660065 
0000000100dbbe50	63736c6c 6e656572 61727400 7469736e 
0000000100dbbe60	696e6f69 6300676e 00647261 706d6f63 
0000000100dbbe70	6574656c 6c410064 7361436c 52007365 
0000000100dbbe80	61567761 0065756c 6c616e61 63697479 
0000000100dbbe90	6e6f0073 6563694c 4465736e 00656e6f 
0000000100dbbea0	7275635f 746e6572 70657453 70615f00 
0000000100dbbeb0	72616570 00006465 00000000 00000000 
0000000100dbbec0	5473695f 736e6172 6f697469 676e696e 
0000000100dbbed0	446e6f00 466f6d65 73696e69 00646568 
0000000100dbbee0	65726373 69536e65 7700657a 706c6c61 
0000000100dbbef0	72657061 75635f00 69617472 61704f6e 
0000000100dbbf00	79746963 68735f00 6157776f 61706c6c 
0000000100dbbf10	00726570 6c61775f 7061706c 63537265 
0000000100dbbf20	00656c61 79646f42 00000000 00000000 
0000000100dbbf30	66617274 4c636966 74686769 6c746954 
0000000100dbbf40	72616265 6e756f42 724f7364 6e696769 
0000000100dbbf50	6e697700 00776f64 736f6c63 73624f65 
0000000100dbbf60	65767265 72700072 6f697665 70417375 
0000000100dbbf70	69770070 776f646e 65697600 646f4d77 
0000000100dbbf80	70006c65 69766572 4173756f 5f007070 
0000000100dbbf90	6f006d76 7369446e 7373696d 70615f00 
0000000100dbbfa0	72616570 5f006465 6f6c6f63 68635372 
0000000100dbbfb0	00656d65 79646f42 00000000 00000000 
0000000100dbbfc0	73736573 006e6f69 7265766f 65646972 
0000000100dbbfd0	6c6f6f54 00000000 00000000 00000000 
0000000100dbbfe0	7265766f 65646972 6c6f6f54 75706e49 
0000000100dbbff0	00000074 00000000 00000000 00000000 
0000000100dbc000	6d726570 69737369 75506e6f 63696c62 
0000000100dbc010	6f697461 6b6f546e 72006e65 65757165 
0000000100dbc020	72657473 656d614e 65697600 646f4d77 
0000000100dbc030	42006c65 0079646f 656e696c 64610073 
0000000100dbc040	43646564 746e756f 6d657200 6465766f 
0000000100dbc050	6e756f43 6e690074 00747570 746e6f66 
0000000100dbc060	657a6953 64776300 6f6c5f00 64656461 
0000000100dbc070	656e694c 645f0073 52666669 6c757365 
0000000100dbc080	64610074 6c694664 70750065 65746164 
0000000100dbc090	656c6946 6c656400 46657465 00656c69 
0000000100dbc0a0	65766f6d 6c006f54 63616765 766f4d79 
0000000100dbc0b0	6c694665 65620065 506e6967 68637461 
0000000100dbc0c0	646e6500 63746150 6e650068 46664f64 
0000000100dbc0d0	00656c69 646e696b 74617000 65740068 
0000000100dbc0e0	74007478 00657079 656e696c 626d754e 
0000000100dbc0f0	6f007265 6150646c 6e006874 61507765 
0000000100dbc100	6d006874 0065766f 00646461 61647075 
0000000100dbc110	64006574 74656c65 6f630065 7865746e 
0000000100dbc120	65720074 65766f6d 64610064 00646564 
0000000100dbc130	61706573 6f746172 6f420072 4e007964 
0000000100dbc140	65695653 70795477 6f430065 6964726f 
0000000100dbc150	6f74616e 00000072 00000000 00000000 
0000000100dbc160	7865745f 6c700074 68656361 65646c6f 
0000000100dbc170	6f660072 00737563 73697861 6e696c00 
0000000100dbc180	6d694c65 66007469 53746e6f 00657a69 
0000000100dbc190	69617274 676e696c 746e6948 49786100 
0000000100dbc1a0	746e6564 65696669 6e6f0072 65766f48 
0000000100dbc1b0	61684372 6465676e 536e6f00 696d6275 
0000000100dbc1c0	695f0074 766f4873 64657265 646f4200 
0000000100dbc1d0	65720079 73657571 00444974 73657571 
0000000100dbc1e0	6e6f6974 65646e49 00000078 00000000 
0000000100dbc1f0	6d627573 58417469 6e656449 69666974 
0000000100dbc200	00007265 00000000 00000000 00000000 
0000000100dbc210	75426e6f 6e6f7474 61657241 65766f48 
0000000100dbc220	695f0072 636f4673 64657375 65697600 
0000000100dbc230	646f4d77 00006c65 00000000 00000000 
0000000100dbc240	73736573 736e6f69 6f727000 69736976 
0000000100dbc250	6c616e6f 00734449 65747461 6f69746e 
0000000100dbc260	7344496e 71657200 74736575 614e7265 
0000000100dbc270	0073656d 6e6e7572 43676e69 746e756f 
0000000100dbc280	00000000 00000000 00000000 00000000 
0000000100dbc290	69616c63 5464656d 6d6d6165 49657461 
0000000100dbc2a0	746e6564 65697469 65740073 654d6d61 
0000000100dbc2b0	7265626d 00000073 00000000 00000000 
0000000100dbc2c0	75426e6f 6e6f7474 61657241 65766f48 
0000000100dbc2d0	65730072 6f697373 6873006e 7553776f 
0000000100dbc2e0	65676162 0073746e 00000000 00000000 
0000000100dbc2f0	65747461 6f69746e 6968436e 4449646c 
0000000100dbc300	00000073 00000000 00000000 00000000 
0000000100dbc310	766f7270 6f697369 436c616e 646c6968 
0000000100dbc320	00734449 00000000 00000000 00000000 
0000000100dbc330	6f68735f 646f4d77 6e496c65 656e6150 
0000000100dbc340	0000006c 00000000 00000000 00000000 
0000000100dbc350	6f68735f 61655277 696e6f73 6645676e 
0000000100dbc360	74726f66 61506e49 006c656e 79646f42 
0000000100dbc370	71657200 74736575 614e7265 6600656d 
0000000100dbc380	53746e6f 00657a69 656d616e 61747300 
0000000100dbc390	54737574 00747865 74617473 6f437375 
0000000100dbc3a0	00726f6c 6f437369 656c706d 00646574 
0000000100dbc3b0	6465656e 74744173 69746e65 00006e6f 
0000000100dbc3c0	746e7572 50656d69 69666f72 6554656c 
0000000100dbc3d0	64007478 69617465 7865546c 735f0074 
0000000100dbc3e0	63656c65 00646574 6563696c 0065736e 
0000000100dbc3f0	69766564 00736563 63697270 73694465 
0000000100dbc400	79616c70 436e6f00 676e6168 6f420065 
0000000100dbc410	63007964 726f6c6f 69645f00 6c65006d 
0000000100dbc420	72746365 63006369 6475616c 75610065 
0000000100dbc430	61726f72 796f7200 6e006c61 0072696f 
0000000100dbc440	41004449 61436c6c 00736573 56776152 
0000000100dbc450	65756c61 69646500 6e6f6974 626d754e 
0000000100dbc460	65007265 69746964 69546e6f 00656c74 
0000000100dbc470	626d656d 61447265 73006574 656c7974 
0000000100dbc480	68705f00 00657361 766f685f 6f507265 
0000000100dbc490	00746e69 4873695f 7265766f 5f006465 
0000000100dbc4a0	61726373 656c626d 00786548 7263735f 
0000000100dbc4b0	6c626d61 72615465 00746567 7263735f 
0000000100dbc4c0	6c626d61 636f4c65 0064656b 7263735f 
0000000100dbc4d0	6c626d61 646f4d65 685f0065 54646c6f 
0000000100dbc4e0	736b6369 6e615f00 74616d69 546e6f69 
0000000100dbc4f0	72656d69 72616300 726f4364 0072656e 
0000000100dbc500	656c6170 00657474 79646f42 6c616800 
0000000100dbc510	6e6f7466 73610065 00696963 65786970 
0000000100dbc520	6570006c 6e69646e 746e4967 00746e65 
0000000100dbc530	73696874 0063614d 6e676973 0074754f 
0000000100dbc540	6563696c 4b65736e 63007965 6f747375 
0000000100dbc550	4572656d 6c69616d 436e6f00 65636e61 
0000000100dbc560	6e6f006c 666e6f43 006d7269 706f635f 
0000000100dbc570	00646569 706f635f 69614679 0064656c 
0000000100dbc580	79646f42 00000000 00000000 00000000 
0000000100dbc590	4f79656b 72726576 00656469 776f6873 
0000000100dbc5a0	64644173 74616553 00776f52 6c536e6f 
0000000100dbc5b0	7246746f 00646565 00000000 00000000 
0000000100dbc5c0	65526e6f 73657571 6c655374 61654466 
0000000100dbc5d0	76697463 00657461 616e616d 00726567 
0000000100dbc5e0	6e6f635f 6d726966 49676e69 00000064 
0000000100dbc5f0	73616c5f 61654474 76697463 46657461 
0000000100dbc600	656c6961 00000064 00000000 00000000 
0000000100dbc610	4173695f 65536464 6f487461 65726576 
0000000100dbc620	00000064 00000000 00000000 00000000 
0000000100dbc630	5373695f 74726174 43676e69 6b636568 
0000000100dbc640	0074756f 6568635f 756f6b63 69614674 
0000000100dbc650	0064656c 79646f42 00000000 00000000 
0000000100dbc660	77656976 65646f4d 735f006c 646e756f 
0000000100dbc670	62616e45 0064656c 00000000 00000000 
0000000100dbc680	6f68735f 646f4377 65527865 43746573 
0000000100dbc690	73647261 00000000 00000000 00000000 
0000000100dbc6a0	6173755f 72426567 65676469 6d6f7250 
0000000100dbc6b0	00007470 00000000 00000000 00000000 
0000000100dbc6c0	67617375 69724265 50656764 706d6f72 
0000000100dbc6d0	6f6e5374 4b657a6f 00007965 00000000 
0000000100dbc6e0	67617375 69724265 50656764 706d6f72 
0000000100dbc6f0	6f685374 6e537472 657a6f6f 00000000 
0000000100dbc700	67617375 69724265 50656764 706d6f72 
0000000100dbc710	6e6f4c74 6f6e5367 00657a6f 7070615f 
0000000100dbc720	53726165 656c6163 00000000 00000000 
0000000100dbc730	6d6f635f 74656c70 466e6f69 6873616c 
0000000100dbc740	6361704f 00797469 00000000 00000000 
0000000100dbc750	6f626e6f 69647261 6152676e 6f626e69 
0000000100dbc760	6f420077 64007964 00617461 766f7270 
0000000100dbc770	72656469 6e616300 6c637943 695f0065 
0000000100dbc780	766f4873 64657265 63696c00 65736e65 
0000000100dbc790	73696400 79616c70 656d614e 536e6f00 
0000000100dbc7a0	63746977 6e6f0068 6d736944 00737369 
0000000100dbc7b0	4c73695f 486b6e69 7265766f 6e006465 
0000000100dbc7c0	6669746f 74616369 006e6f69 74646977 
0000000100dbc7d0	00000068 00000000 00000000 00000000 
0000000100dbc7e0	69466e6f 6873696e 70615f00 72616570 
0000000100dbc7f0	5f006465 64726163 65707041 64657261 
0000000100dbc800	61635f00 6f526472 69746174 5f006e6f 
0000000100dbc810	646e6172 61506d6f 7474656c 635f0065 
0000000100dbc820	4679706f 62646565 006b6361 6563696c 
0000000100dbc830	0065736e 79646f42 4e6e6f00 00747865 
0000000100dbc840	6f68735f 74634177 74617669 65694665 
0000000100dbc850	0000646c 00000000 00000000 00000000 
0000000100dbc860	6469645f 6e65704f 63656843 74756f6b 
0000000100dbc870	696c5f00 736e6563 79654b65 73695f00 
0000000100dbc880	69746341 69746176 0000676e 00000000 
0000000100dbc890	7463615f 74617669 456e6f69 726f7272 
0000000100dbc8a0	00000000 00000000 00000000 00000000 
0000000100dbc8b0	6c65735f 65746365 76654464 73656369 
0000000100dbc8c0	69645f00 6d6f4364 74656c70 00000065 
0000000100dbc8d0	5373695f 74726174 54676e69 6c616972 
0000000100dbc8e0	616e6100 6974796c 5f007363 6e616373 
0000000100dbc8f0	75736552 5f00746c 6e656761 676f5474 
0000000100dbc900	73656c67 00000000 00000000 00000000 
0000000100dbc910	6469645f 706d6f43 6574656c 666e6f43 
0000000100dbc920	5f006769 6e75616c 74416863 69676f4c 
0000000100dbc930	0000006e 00000000 00000000 00000000 
0000000100dbc940	654e6e6f 73007478 65657263 7a69536e 
0000000100dbc950	695f0065 6e616c73 6e654364 59726574 
0000000100dbc960	73695f00 646e616c 6c616353 695f0065 
0000000100dbc970	6e616c73 73695664 656c6269 72645f00 
0000000100dbc980	6e417761 00656c67 6f6c675f 6f745377 
0000000100dbc990	5f007370 776f6c67 61657242 5f006874 
0000000100dbc9a0	73706163 46656c75 656c6c69 625f0064 
0000000100dbc9b0	646e6172 73496e49 646e616c 63735f00 
0000000100dbc9c0	626d6172 6554656c 00007478 00000000 
0000000100dbc9d0	6761745f 656e696c 65707041 64657261 
0000000100dbc9e0	75625f00 6e6f7474 65707041 64657261 
0000000100dbc9f0	6c675f00 7453776f 5473706f 72656d69 
0000000100dbca00	00000000 00000000 00000000 00000000 
0000000100dbca10	6f6c675f 65724277 54687461 72656d69 
0000000100dbca20	63735f00 626d6172 6954656c 0072656d 
0000000100dbca30	6e616c5f 676e6964 776f6c47 656d6954 
0000000100dbca40	73690072 646e616c 73690057 646e616c 
0000000100dbca50	6f420048 00007964 00000000 00000000 
0000000100dbca60	43706f74 656e726f 64615272 00737569 
0000000100dbca70	74746f62 6f436d6f 72656e72 69646152 
0000000100dbca80	73007375 75746174 705f0073 65736168 
0000000100dbca90	6d697400 42007265 0079646f 6d696e41 
0000000100dbcaa0	62617461 6144656c 00006174 00000000 
0000000100dbcab0	72707061 4f65766f 0065636e 6f747561 
0000000100dbcac0	65646f4d 6e616d00 416c6175 6f727070 
0000000100dbcad0	00006576 00000000 00000000 00000000 
0000000100dbcae0	61707962 65507373 73696d72 6e6f6973 
0000000100dbcaf0	6c410073 7361436c 74007365 00747865 
0000000100dbcb00	646e696b 73657300 6e6f6973 71657200 
0000000100dbcb10	74736575 614e7265 7600656d 4d776569 
0000000100dbcb20	6c65646f 756f6300 7300746e 69737365 
0000000100dbcb30	64496e6f 756f7300 00656372 706d6f63 
0000000100dbcb40	42746361 6f747475 0000736e 00000000 
0000000100dbcb50	75426e6f 6e6f7474 61657241 65766f48 
0000000100dbcb60	766f0072 69727265 6f546564 00006c6f 
0000000100dbcb70	7265766f 65646972 6c6f6f54 75706e49 
0000000100dbcb80	00000074 00000000 00000000 00000000 
0000000100dbcb90	7265766f 65646972 6d726550 69737369 
0000000100dbcba0	75536e6f 73656767 6e6f6974 00000073 
0000000100dbcbb0	6d726570 69737369 6f546e6f 73556c6f 
0000000100dbcbc0	00644965 00000000 00000000 00000000 
0000000100dbcbd0	65646f63 73654478 706f746b 72707041 
0000000100dbcbe0	6c61766f 636e6f4e 00000065 00000000 
0000000100dbcbf0	6d726570 69737369 75506e6f 63696c62 
0000000100dbcc00	6f697461 6b6f546e 68006e65 42656469 
0000000100dbcc10	73617079 69680073 6c416564 73796177 
0000000100dbcc20	79656b00 72616f62 6e614d64 72656761 
0000000100dbcc30	52736900 4f646165 00796c6e 00000000 
0000000100dbcc40	6361635f 50646568 4c6e616c 73656e69 
0000000100dbcc50	00000000 00000000 00000000 00000000 
0000000100dbcc60	4673695f 62646565 466b6361 7375636f 
0000000100dbcc70	6d006465 61737365 42006567 0079646f 
0000000100dbcc80	64616568 00676e69 65646f63 73696c00 
0000000100dbcc90	65744974 6f6e006d 6c616d72 65757100 
0000000100dbcca0	6f697473 5f00736e 6f487369 69726576 
0000000100dbccb0	7100676e 74736575 006e6f69 75716572 
0000000100dbccc0	4e747365 65636e6f 65727000 746e6573 
0000000100dbccd0	6f697461 7073006e 6e696361 616c0067 
0000000100dbcce0	006c6562 726f6873 74756374 00676600 
0000000100dbccf0	61006762 65644978 6669746e 00726569 
0000000100dbcd00	614c7861 006c6562 6e457369 656c6261 
0000000100dbcd10	63610064 6e6f6974 73695f00 65766f48 
0000000100dbcd20	00646572 00000000 00000000 00000000 
0000000100dbcd30	6c627570 74616369 546e6f69 6e656b6f 
0000000100dbcd40	696e4100 6174616d 44656c62 00617461 
0000000100dbcd50	68636143 6e690065 00786564 6974706f 
0000000100dbcd60	69006e6f 766f4873 6e697265 6f6d0067 
0000000100dbcd70	6d795364 006c6f62 65537369 7463656c 
0000000100dbcd80	00006465 00000000 00000000 00000000 
0000000100dbcd90	776f6873 6f685373 75637472 6e694874 
0000000100dbcda0	6e6f0074 656c6553 6f007463 676f546e 
0000000100dbcdb0	00656c67 656e696c 696d694c 68730074 
0000000100dbcdc0	6374726f 65547475 69007478 73695673 
0000000100dbcdd0	656c6269 00000000 00000000 00000000 
0000000100dbcde0	6a6f7270 4e746365 00656d61 00000000 
0000000100dbcdf0	6b726f77 65657274 70736944 4c79616c 
0000000100dbce00	6c656261 00000000 00000000 00000000 
0000000100dbce10	74736f68 6b726f57 63617073 73694465 
0000000100dbce20	79616c70 656d614e 73657300 6e6f6973 
0000000100dbce30	746e6f43 00746e65 00000000 00000000 
0000000100dbce40	77656976 65646f4d 6573006c 6f697373 
0000000100dbce50	7369006e 69746341 69006576 636f4673 
0000000100dbce60	64657375 43736900 616c6c6f 64657370 
0000000100dbce70	73695f00 65766f48 00646572 00000000 
0000000100dbce80	4173695f 6f727070 486c6176 7265766f 
0000000100dbce90	00006465 00000000 00000000 00000000 
0000000100dbcea0	6f68735f 646f4d77 6e496c65 656e6150 
0000000100dbceb0	0000006c 00000000 00000000 00000000 
0000000100dbcec0	6f68735f 61655277 696e6f73 6645676e 
0000000100dbced0	74726f66 61506e49 006c656e 00000000 
0000000100dbcee0	6f68735f 726f5777 6572746b 69684365 
0000000100dbcef0	00000070 00000000 00000000 00000000 
0000000100dbcf00	6f68735f 6f725077 7463656a 656d614e 
0000000100dbcf10	69685f00 61546564 694c6b73 00007473 
0000000100dbcf20	6469685f 73615465 6275536b 6e656761 
0000000100dbcf30	42007374 0079646f 6b736174 74730073 
0000000100dbcf40	65747261 00744164 73736573 496e6f69 
0000000100dbcf50	00000064 00000000 00000000 00000000 
0000000100dbcf60	746e7572 49656d69 6174736e 4965636e 
0000000100dbcf70	68730064 4573776f 42746978 6f747475 
0000000100dbcf80	616c006e 006c6562 64497861 69746e65 
0000000100dbcf90	72656966 69786500 74634174 006e6f69 
0000000100dbcfa0	74617473 61007375 6f697463 6574006e 
0000000100dbcfb0	6f007478 69636170 00007974 00000000 
0000000100dbcfc0	6b636162 756f7267 704f646e 74696361 
0000000100dbcfd0	72620079 43646e61 726f6c6f 6e696d00 
0000000100dbcfe0	74646957 72740068 696c6961 6349676e 
0000000100dbcff0	6f006e6f 7061546e 756f6300 0000746e 
0000000100dbd000	72747865 73655361 6e6f6973 6e756f43 
0000000100dbd010	68730074 6552776f 72617473 6e694874 
0000000100dbd020	6e6f0074 62616e45 6f00656c 7369446e 
0000000100dbd030	7373696d 6e695f00 6c617473 676e696c 
0000000100dbd040	65646900 656d614e 496e6f00 6174736e 
0000000100dbd050	5f006c6c 6e65706f 004c5255 75416e6f 
0000000100dbd060	726f6874 00657a69 4173695f 6f687475 
0000000100dbd070	697a6972 0000676e 00000000 00000000 
0000000100dbd080	7475615f 69726f68 6974617a 61466e6f 
0000000100dbd090	64656c69 00000000 00000000 00000000 
0000000100dbd0a0	7475615f 69726f68 6974617a 72456e6f 
0000000100dbd0b0	44726f72 69617465 6156006c 0065756c 
0000000100dbd0c0	6e656469 69666974 74007265 006b7361 
0000000100dbd0d0	74737973 614e6d65 6300656d 726f6c6f 
0000000100dbd0e0	7a697300 6f420065 69007964 576e6f63 
0000000100dbd0f0	68746469 6f636900 7a69536e 6f420065 
0000000100dbd100	00007964 00000000 00000000 00000000 
0000000100dbd110	79616c5f 4474756f 63657269 6e6f6974 
0000000100dbd120	61765f00 0065756c 676e6172 74730065 
0000000100dbd130	74007065 496b6369 7265746e 006c6176 
0000000100dbd140	64456e6f 6e697469 61684367 6465676e 
0000000100dbd150	73695f00 67617244 676e6967 62616c00 
0000000100dbd160	75006c65 0074696e 6f436e6f 74696d6d 
0000000100dbd170	73695f00 75636f46 00646573 6172645f 
0000000100dbd180	42007466 0079646f 74646977 6d655468 
0000000100dbd190	74616c70 73690065 69746341 63006576 
0000000100dbd1a0	65746e6f 4200746e 0079646f 00000000 
0000000100dbd1b0	5473695f 6d656c65 79727465 62616e45 
0000000100dbd1c0	0064656c 00000000 00000000 00000000 
0000000100dbd1d0	6f68735f 6d6f4377 696e756d 68537974 
0000000100dbd1e0	00746565 00000000 00000000 00000000 
0000000100dbd1f0	6f68735f 6b634177 6c776f6e 65676465 
0000000100dbd200	746e656d 00000073 00000000 00000000 
0000000100dbd210	6f68735f 6c655277 65736165 65746f4e 
0000000100dbd220	00000073 00000000 00000000 00000000 
0000000100dbd230	4573695f 726f7078 676e6974 67616944 
0000000100dbd240	74736f6e 00736369 00000000 00000000 
0000000100dbd250	6169645f 736f6e67 45636974 726f7078 
0000000100dbd260	72724574 0000726f 00000000 00000000 
0000000100dbd270	6f68735f 696e5577 6174736e 6f436c6c 
0000000100dbd280	7269666e 695f006d 696e5573 6174736e 
0000000100dbd290	6e696c6c 00000067 00000000 00000000 
0000000100dbd2a0	6f68735f 696e5577 6174736e 6f446c6c 
0000000100dbd2b0	4200656e 0079646f 7369645f 7373696d 
0000000100dbd2c0	646f4200 6f630079 6769666e 63657700 
0000000100dbd2d0	51746168 74614452 65660061 75687369 
0000000100dbd2e0	61445251 6c006174 6564616f 6f6c0064 
0000000100dbd2f0	6e696461 645f0067 696d7369 5f007373 
0000000100dbd300	73616870 6f420065 73007964 57776f68 
0000000100dbd310	61684365 6f724774 73007075 46776f68 
0000000100dbd320	68736965 6f724775 70007075 6f6c7961 
0000000100dbd330	64006461 00617461 6562616c 695f006c 
0000000100dbd340	6567616d 00000000 00000000 00000000 
0000000100dbd350	77656976 65646f4d 6373006c 6e656572 
0000000100dbd360	656c6553 726f7463 69685f00 65446564 
0000000100dbd370	6c696174 69685f00 61546564 694c6b73 
0000000100dbd380	00007473 00000000 00000000 00000000 
0000000100dbd390	6469685f 73615465 6275536b 6e656761 
0000000100dbd3a0	5f007374 776f6873 65646f4d 0000006c 
0000000100dbd3b0	6f68735f 61655277 696e6f73 6645676e 
0000000100dbd3c0	74726f66 68735f00 6f57776f 72746b72 
0000000100dbd3d0	00006565 00000000 00000000 00000000 
0000000100dbd3e0	6f68735f 6f725077 7463656a 656d614e 
0000000100dbd3f0	646f4200 735f0079 63656c65 6e6f6974 
0000000100dbd400	646f4200 69760079 6f4d7765 006c6564 
0000000100dbd410	6c61775f 7061706c 42007265 0079646f 
0000000100dbd420	776f6873 65646f4d 0000006c 00000000 
0000000100dbd430	776f6873 73616552 6e696e6f 66664567 
0000000100dbd440	0074726f 776f6873 6a6f7250 4e746365 
0000000100dbd450	00656d61 776f6873 6b726f57 65657274 
0000000100dbd460	6f687300 73615477 7300736b 53776f68 
0000000100dbd470	67616275 73746e65 6f687300 74654477 
0000000100dbd480	006c6961 79646f42 78657400 73690074 
0000000100dbd490	79706f43 656c6261 00000000 00000000 
0000000100dbd4a0	61636f6c 63614d6c 68737300 76726553 
0000000100dbd4b0	68007265 7374736f 636f6c00 6f506c61 
0000000100dbd4c0	00007472 00000000 00000000 00000000 
0000000100dbd4d0	6e6e6f63 65746365 736f4864 73444974 
0000000100dbd4e0	6f6c5f00 69746163 5f006e6f 656c6573 
0000000100dbd4f0	64657463 74736f48 5f004449 616c6572 
0000000100dbd500	736f4879 635f0074 6569706f 00000064 
0000000100dbd510	6c65735f 65746365 616c5064 726f6674 
0000000100dbd520	6f42006d 49007964 6c410044 7361436c 
0000000100dbd530	52007365 61567761 0065756c 00000000 
0000000100dbd540	7070615f 676e614c 65676175 00000000 
0000000100dbd550	696e695f 6c616974 4c707041 75676e61 
0000000100dbd560	00656761 00000000 00000000 00000000 
0000000100dbd570	4c73695f 636e7561 4c744168 6e69676f 
0000000100dbd580	62616e45 0064656c 00000000 00000000 
0000000100dbd590	6c64695f 6d695465 74756f65 72756f48 
0000000100dbd5a0	69760073 6f4d7765 006c6564 79646f42 
0000000100dbd5b0	00000000 00000000 00000000 00000000 
0000000100dbd5c0	79616c5f 4474756f 63657269 6e6f6974 
0000000100dbd5d0	61765f00 0065756c 676e6172 74730065 
0000000100dbd5e0	74007065 6b636172 67696548 74007468 
0000000100dbd5f0	626d7568 657a6953 646f6300 616e0065 
0000000100dbd600	4900656d 64690044 7000656c 61706572 
0000000100dbd610	676e6972 76617300 66006465 656c6961 
0000000100dbd620	6f680064 44496b6f 68705f00 00657361 
0000000100dbd630	79646f42 6f6f6800 7369006b 62616e45 
0000000100dbd640	0064656c 00000000 00000000 00000000 
0000000100dbd650	75616c63 63006564 7865646f 64695f00 
0000000100dbd660	61745365 65737574 695f0073 6174736e 
0000000100dbd670	6e696c6c 45444967 6f685f00 74536b6f 
0000000100dbd680	73757461 00007365 00000000 00000000 
0000000100dbd690	6f6f685f 7475416b 6e6f436f 73676966 
0000000100dbd6a0	00000000 00000000 00000000 00000000 
0000000100dbd6b0	7475615f 6e6f436f 75676966 654e6572 
0000000100dbd6c0	44796c77 63657465 43646574 0073494c 
0000000100dbd6d0	7265745f 616e696d 7469546c 614d656c 
0000000100dbd6e0	6567616e 746e656d 62616e45 0064656c 
0000000100dbd6f0	7265745f 616e696d 7469546c 6f46656c 
0000000100dbd700	74616d72 00000000 00000000 00000000 
0000000100dbd710	4773695f 74736f68 76417974 616c6961 
0000000100dbd720	00656c62 00000000 00000000 00000000 
0000000100dbd730	7065725f 52726961 65757165 44497473 
0000000100dbd740	725f0073 69617065 69614672 6572756c 
0000000100dbd750	00000073 00000000 00000000 00000000 
0000000100dbd760	6e6f635f 75676966 676e6972 6f72694b 
0000000100dbd770	00000000 00000000 00000000 00000000 
0000000100dbd780	7463615f 74617669 48676e69 656d7265 
0000000100dbd790	00000073 00000000 00000000 00000000 
0000000100dbd7a0	7265685f 4173656d 76697463 6f697461 
0000000100dbd7b0	7272456e 0000726f 00000000 00000000 
0000000100dbd7c0	7475615f 69726f68 676e697a 65646f43 
0000000100dbd7d0	75725478 00007473 00000000 00000000 
0000000100dbd7e0	646f635f 72547865 45747375 726f7272 
0000000100dbd7f0	00000000 00000000 00000000 00000000 
0000000100dbd800	646f635f 72547865 4d747375 61756e61 
0000000100dbd810	6975476c 636e6164 00000065 00000000 
0000000100dbd820	6363615f 69737365 696c6962 72477974 
0000000100dbd830	65746e61 00000064 00000000 00000000 
0000000100dbd840	6e65645f 54646569 696d7265 736c616e 
0000000100dbd850	00000000 00000000 00000000 00000000 
0000000100dbd860	6f68735f 64644177 74737543 61506d6f 
0000000100dbd870	5f006874 74737563 61506d6f 694b6874 
0000000100dbd880	0000646e 00000000 00000000 00000000 
0000000100dbd890	7375635f 506d6f74 49687461 7475706e 
0000000100dbd8a0	00000000 00000000 00000000 00000000 
0000000100dbd8b0	7375635f 506d6f74 45687461 726f7272 
0000000100dbd8c0	00000000 00000000 00000000 00000000 
0000000100dbd8d0	6d65725f 6e69766f 73754367 496d6f74 
0000000100dbd8e0	49007364 6c410044 7361436c 52007365 
0000000100dbd8f0	61567761 0065756c 79646f42 00000000 
0000000100dbd900	43736168 6475616c 61680065 646f4373 
0000000100dbd910	68007865 75437361 726f7372 73616800 
0000000100dbd920	6f72694b 65697600 646f4d77 5f006c65 
0000000100dbd930	73727563 7041726f 766f7270 00006c61 
0000000100dbd940	646f635f 70417865 766f7270 6f4d6c61 
0000000100dbd950	00006564 00000000 00000000 00000000 
0000000100dbd960	72696b5f 7265506f 7373696d 486e6f69 
0000000100dbd970	44746e69 79616c65 6f636553 0073646e 
0000000100dbd980	6365725f 65766965 61746542 61647055 
0000000100dbd990	00736574 00000000 00000000 00000000 
0000000100dbd9a0	7475615f 646f4d6f 736e4965 64616574 
0000000100dbd9b0	7942664f 73736170 00000000 00000000 
0000000100dbd9c0	6665645f 6c437265 65647561 72707041 
0000000100dbd9d0	6c61766f 4e6f5473 76697461 00000065 
0000000100dbd9e0	6d656d5f 5279726f 61747365 6e457472 
0000000100dbd9f0	656c6261 00000064 00000000 00000000 
0000000100dbda00	6f6f745f 6176416c 62616c69 74696c69 
0000000100dbda10	00000079 00000000 00000000 00000000 
0000000100dbda20	646f635f 70417865 72655370 4a726576 
0000000100dbda30	54706d75 7365446f 706f746b 00000000 
0000000100dbda40	4e69615f 6e696d61 616e4567 64656c62 
0000000100dbda50	00000000 00000000 00000000 00000000 
0000000100dbda60	5469615f 696d7265 4e6c616e 6e696d61 
0000000100dbda70	00000067 00000000 00000000 00000000 
0000000100dbda80	4e69615f 76697461 69725765 61626574 
0000000100dbda90	42006b63 0079646f 00000000 00000000 
0000000100dbdaa0	64616f6c 00676e69 43746f6e 69666e6f 
0000000100dbdab0	65727567 6f630064 6769666e 64657275 
0000000100dbdac0	65656e00 74417364 746e6574 006e6f69 
0000000100dbdad0	7465735f 676e6974 00000073 00000000 
0000000100dbdae0	6e6f635f 7463656e 536e6f69 75746174 
0000000100dbdaf0	735f0073 70757465 75716552 00747365 
0000000100dbdb00	5073695f 61706572 676e6972 75746553 
0000000100dbdb10	00000070 00000000 00000000 00000000 
0000000100dbdb20	6f68735f 656e5577 7972636e 64657470 
0000000100dbdb30	61746544 57736c69 696e7261 4200676e 
0000000100dbdb40	0079646f 00000000 00000000 00000000 
0000000100dbdb50	73006469 65767265 4c525572 76656400 
0000000100dbdb60	4b656369 00007965 00000000 00000000 
0000000100dbdb70	6e457369 70797263 6e6f6974 62616e45 
0000000100dbdb80	0064656c 00000000 00000000 00000000 
0000000100dbdb90	72636e65 69747079 6f436e6f 6769666e 
0000000100dbdba0	74617275 006e6f69 00000000 00000000 
0000000100dbdbb0	6c636e69 73656475 61746544 64656c69 
0000000100dbdbc0	746e6f43 00746e65 62616e65 6641656c 
0000000100dbdbd0	53726574 00657661 69004449 00656c64 
0000000100dbdbe0	646e6573 00676e69 63637573 00737365 
0000000100dbdbf0	6c696166 00657275 0079656b 72007669 
0000000100dbdc00	65757165 6f007473 7661536e 645f0065 
0000000100dbdc10	696d7369 5f007373 76726573 6f4d7265 
0000000100dbdc20	00006564 00000000 00000000 00000000 
0000000100dbdc30	7375635f 536d6f74 65767265 4c525572 
0000000100dbdc40	65645f00 65636976 0079654b 00000000 
0000000100dbdc50	4573695f 7972636e 6f697470 616e456e 
0000000100dbdc60	64656c62 00000000 00000000 00000000 
0000000100dbdc70	636e655f 74707972 436e6f69 69666e6f 
0000000100dbdc80	61727567 6e6f6974 65745f00 74537473 
0000000100dbdc90	00657461 00000000 00000000 00000000 
0000000100dbdca0	706f635f 43646569 65646572 6169746e 
0000000100dbdcb0	0000006c 00000000 00000000 00000000 
0000000100dbdcc0	706f635f 53646569 75746174 73615473 
0000000100dbdcd0	695f006b 76615373 00676e69 7661735f 
0000000100dbdce0	69614665 0064656c 00000000 00000000 
0000000100dbdcf0	6f68735f 616c5077 65746e69 6f437478 
0000000100dbdd00	7269666e 6974616d 00006e6f 00000000 
0000000100dbdd10	4773695f 61427465 78456b72 646e6170 
0000000100dbdd20	5f006465 53707061 65726f74 6f435251 
0000000100dbdd30	42006564 0079646f 6b726162 6c627550 
0000000100dbdd40	73006369 48666c65 6574736f 6c410064 
0000000100dbdd50	7361436c 52007365 61567761 0065756c 
0000000100dbdd60	00647763 6d6f7270 5f007470 726f7473 
0000000100dbdd70	615f0065 73696d64 6e6f6973 726f7453 
0000000100dbdd80	69760065 6f4d7765 006c6564 77656e5f 
0000000100dbdd90	49647743 7475706e 656e5f00 6f725077 
0000000100dbdda0	4974706d 7475706e 00000000 00000000 
0000000100dbddb0	6d64615f 69737369 74536e6f 73757461 
0000000100dbddc0	7373654d 00656761 00000000 00000000 
0000000100dbddd0	77656e5f 6d6f7250 614d7470 54686374 
0000000100dbdde0	00657079 636f665f 64657375 6c656946 
0000000100dbddf0	00000064 00000000 00000000 00000000 
0000000100dbde00	6477635f 6576694c 76657250 43776569 
0000000100dbde10	746e756f 00000000 00000000 00000000 
0000000100dbde20	6f72705f 4c74706d 50657669 69766572 
0000000100dbde30	6f437765 00746e75 79646f42 00000000 
0000000100dbde40	706f635f 65654679 63616264 0000006b 
0000000100dbde50	6c65735f 65746365 6c615064 65747465 
0000000100dbde60	646f4200 79730079 6d657473 656d614e 
0000000100dbde70	74636100 006e6f69 4873695f 7265766f 
0000000100dbde80	00676e69 00000000 00000000 00000000 
0000000100dbde90	68006469 0074736f 63736964 7265766f 
0000000100dbdea0	00006465 00000000 00000000 00000000 
0000000100dbdeb0	73657270 65767265 74736e49 4f6c6c61 
0000000100dbdec0	6961466e 6572756c 00444900 68746170 
0000000100dbded0	756f7300 00656372 73776f72 6c657300 
0000000100dbdee0	65746365 74615064 68007368 4e74736f 
0000000100dbdef0	00656d61 61436e6f 6c65636e 436e6f00 
0000000100dbdf00	69666e6f 5f006d72 65646f6d 6d5f006c 
0000000100dbdf10	61756e61 7461506c 00000068 00000000 
0000000100dbdf20	6f68735f 6e497377 696c6176 74615064 
0000000100dbdf30	6f420068 00007964 00000000 00000000 
0000000100dbdf40	64416e6f 645f0064 696d7369 5f007373 
0000000100dbdf50	74736f68 73755f00 5f007265 61696c61 
0000000100dbdf60	735f0073 704f6873 6e6f6974 00000073 
0000000100dbdf70	6e616d5f 436c6175 656e6e6f 6f697463 
0000000100dbdf80	6c6e4f6e 00000079 00000000 00000000 
0000000100dbdf90	7475615f 6470556f 48657461 736b6f6f 
0000000100dbdfa0	00000000 00000000 00000000 00000000 
0000000100dbdfb0	6d65725f 4365746f 6475616c 61735565 
0000000100dbdfc0	65526567 4579616c 6c62616e 00006465 
0000000100dbdfd0	6d65725f 4365746f 7865646f 67617355 
0000000100dbdfe0	6f725065 6e456562 656c6261 6f420064 
0000000100dbdff0	74007964 656c7469 62757300 4c74696d 
0000000100dbe000	6c656261 6e616300 6d627553 6f007469 
0000000100dbe010	6275536e 0074696d 74736f68 536e6f00 
0000000100dbe020	00657661 6964655f 736f4874 655f0074 
0000000100dbe030	55746964 00726573 6964655f 696c4174 
0000000100dbe040	5f007361 74696465 4f485353 6f697470 
0000000100dbe050	0000736e 00000000 00000000 00000000 
0000000100dbe060	6964655f 6e614d74 436c6175 656e6e6f 
0000000100dbe070	6f697463 6c6e4f6e 00000079 00000000 
0000000100dbe080	6964655f 74754174 6470556f 48657461 
0000000100dbe090	736b6f6f 00000000 00000000 00000000 
0000000100dbe0a0	6964655f 6d655274 4365746f 6475616c 
0000000100dbe0b0	61735565 65526567 4579616c 6c62616e 
0000000100dbe0c0	00006465 00000000 00000000 00000000 
0000000100dbe0d0	6964655f 6d655274 4365746f 7865646f 
0000000100dbe0e0	67617355 6f725065 6e456562 656c6261 
0000000100dbe0f0	65680064 5f00706c 6e4f7369 00000000 
0000000100dbe100	74736f68 44736900 6f6c7065 676e6979 
0000000100dbe110	446e6f00 6f6c7065 00000079 00000000 
0000000100dbe120	6f436e6f 6769666e 43657275 7865646f 
0000000100dbe130	746f6f52 6e6f0073 65766153 00000000 
0000000100dbe140	6c436e6f 756e6165 63755370 73736563 
0000000100dbe150	526e6f00 766f6d65 735f0065 65726f74 
0000000100dbe160	00000000 00000000 00000000 00000000 
0000000100dbe170	6f68735f 6e755477 436c656e 616d6d6f 
0000000100dbe180	0073646e 6f68735f 69644577 65685374 
0000000100dbe190	5f007465 6c437369 696e6165 7055676e 
0000000100dbe1a0	00000000 00000000 00000000 00000000 
0000000100dbe1b0	6f68735f 656c4377 70756e61 666e6f43 
0000000100dbe1c0	006d7269 00000000 00000000 00000000 
0000000100dbe1d0	6f68735f 656c4377 70756e61 75736552 
0000000100dbe1e0	0000746c 00000000 00000000 00000000 
0000000100dbe1f0	6f68735f 6d655277 4365766f 69666e6f 
0000000100dbe200	00006d72 00000000 00000000 00000000 
0000000100dbe210	656c635f 70756e61 75736552 654d746c 
0000000100dbe220	67617373 00000065 00000000 00000000 
0000000100dbe230	6e65705f 676e6964 6f6d6552 66416576 
0000000100dbe240	41726574 7472656c 646f4200 6f680079 
0000000100dbe250	614e7473 7300656d 65746174 43736900 
0000000100dbe260	6b636568 00676e69 68436e6f 006b6365 
0000000100dbe270	70556e6f 65746164 00000000 00000000 
0000000100dbe280	6c65735f 65746365 616c5064 726f6674 
0000000100dbe290	635f006d 6569706f 72754364 635f006c 
0000000100dbe2a0	6569706f 6d655264 0065746f 00000000 
0000000100dbe2b0	6f68735f 66664f77 656e696c 6c6c6146 
0000000100dbe2c0	6b636162 646f4200 00000079 00000000 
0000000100dbe2d0	6f74735f 5f006572 776f6873 53646441 
0000000100dbe2e0	74656568 00000000 00000000 00000000 
0000000100dbe2f0	7065645f 69796f6c 6f48676e 64497473 
0000000100dbe300	65645f00 796f6c70 7373654d 00656761 
0000000100dbe310	7065645f 45796f6c 726f7272 00000000 
0000000100dbe320	6f68735f 73655277 41746c75 7472656c 
0000000100dbe330	00000000 00000000 00000000 00000000 
0000000100dbe340	73616c5f 73655274 53746c75 65636375 
0000000100dbe350	00007373 00000000 00000000 00000000 
0000000100dbe360	6e65705f 676e6964 6c706544 6f48796f 
0000000100dbe370	00007473 00000000 00000000 00000000 
0000000100dbe380	6e65705f 676e6964 65646f43 6f6f5278 
0000000100dbe390	74655374 42007075 0079646f 726f705f 
0000000100dbe3a0	6f680074 5f007473 69706f63 694b6465 
0000000100dbe3b0	4200646e 0079646f 6e6f6369 74697400 
0000000100dbe3c0	6300656c 65746e6f 5f00746e 78457369 
0000000100dbe3d0	646e6170 42006465 0079646f 74786574 
0000000100dbe3e0	646f4200 6b5f0079 6f437965 64006564 
0000000100dbe3f0	75616665 654b746c 646f4379 695f0065 
0000000100dbe400	63655273 6964726f 5f00676e 696e6f6d 
0000000100dbe410	00726f74 79646f42 6f635f00 006f626d 
0000000100dbe420	6f6c6c61 72614277 79654b65 66656400 
0000000100dbe430	746c7561 626d6f43 695f006f 63655273 
0000000100dbe440	6964726f 5f00676e 696e6f6d 00726f74 
0000000100dbe450	79646f42 00000000 00000000 00000000 
0000000100dbe460	79656b5f 72616f62 6e614d64 72656761 
0000000100dbe470	646f4200 00000079 00000000 00000000 
0000000100dbe480	756f735f 5f00646e 726f7473 6f730065 
0000000100dbe490	65637275 726f7453 75630065 6d6f7473 
0000000100dbe4a0	726f7453 615f0065 446f7475 63657465 
0000000100dbe4b0	00000074 00000000 00000000 00000000 
0000000100dbe4c0	706d695f 5074726f 456b6361 726f7272 
0000000100dbe4d0	65735f00 68637261 74786554 00000000 
0000000100dbe4e0	6975715f 6f487465 53737275 74726174 
0000000100dbe4f0	75715f00 48746569 7372756f 00646e45 
0000000100dbe500	6975715f 6f487465 41737275 76697463 
0000000100dbe510	00000065 00000000 00000000 00000000 
0000000100dbe520	756f735f 6150646e 45736b63 6c62616e 
0000000100dbe530	42006465 0079646f 00000000 00000000 
0000000100dbe540	77656976 65646f4d 0000006c 00000000 
0000000100dbe550	6f68735f 646f4377 65527865 43746573 
0000000100dbe560	73647261 72625f00 65676469 74617453 
0000000100dbe570	625f0065 67646972 73754265 00000079 
0000000100dbe580	6972625f 45656764 726f7272 7373654d 
0000000100dbe590	00656761 79646f42 00000000 00000000 
0000000100dbe5a0	6c65735f 69746365 00006e6f 00000000 
0000000100dbe5b0	66617274 4c636966 74686769 65736e49 
0000000100dbe5c0	6f420074 74007964 656c7469 63657300 
0000000100dbe5d0	6e6f6974 53736900 63656c65 00646574 
0000000100dbe5e0	69746361 5f006e6f 6f487369 69726576 
0000000100dbe5f0	6700676e 72656e65 69006c61 6765746e 
0000000100dbe600	69746172 00736e6f 69746f6e 61636966 
0000000100dbe610	6e6f6974 69640073 616c7073 6f730079 
0000000100dbe620	00646e75 67617375 68730065 6374726f 
0000000100dbe630	00737475 52687373 746f6d65 616c0065 
0000000100dbe640	70007362 00737361 756f6261 44490074 
0000000100dbe650	6c6c4100 65736143 61520073 6c615677 
0000000100dbe660	74006575 656c7469 6f636900 6369006e 
0000000100dbe670	6f436e6f 00726f6c 756f7267 73690070 
0000000100dbe680	69736956 00656c62 61766461 6465636e 
0000000100dbe690	6f727000 74637564 63657300 6e6f6974 
0000000100dbe6a0	646f4200 00000079 00000000 00000000 
0000000100dbe6b0	6c65735f 65746365 63655364 6e6f6974 
0000000100dbe6c0	646f4200 63730079 6e656572 657a6953 
0000000100dbe6d0	616e6100 6974796c 6f007363 78654e6e 
0000000100dbe6e0	705f0074 65736168 65675f00 6172656e 
0000000100dbe6f0	6e6f6974 75635f00 6e657272 65635374 
0000000100dbe700	5f00656e 46646964 73696e69 745f0068 
0000000100dbe710	316d7265 69736956 00656c62 7265745f 
0000000100dbe720	6956326d 6c626973 745f0065 336d7265 
0000000100dbe730	69736956 00656c62 7265745f 6241316d 
0000000100dbe740	62726f73 5f006465 6d726574 73624132 
0000000100dbe750	6562726f 745f0064 336d7265 6f736241 
0000000100dbe760	64656272 65745f00 45316d72 7463656a 
0000000100dbe770	5f006465 6d726574 636f4631 64657375 
0000000100dbe780	75635f00 726f7372 6e696c42 635f006b 
0000000100dbe790	69747061 614c6e6f 006c6562 7061635f 
0000000100dbe7a0	6e6f6974 6e69614d 61635f00 6f697470 
0000000100dbe7b0	6275536e 616c5f00 526c6562 61657665 
0000000100dbe7c0	0064656c 69616d5f 7665526e 656c6165 
0000000100dbe7d0	735f0064 65526275 6c616576 64006465 
0000000100dbe7e0	006f6d65 73646973 766e6500 635f0073 
0000000100dbe7f0	6f737275 6e695772 00776f64 79646f42 
0000000100dbe800	00000000 00000000 00000000 00000000 
0000000100dbe810	64616f6c 00676e69 64616f6c 66006465 
0000000100dbe820	656c6961 65760064 6f697372 6f6c006e 
0000000100dbe830	656c6163 616f6c00 00726564 7369645f 
0000000100dbe840	7373696d 6f6c5f00 74536461 00657461 
0000000100dbe850	6365735f 6e6f6974 6c5f0073 4964616f 
0000000100dbe860	00000044 00000000 00000000 00000000 
0000000100dbe870	6469645f 6f636552 6f4c6472 61466461 
0000000100dbe880	72756c69 6f420065 5f007964 74636573 
0000000100dbe890	736e6f69 646f4200 65760079 6f697372 
0000000100dbe8a0	6e6f006e 00706154 4873695f 7265766f 
0000000100dbe8b0	00676e69 79646f42 61766100 62616c69 
0000000100dbe8c0	6f43656c 00746e75 6c726165 74736569 
0000000100dbe8d0	69707845 00007972 00000000 00000000 
0000000100dbe8e0	6c006469 6c656261 74697400 7400656c 
0000000100dbe8f0	00726569 76004449 65756c61 76656c00 
0000000100dbe900	64006c65 69617465 6572006c 00746573 
0000000100dbe910	756f6d61 6400746e 00617461 756c6176 
0000000100dbe920	646f4d65 65740065 6f007478 7463416e 
0000000100dbe930	74617669 6e6f0065 6d736944 00737369 
0000000100dbe940	4873695f 7265766f 70006465 706d6f72 
0000000100dbe950	6e6f0074 6e65704f 74746553 73676e69 
0000000100dbe960	61747300 70006574 69766f72 00726564 
0000000100dbe970	656e616c 78616d00 65726f43 646e6957 
0000000100dbe980	0073776f 00000000 00000000 00000000 
0000000100dbe990	6461656c 55676e69 4374696e 746e756f 
0000000100dbe9a0	00000000 00000000 00000000 00000000 
0000000100dbe9b0	69617274 676e696c 74696e55 6e756f43 
0000000100dbe9c0	68730074 5273776f 74657365 656d6954 
0000000100dbe9d0	6f630073 6361706d 61705374 676e6963 
0000000100dbe9e0	00000000 00000000 00000000 00000000 
0000000100dbe9f0	766f7270 72656469 6c637943 41676e69 
0000000100dbea00	6c696176 656c6261 436e6f00 656c6379 
0000000100dbea10	6e6f6300 746e6574 646f4200 6f630079 
0000000100dbea20	6e69626d 63006465 0065726f 706f6373 
0000000100dbea30	63006465 69746e6f 756f756e 656c0073 
0000000100dbea40	6e696461 72740067 696c6961 7300676e 
0000000100dbea50	00657a69 6d6d6964 52006465 61567761 
0000000100dbea60	0065756c 6d696e41 62617461 6144656c 
0000000100dbea70	00006174 00000000 00000000 00000000 
0000000100dbea80	386f7369 46313036 616d726f 72657474 
0000000100dbea90	00000000 00000000 00000000 00000000 
0000000100dbeaa0	7473616c 6e657645 6d695474 61747365 
0000000100dbeab0	6c00706d 636e7561 00644968 00000000 
0000000100dbeac0	75437369 6e657272 75614c74 4668636e 
0000000100dbead0	74737269 6e75614c 00006863 00000000 
0000000100dbeae0	6b616570 73736553 436e6f69 746e756f 
0000000100dbeaf0	00000000 00000000 00000000 00000000 
0000000100dbeb00	61746f74 7365536c 6e6f6973 6e756f43 
0000000100dbeb10	70610074 766f7270 6f436c61 00746e75 
0000000100dbeb20	656a6572 6f697463 756f436e 0000746e 
0000000100dbeb30	73657571 6e6f6974 77736e41 6f437265 
0000000100dbeb40	00746e75 00000000 00000000 00000000 
0000000100dbeb50	6f6c6c61 776c4177 43737961 746e756f 
0000000100dbeb60	70786500 43646e61 746e756f 00000000 
0000000100dbeb70	6d726574 6c616e69 706d754a 6e756f43 
0000000100dbeb80	00000074 00000000 00000000 00000000 
0000000100dbeb90	61647075 68436574 4e6b6365 6470556f 
0000000100dbeba0	43657461 746e756f 00000000 00000000 
0000000100dbebb0	61707865 614d646e 6c61756e 6e756f43 
0000000100dbebc0	78650074 646e6170 6f747541 6e756f43 
0000000100dbebd0	00000074 00000000 00000000 00000000 
0000000100dbebe0	61707865 7744646e 536c6c65 6e6f6365 
0000000100dbebf0	6a007364 43706d75 6b63696c 6e756f43 
0000000100dbec00	00000074 00000000 00000000 00000000 
0000000100dbec10	706d756a 6279654b 6472616f 6e756f43 
0000000100dbec20	756a0074 7541706d 6f436f74 00746e75 
0000000100dbec30	61707962 63417373 61766974 43646574 
0000000100dbec40	746e756f 00000000 00000000 00000000 
0000000100dbec50	73756f6d 61654c65 6f436576 70616c6c 
0000000100dbec60	6f436573 00746e75 00000000 00000000 
0000000100dbec70	6d726574 6c616e69 65707954 6e756f43 
0000000100dbec80	73007374 6372756f 756f4365 0073746e 
0000000100dbec90	65646f6d 6d61466c 43796c69 746e756f 
0000000100dbeca0	75730073 63616672 756f4365 0073746e 
0000000100dbecb0	636e6f63 73636553 00000000 00000000 
0000000100dbecc0	7473616c 6f706552 64657472 636e6f43 
0000000100dbecd0	73636553 6c756d00 67416974 53746e65 
0000000100dbece0	00736365 00000000 00000000 00000000 
0000000100dbecf0	7473616c 6f706552 64657472 746c754d 
0000000100dbed00	65674169 6553746e 00007363 00000000 
0000000100dbed10	7473616c 636e6f43 706d6153 6954656c 
0000000100dbed20	0000656d 00000000 00000000 00000000 
0000000100dbed30	636e6f63 65727275 5479636e 72656d69 
0000000100dbed40	686f6300 4674726f 7367616c 00000000 
0000000100dbed50	46646964 45657269 796c7261 72616548 
0000000100dbed60	61656274 00000074 00000000 00000000 
0000000100dbed70	61697274 6174536c 64657472 6f706552 
0000000100dbed80	64657472 654d6e49 79726f6d 00000000 
0000000100dbed90	7473616c 6f706552 64657472 72707041 
0000000100dbeda0	6c61766f 00000073 00000000 00000000 
0000000100dbedb0	7473616c 6f706552 64657472 656a6552 
0000000100dbedc0	6f697463 0000736e 00000000 00000000 
0000000100dbedd0	7473616c 6f706552 64657472 73657551 
0000000100dbede0	6e6f6974 77736e41 00737265 00000000 
0000000100dbedf0	7473616c 6f706552 64657472 6f6c6c41 
0000000100dbee00	776c4177 00737961 00000000 00000000 
0000000100dbee10	7473616c 6f706552 64657472 61707845 
0000000100dbee20	0073646e 00000000 00000000 00000000 
0000000100dbee30	7473616c 6f706552 64657472 6d726554 
0000000100dbee40	6c616e69 706d754a 00000073 00000000 
0000000100dbee50	7473616c 6f706552 64657472 61647055 
0000000100dbee60	68436574 4e6b6365 6470556f 00657461 
0000000100dbee70	7473616c 6f706552 64657472 61707845 
0000000100dbee80	614d646e 6c61756e 00000000 00000000 
0000000100dbee90	7473616c 6f706552 64657472 61707845 
0000000100dbeea0	7541646e 00006f74 00000000 00000000 
0000000100dbeeb0	7473616c 6f706552 64657472 61707845 
0000000100dbeec0	7744646e 006c6c65 00000000 00000000 
0000000100dbeed0	7473616c 6f706552 64657472 706d754a 
0000000100dbeee0	63696c43 0000006b 00000000 00000000 
0000000100dbeef0	7473616c 6f706552 64657472 706d754a 
0000000100dbef00	6279654b 6472616f 00000000 00000000 
0000000100dbef10	7473616c 6f706552 64657472 706d754a 
0000000100dbef20	6f747541 00000000 00000000 00000000 
0000000100dbef30	7473616c 6f706552 64657472 61707942 
0000000100dbef40	63417373 61766974 00646574 00000000 
0000000100dbef50	7473616c 6f706552 64657472 73756f4d 
0000000100dbef60	61654c65 6f436576 70616c6c 6c006573 
0000000100dbef70	636e7561 6d695468 65680065 62747261 
0000000100dbef80	54746165 72656d69 73616c00 73655374 
0000000100dbef90	6e6f6973 00736449 00000000 00000000 
0000000100dbefa0	7366666f 73007465 00657a69 34367369 
0000000100dbefb0	00746942 69646e65 656e6e61 69007373 
0000000100dbefc0	6765746e 79746972 74617453 00007375 
0000000100dbefd0	63657865 62617475 6f4c656c 74536461 
0000000100dbefe0	73757461 00000000 00000000 00000000 
0000000100dbeff0	65747865 6c616e72 706c6548 74537265 
0000000100dbf000	73757461 00000000 00000000 00000000 
0000000100dbf010	646e7562 4449656c 6374614d 4f736568 
0000000100dbf020	63696666 006c6169 00000000 00000000 
0000000100dbf030	706c6568 69427265 7972616e 73657250 
0000000100dbf040	00746e65 00000000 00000000 00000000 
0000000100dbf050	6e676973 54676e69 4d6d6165 68637461 
0000000100dbf060	664f7365 69636966 00006c61 00000000 
0000000100dbf070	64726168 64656e65 746e7552 45656d69 
0000000100dbf080	6c62616e 63006465 5565646f 7571696e 
0000000100dbf090	73614865 696c0068 656c7474 67696200 
0000000100dbf0a0	44736900 6c707369 73417961 7065656c 
0000000100dbf0b0	53736900 65657263 636f4c6e 0064656b 
0000000100dbf0c0	7473616c 656b6157 6f007441 72657362 
0000000100dbf0d0	73726576 65676100 0073746e 6d726574 
0000000100dbf0e0	6c616e69 616e0073 6900656d 74654473 
0000000100dbf0f0	65746365 64690064 00444900 73006469 
0000000100dbf100	6e616d65 54636974 00657079 65646f6d 
0000000100dbf110	73006449 74726174 00676e69 00004449 
0000000100dbf120	6f006469 6168436e 0065676e 00000000 
0000000100dbf130	72727563 41746e65 76697463 646f4d65 
0000000100dbf140	00644965 00000000 00000000 00000000 
0000000100dbf150	65697571 69725474 72656767 65646f4d 
0000000100dbf160	00736449 00000000 00000000 00000000 
0000000100dbf170	63736964 7265766f 75436465 6d6f7473 
0000000100dbf180	65646f4d 74730073 6d616572 61747300 
0000000100dbf190	64657472 6d657300 69746e61 70795463 
0000000100dbf1a0	6e6f0065 6e657645 75710074 00657565 
0000000100dbf1b0	636f7270 00737365 66667562 73007265 
0000000100dbf1c0	70706f74 72006465 61747365 61427472 
0000000100dbf1d0	666f6b63 00000066 00000000 00000000 
0000000100dbf1e0	66657270 74007869 696d7265 496c616e 
0000000100dbf1f0	00000064 00000000 00000000 00000000 
0000000100dbf200	646e7562 6449656c 69746e65 72656966 
0000000100dbf210	6f686700 79747473 00646950 61647075 
0000000100dbf220	41646574 00000074 00000000 00000000 
0000000100dbf230	65696c63 6800746e 5074736f 00006469 
0000000100dbf240	646e7562 6449656c 69746e65 72656966 
0000000100dbf250	72757300 65636166 6f686700 79747473 
0000000100dbf260	6d726554 6c616e69 74746f00 6e615079 
0000000100dbf270	6f660065 65737563 6e615064 6f660065 
0000000100dbf280	65737563 62615464 6e617000 6e6f4765 
0000000100dbf290	65730065 72657672 6e776f44 64697000 
0000000100dbf2a0	79747400 69727500 65686353 6300656d 
0000000100dbf2b0	6150696c 62006874 6c646e75 00644965 
0000000100dbf2c0	4e696c63 00656d61 6c6c6166 6b636162 
0000000100dbf2d0	68746150 69640073 616c7073 6d614e79 
0000000100dbf2e0	6b730065 75417069 6e496f74 6c617473 
0000000100dbf2f0	6469006c 44736900 63657465 00646574 
0000000100dbf300	6e497369 6c617473 0064656c 43736168 
0000000100dbf310	4900494c 6f6c0044 72006b63 79646165 
0000000100dbf320	646e7542 6449656c 67610073 4e746e65 
0000000100dbf330	00656d61 6e776f64 64616f6c 74416465 
0000000100dbf340	00000000 00000000 00000000 00000000 
0000000100dbf350	75636f66 00646573 72676564 64656461 
0000000100dbf360	616e7500 6c696176 656c6261 00000000 
0000000100dbf370	61766e69 5364696c 69737365 44496e6f 
0000000100dbf380	70706100 52746f4e 696e6e75 7400676e 
0000000100dbf390	65677261 746f4e74 6e756f46 00000064 
0000000100dbf3a0	73736573 536e6f69 63656c65 6e6f6974 
0000000100dbf3b0	6c696146 52006465 61567761 0065756c 
0000000100dbf3c0	6c006469 6c656261 72616300 526e6f62 
0000000100dbf3d0	68006665 6c646e61 68007265 654b746f 
0000000100dbf3e0	6e007379 49747865 76650064 48746e65 
0000000100dbf3f0	6c646e61 73007265 616e6769 65727574 
0000000100dbf400	00000000 00000000 00000000 00000000 
0000000100dbf410	7265705f 74736973 48746e65 654b746f 
0000000100dbf420	73644979 00000000 00000000 00000000 
0000000100dbf430	7078655f 65646e61 746f4864 4979654b 
0000000100dbf440	00007364 00000000 00000000 00000000 
0000000100dbf450	6977735f 65686374 746f4872 4979654b 
0000000100dbf460	5f007364 63417369 65766974 00000000 
0000000100dbf470	5073695f 69737265 6e657473 74634174 
0000000100dbf480	00657669 00000000 00000000 00000000 
0000000100dbf490	5373695f 63746977 41726568 76697463 
0000000100dbf4a0	665f0065 7367616c 696e6f4d 00726f74 
0000000100dbf4b0	636f6c5f 6c466c61 4d736761 74696e6f 
0000000100dbf4c0	0000726f 00000000 00000000 00000000 
0000000100dbf4d0	6f6c675f 4b6c6162 6f447965 6f4d6e77 
0000000100dbf4e0	6f74696e 00000072 00000000 00000000 
0000000100dbf4f0	636f6c5f 654b6c61 776f4479 6e6f4d6e 
0000000100dbf500	726f7469 616c5f00 69467473 41646572 
0000000100dbf510	65640074 57707564 6f646e69 00000077 
0000000100dbf520	656c6572 746e6176 69646f4d 72656966 
0000000100dbf530	67616c46 00000073 00000000 00000000 
0000000100dbf540	6977735f 65686374 73614872 6976614e 
0000000100dbf550	65746167 00000064 00000000 00000000 
0000000100dbf560	6977735f 65686374 65704f72 4164656e 
0000000100dbf570	00000074 00000000 00000000 00000000 
0000000100dbf580	69646f6d 72656966 646c6f48 65726854 
0000000100dbf590	6c6f6873 695f0064 646f4d73 65696669 
0000000100dbf5a0	6c654872 6d5f0064 6669646f 4b726569 
0000000100dbf5b0	00007965 00000000 00000000 00000000 
0000000100dbf5c0	6f68735f 75637472 6e457374 656c6261 
0000000100dbf5d0	00000064 00000000 00000000 00000000 
0000000100dbf5e0	7665725f 65737265 74697753 72656863 
0000000100dbf5f0	62616e45 0064656c 7070615f 61766f72 
0000000100dbf600	79654b6c 00000073 00000000 00000000 
0000000100dbf610	6977735f 65686374 79654b72 626d6f43 
0000000100dbf620	0000006f 00000000 00000000 00000000 
0000000100dbf630	6c6f635f 7370616c 79654b65 626d6f43 
0000000100dbf640	0000006f 00000000 00000000 00000000 
0000000100dbf650	626f245f 76726573 6f697461 6765526e 
0000000100dbf660	72747369 63007261 72746e6f 6f006c6f 
0000000100dbf670	6f697470 6f63006e 6e616d6d 70610064 
0000000100dbf680	766f7270 65640065 7400796e 696d7265 
0000000100dbf690	006c616e 61776c61 62007379 73617079 
0000000100dbf6a0	656b0073 646f4379 61630065 6e6f6272 
0000000100dbf6b0	69646f4d 72656966 44490073 6c6c4100 
0000000100dbf6c0	65736143 61520073 6c615677 6d006575 
0000000100dbf6d0	6669646f 73726569 75616c00 6568636e 
0000000100dbf6e0	00744164 696e6f6d 54726f74 006b7361 
0000000100dbf6f0	6b636f6c 74616400 65740061 6e696d72 
0000000100dbf700	64496c61 64697000 79747400 6e617000 
0000000100dbf710	76007365 69737265 61006e6f 69507070 
0000000100dbf720	65740064 6e696d72 00736c61 73736573 
0000000100dbf730	736e6f69 73657300 6e6f6973 74006449 
0000000100dbf740	696d7265 496c616e 70007364 49656e61 
0000000100dbf750	61700064 7454656e 61700079 6950656e 
0000000100dbf760	00000064 00000000 00000000 00000000 
0000000100dbf770	65746564 726f7463 655f0073 6c62616e 
0000000100dbf780	6c006465 50747361 696c6275 64656873 
0000000100dbf790	00000000 00000000 00000000 00000000 
0000000100dbf7a0	626f245f 76726573 6f697461 6765526e 
0000000100dbf7b0	72747369 69007261 6e6f0064 6e616843 
0000000100dbf7c0	77006567 68637461 75517265 00797265 
0000000100dbf7d0	6c6c6f70 65746e49 6c617672 6d697400 
0000000100dbf7e0	61007265 76697463 64690065 436e6f00 
0000000100dbf7f0	676e6168 73690065 656c7341 69007065 
0000000100dbf800	636f4c73 0064656b 6573626f 72657672 
0000000100dbf810	00000073 00000000 00000000 00000000 
0000000100dbf820	74746573 73676e69 004c5255 69616863 
0000000100dbf830	6172576e 72657070 004c5255 00000000 
0000000100dbf840	6769726f 6c616e69 6d6d6f43 55646e61 
0000000100dbf850	63004c52 65686361 656c6946 616e6500 
0000000100dbf860	42656c62 67646972 65720065 726f7473 
0000000100dbf870	69724265 00656764 00000000 00000000 
0000000100dbf880	61706572 74537269 73757461 656e696c 
0000000100dbf890	00000000 00000000 00000000 00000000 
0000000100dbf8a0	74737563 6f4e6d6f 736e4974 6c6c6174 
0000000100dbf8b0	63006465 6f747375 736e496d 6c6c6174 
0000000100dbf8c0	00006465 00000000 00000000 00000000 
0000000100dbf8d0	74737563 68436d6f 4e6e6961 6e49746f 
0000000100dbf8e0	6c617473 0064656c 00000000 00000000 
0000000100dbf8f0	74737563 68436d6f 496e6961 6174736e 
0000000100dbf900	64656c6c 00000000 00000000 00000000 
0000000100dbf910	74737563 63536d6f 74706972 7373694d 
0000000100dbf920	00676e69 00000000 00000000 00000000 
0000000100dbf930	75436f6e 6d6f7473 74617453 696c7375 
0000000100dbf940	0000656e 00000000 00000000 00000000 
0000000100dbf950	616e616d 42646567 62695679 6c734965 
0000000100dbf960	00646e61 64616572 6c696146 77006465 
0000000100dbf970	65746972 6c696146 62006465 756b6361 
0000000100dbf980	69614670 0064656c 00000000 00000000 
0000000100dbf990	74746573 73676e69 46746f4e 646e756f 
0000000100dbf9a0	72637300 4e747069 6f46746f 00646e75 
0000000100dbf9b0	75736e75 726f7070 53646574 65746174 
0000000100dbf9c0	00000000 00000000 00000000 00000000 
0000000100dbf9d0	74536f6e 526e6964 41646165 6f68636e 
0000000100dbf9e0	00000072 00000000 00000000 00000000 
0000000100dbf9f0	75636f66 00646573 72676564 64656461 
0000000100dbfa00	616e7500 6c696176 656c6261 766e6900 
0000000100dbfa10	64696c61 00595454 67726174 6f4e7465 
0000000100dbfa20	756f4674 0000646e 00000000 00000000 
0000000100dbfa30	53626174 63656c65 6e6f6974 6c696146 
0000000100dbfa40	52006465 61567761 0065756c 72657469 
0000000100dbfa50	7700326d 00707261 0070617a 736f6867 
0000000100dbfa60	00797474 78756d63 63737600 0065646f 
0000000100dbfa70	6d726574 6c616e69 756d7400 6f630078 
0000000100dbfa80	6375646e 00726f74 69746e61 76617267 
0000000100dbfa90	00797469 73727563 7300726f 72657075 
0000000100dbfaa0	00746573 63616c61 74746972 696b0079 
0000000100dbfab0	00797474 65707968 69770072 7573646e 
0000000100dbfac0	6b006672 006f7269 0064657a 747a6577 
0000000100dbfad0	006d7265 756b616b 74746f00 65740079 
0000000100dbfae0	75696d72 6c700073 73757865 6b6e7500 
0000000100dbfaf0	6e776f6e 77615200 756c6156 00000065 
0000000100dbfb00	00626174 646e6977 6700776f 74736f68 
0000000100dbfb10	69507974 74610064 68636174 66006465 
0000000100dbfb20	656c6961 00000064 00000000 00000000 
0000000100dbfb30	74416f6e 68636174 6c436465 746e6569 
0000000100dbfb40	726f7700 6170736b 6f526563 6100746f 
0000000100dbfb50	52557070 6974004c 4d656c74 656b7261 
0000000100dbfb60	70610072 6e754270 49656c64 65740064 
0000000100dbfb70	6e696d72 55556c61 66004449 7375636f 
0000000100dbfb80	6e006465 6f46746f 65737563 6e750064 
0000000100dbfb90	776f6e6b 6168006e 43434373 6e65696c 
0000000100dbfba0	6e007374 43436e6f 00797454 436e6f6e 
0000000100dbfbb0	696c4343 50746e65 00006469 00000000 
0000000100dbfbc0	65696c63 6950746e 6c630064 746e6569 
0000000100dbfbd0	4b595454 68007965 5074736f 00006469 
0000000100dbfbe0	646e7562 6449656c 69746e65 72656966 
0000000100dbfbf0	72757300 65636166 646e694b 72757300 
0000000100dbfc00	65636166 75006449 74616470 74416465 
0000000100dbfc10	6f686700 79747473 6d726554 6c616e69 
0000000100dbfc20	74746f00 6e615079 61520065 6c615677 
0000000100dbfc30	00006575 00000000 00000000 00000000 
0000000100dbfc40	656e616c 636f4c73 616c006b 0073656e 
0000000100dbfc50	68747561 7469726f 636f4c79 7865006b 
0000000100dbfc60	74756365 4c6e6f69 006b636f 656e776f 
0000000100dbfc70	64240072 75616665 6341746c 00726f74 
0000000100dbfc80	646e6570 54676e69 656c7469 65640073 
0000000100dbfc90	6e756f62 61546563 69006b73 696c466e 
0000000100dbfca0	46746867 6873756c 64007365 756f6265 
0000000100dbfcb0	4465636e 79616c65 73657300 6e6f6973 
0000000100dbfcc0	00006449 00000000 00000000 00000000 
0000000100dbfcd0	746e7572 49656d69 6174736e 4965636e 
0000000100dbfce0	6f630064 7865746e 69740074 00656c74 
0000000100dbfcf0	756f6873 7041646c 00796c70 78756d74 
0000000100dbfd00	656e6150 696c6300 73736553 496e6f69 
0000000100dbfd10	00000064 00000000 00000000 00000000 
0000000100dbfd20	646e7562 6449656c 00000000 00000000 
0000000100dbfd30	73736573 556e6f69 63534c52 656d6568 
0000000100dbfd40	53626400 61706275 64006874 476b636f 
0000000100dbfd50	75747365 73006572 6f626d79 4863696c 
0000000100dbfd60	654b746f 69770079 776f646e 6f004449 
0000000100dbfd70	72656e77 00444950 6579616c 6f620072 
0000000100dbfd80	73646e75 74697400 0000656c 00000000 
0000000100dbfd90	7466656c 67697200 73007468 63746977 
0000000100dbfda0	00646568 76616e75 616c6961 00656c62 
0000000100dbfdb0	65726c61 43796461 65727275 0000746e 
0000000100dbfdc0	70736964 4979616c 746e6564 65696669 
0000000100dbfdd0	61740072 74656772 63617053 00444965 
0000000100dbfde0	65726964 6f697463 656b006e 65725079 
0000000100dbfdf0	6f437373 00746e75 6e656469 69666974 
0000000100dbfe00	63007265 65727275 7053746e 49656361 
0000000100dbfe10	726f0044 65726564 61705364 44496563 
0000000100dbfe20	00000073 00000000 00000000 00000000 
0000000100dbfe30	67726174 70537465 55656361 6f6e6b6e 
0000000100dbfe40	00006e77 00000000 00000000 00000000 
0000000100dbfe50	726f6873 74756374 76616e55 616c6961 
0000000100dbfe60	00656c62 00000000 00000000 00000000 
0000000100dbfe70	67726174 69447465 616c7073 616e5579 
0000000100dbfe80	6c696176 656c6261 00000000 00000000 
0000000100dbfe90	73727563 6f4d726f 61466576 64656c69 
0000000100dbfea0	00000000 00000000 00000000 00000000 
0000000100dbfeb0	6e657665 65724374 6f697461 6961466e 
0000000100dbfec0	0064656c 74697773 69546863 4f64656d 
0000000100dbfed0	52007475 61567761 0065756c 00000000 
0000000100dbfee0	73696172 78456465 57746361 6f646e69 
0000000100dbfef0	6e750077 69617661 6c62616c 00000065 
0000000100dbff00	69746361 65746176 6e695364 57656c67 
0000000100dbff10	6f646e69 70610077 746f4e70 6e6e7552 
0000000100dbff20	00676e69 00000000 00000000 00000000 
0000000100dbff30	72506f6e 72616d69 6e695779 73776f64 
0000000100dbff40	00000000 00000000 00000000 00000000 
0000000100dbff50	7373696d 57676e69 6f646e69 65644977 
0000000100dbff60	7469746e 00000079 00000000 00000000 
0000000100dbff70	6c617473 6e695765 49776f64 746e6564 
0000000100dbff80	00797469 00000000 00000000 00000000 
0000000100dbff90	63617073 76614e65 74616769 556e6f69 
0000000100dbffa0	6176616e 62616c69 0000656c 00000000 
0000000100dbffb0	63617865 6e695774 55776f64 6176616e 
0000000100dbffc0	62616c69 5200656c 61567761 0065756c 
0000000100dbffd0	436c6c41 73657361 646f4200 68730079 
0000000100dbffe0	00657061 74786574 53667300 6f626d79 
0000000100dbfff0	6d69006c 00656761 63726963 7400656c 
0000000100dc0000	6e616972 00656c67 61757173 73006572 
0000000100dc0010	526d696c 61746365 656c676e 756f7200 
0000000100dc0020	6465646e 736f7243 635f0073 746e756f 
0000000100dc0030	5f007265 666e6f63 69747465 666e6f43 
0000000100dc0040	5f006769 6d696e61 00657461 00000000 
0000000100dc0050	6e69665f 65687369 696e4164 6974616d 
0000000100dc0060	6f436e6f 65746e75 665f0072 74737269 
0000000100dc0070	65707041 5f007261 6f727265 6e5f0072 
0000000100dc0080	5f006d75 70616873 5f007365 6f6c6f63 
0000000100dc0090	5f007372 666e6f63 69747465 657a6953 
0000000100dc00a0	61725f00 65486e69 74686769 61665f00 
0000000100dc00b0	4f736564 5f007475 6361706f 00797469 
0000000100dc00c0	65706f5f 676e696e 6c676e41 635f0065 
0000000100dc00d0	69736f6c 6e41676e 00656c67 6461725f 
0000000100dc00e0	00737569 7065725f 74697465 736e6f69 
0000000100dc00f0	00000000 00000000 00000000 00000000 
0000000100dc0100	7065725f 74697465 496e6f69 7265746e 
0000000100dc0110	006c6176 00000000 00000000 00000000 
0000000100dc0120	7078655f 69736f6c 6e416e6f 74616d69 
0000000100dc0130	446e6f69 74617275 006e6f69 00000000 
0000000100dc0140	6961725f 696e416e 6974616d 75446e6f 
0000000100dc0150	69746172 00006e6f 00000000 00000000 
0000000100dc0160	656a624f 69577463 68436c6c 65676e61 
0000000100dc0170	6c627550 65687369 00780072 6c5f0079 
0000000100dc0180	7461636f 006e6f69 6168735f 5f006570 
0000000100dc0190	6f6c6f63 735f0072 446e6970 00587269 
0000000100dc01a0	6970735f 7269446e 6d5f005a 0065766f 
0000000100dc01b0	7053785f 00646565 70537a5f 00646565 
0000000100dc01c0	636e615f 00726f68 6d696e41 62617461 
0000000100dc01d0	6144656c 42006174 0079646f 6d696e41 
0000000100dc01e0	62617461 6144656c 42006174 0079646f 
0000000100dc01f0	6d696e41 62617461 6144656c 42006174 
0000000100dc0200	0079646f 00000000 00000000 00000000 
0000000100dc0210	646e7562 6449656c 73696400 79616c70 
0000000100dc0220	656d614e 61657200 006e6f73 6e457369 
0000000100dc0230	656c6261 73690064 6c697542 006e4974 
0000000100dc0240	7761725f 756c6156 61520065 6c615677 
0000000100dc0250	5f006575 656a624f 76697463 79544365 
0000000100dc0260	52006570 61567761 0065756c 436c6c41 
0000000100dc0270	73657361 74617000 6e726574 74616d00 
0000000100dc0280	79546863 64006570 6c707369 614e7961 
0000000100dc0290	7200656d 6f736165 7369006e 6c697542 
0000000100dc02a0	006e4974 746e6f63 736e6961 65727000 
0000000100dc02b0	00786966 61757165 6900736c 616e4573 
0000000100dc02c0	64656c62 00000000 00000000 00000000 
0000000100dc02d0	73726576 006e6f69 00000000 00000000 
0000000100dc02e0	696e6564 6e416465 74736563 7542726f 
0000000100dc02f0	656c646e 00000073 00000000 00000000 
0000000100dc0300	696e6564 77436465 74615064 6e726574 
0000000100dc0310	61520073 6c615677 00006575 00000000 
0000000100dc0320	00647763 00000000 00000000 00000000 
0000000100dc0330	646e7562 6449656c 69746e65 72656966 
0000000100dc0340	70610073 6e754270 00656c64 64697665 
0000000100dc0350	65636e65 6a657200 69746365 72006e6f 
0000000100dc0360	63656a65 41646574 65720074 6e6f7361 
0000000100dc0370	77615200 756c6156 6c410065 7361436c 
0000000100dc0380	72007365 67006465 6e656572 756c6200 
0000000100dc0390	6c630065 65647561 646f6300 7a007865 
0000000100dc03a0	65646f63 6d656700 00696e69 69746e61 
0000000100dc03b0	76617267 00797469 73727563 6400726f 
0000000100dc03c0	6e697665 6f726400 71006469 7265646f 
0000000100dc03d0	65777100 7267006e 6b006b6f 00696d69 
0000000100dc03e0	696d696b 65646f43 65656400 65657370 
0000000100dc03f0	696d006b 61727473 6269566c 6f630065 
0000000100dc0400	6f6c6970 6f630074 75626564 00796464 
0000000100dc0410	6f72696b 72656800 0073656d 656e6567 
0000000100dc0420	00636972 65617274 65706f00 646f636e 
0000000100dc0430	696d0065 6f636f6d 71006564 7265646f 
0000000100dc0440	71006e63 7265646f 6b726f77 65777100 
0000000100dc0450	726f776e 7376006b 65646f63 6e656741 
0000000100dc0460	6f770074 75626b72 00796464 616a6167 
0000000100dc0470	646f4365 6d610065 69700070 4d686f00 
0000000100dc0480	00695079 64006469 6c707369 614e7961 
0000000100dc0490	6200656d 646e6172 00424752 64697262 
0000000100dc04a0	64416567 65747061 61520072 6c615677 
0000000100dc04b0	61006575 746e6567 646e6957 6900776f 
0000000100dc04c0	00006564 00000000 00000000 00000000 
0000000100dc04d0	6f706572 656d614e 726f7700 6572746b 
0000000100dc04e0	6d614e65 72620065 68636e61 73657200 
0000000100dc04f0	65766c6f 6f6e0064 74694774 6f706552 
0000000100dc0500	00000000 00000000 00000000 00000000 
0000000100dc0510	6e617274 6e656973 69614674 6572756c 
0000000100dc0520	47736900 72007469 006f7065 6b726f77 
0000000100dc0530	65657274 00000000 00000000 00000000 
0000000100dc0540	6e69616d 6b726f57 65657274 746f6f52 
0000000100dc0550	00000000 00000000 00000000 00000000 
0000000100dc0560	56776152 65756c61 6c6c4100 65736143 
0000000100dc0570	44490073 6f727000 7463656a 00000000 
0000000100dc0580	6a6f7270 41746365 7250646e 74706d6f 
0000000100dc0590	6f727000 0074706d 7761725f 756c6156 
0000000100dc05a0	61520065 6c615677 5f006575 656a624f 
0000000100dc05b0	76697463 79544365 52006570 61567761 
0000000100dc05c0	0065756c 65707974 6d697400 61747365 
0000000100dc05d0	6400706d 00617461 56776152 65756c61 
0000000100dc05e0	65737500 00644972 69616d65 7375006c 
0000000100dc05f0	616e7265 6900656d 64644170 73736572 
0000000100dc0600	67657300 746e656d 6d616e00 65670065 
0000000100dc0610	6164006f 52006174 61567761 0065756c 
0000000100dc0620	62616e65 6956656c 65527765 7265646e 
0000000100dc0630	32567265 00000000 00000000 00000000 
0000000100dc0640	62616e65 6146656c 69567473 65527765 
0000000100dc0650	7265646e 00676e69 6b73616d 496c6c41 
0000000100dc0660	6567616d 616d0073 6c416b73 7865546c 
0000000100dc0670	00000074 00000000 00000000 00000000 
0000000100dc0680	6b73616d 69566465 6c437765 65737361 
0000000100dc0690	00000073 00000000 00000000 00000000 
0000000100dc06a0	616d6e75 64656b73 77656956 73616c43 
0000000100dc06b0	00736573 00000000 00000000 00000000 
0000000100dc06c0	6c637865 64656475 77656956 73616c43 
0000000100dc06d0	00736573 00000000 00000000 00000000 
0000000100dc06e0	6c636e69 64656475 77656956 73616c43 
0000000100dc06f0	00736573 656d616e 72657600 6e6f6973 
0000000100dc0700	746e6900 61726765 6e6f6974 65660073 
0000000100dc0710	72757461 70007365 616b6361 00736567 
0000000100dc0720	74746573 73676e69 61656800 00726564 
0000000100dc0730	6d657469 00000073 00000000 00000000 
0000000100dc0740	56776152 65756c61 6d616e00 6d650065 
0000000100dc0750	006c6961 7373656d 00656761 72756f73 
0000000100dc0760	65006563 746e6576 61006449 63617474 
0000000100dc0770	6e656d68 00007374 00000000 00000000 
0000000100dc0780	6f737361 74616963 76456465 49746e65 
0000000100dc0790	76650064 49746e65 656d0064 67617373 
0000000100dc07a0	69740065 7473656d 00706d61 72617473 
0000000100dc07b0	6d695474 61747365 6c00706d 6c657665 
0000000100dc07c0	616c7000 726f6674 6f6c006d 72656767 
0000000100dc07d0	72657300 4e726576 00656d61 656c6572 
0000000100dc07e0	4e657361 00656d61 74736964 766e6500 
0000000100dc07f0	6e6f7269 746e656d 61727400 6361736e 
0000000100dc0800	6e6f6974 70797400 61740065 65007367 
0000000100dc0810	61727478 6b647300 646f6d00 73656c75 
0000000100dc0820	6e696600 70726567 746e6972 65737500 
0000000100dc0830	6f630072 7865746e 68740074 64616572 
0000000100dc0840	78650073 74706563 006e6f69 63617473 
0000000100dc0850	6172746b 64006563 67756265 6174654d 
0000000100dc0860	65726200 72636461 73626d75 71657200 
0000000100dc0870	74736575 77615200 756c6156 00000065 
0000000100dc0880	69727453 694c676e 61726574 7079546c 
0000000100dc0890	00000065 00000000 00000000 00000000 
0000000100dc08a0	69727453 6e49676e 70726574 74616c6f 
0000000100dc08b0	006e6f69 00000000 00000000 00000000 
0000000100dc08c0	65747845 6465646e 70617247 656d6568 
0000000100dc08d0	73756c43 4c726574 72657469 79546c61 
0000000100dc08e0	00006570 00000000 00000000 00000000 
0000000100dc08f0	63696e55 5365646f 616c6163 74694c72 
0000000100dc0900	6c617265 65707954 73656d00 65676173 
0000000100dc0910	74746100 75626972 00736574 706d6574 
0000000100dc0920	6574616c 00000000 00000000 00000000 
0000000100dc0930	65746e69 6c6f7072 6f697461 756f436e 
0000000100dc0940	0000746e 00000000 00000000 00000000 
0000000100dc0950	626d7973 64416c6f 73657264 69660073 
0000000100dc0960	614e656c 6600656d 74636e75 006e6f69 
0000000100dc0970	75646f6d 7000656c 616b6361 69006567 
0000000100dc0980	6567616d 72646441 00737365 74616c70 
0000000100dc0990	6d726f66 00000000 00000000 00000000 
0000000100dc09a0	74736e69 74637572 416e6f69 65726464 
0000000100dc09b0	6c007373 4e656e69 65626d75 6f630072 
0000000100dc09c0	6e6d756c 626d754e 63007265 65746e6f 
0000000100dc09d0	694c7478 7000656e 6f436572 7865746e 
0000000100dc09e0	6f700074 6f437473 7865746e 61760074 
0000000100dc09f0	69007372 7070416e 61747300 74536b63 
0000000100dc0a00	00747261 56776152 65756c61 72687400 
0000000100dc0a10	49646165 616e0064 7300656d 6b636174 
0000000100dc0a20	63617274 72630065 65687361 75630064 
0000000100dc0a30	6e657272 73690074 6e69614d 77615200 
0000000100dc0a40	756c6156 61760065 0065756c 79746963 
0000000100dc0a50	756f6300 7972746e 65646f43 67657200 
0000000100dc0a60	006e6f69 56776152 65756c61 6d697400 
0000000100dc0a70	61747365 7400706d 65636172 6c006449 
0000000100dc0a80	6c657665 646f6200 74610079 62697274 
0000000100dc0a90	73657475 76657300 74697265 6d754e79 
0000000100dc0aa0	00726562 56776152 65756c61 74756100 
0000000100dc0ab0	666e496f 50497265 67657300 746e656d 
0000000100dc0ac0	65006449 746e6576 65680073 74686769 
0000000100dc0ad0	64697700 73006874 6e697274 6e690067 
0000000100dc0ae0	756e0074 7265626d 6f6f6200 6e61656c 
0000000100dc0af0	74616400 69640065 61007463 79617272 
0000000100dc0b00	6c756e00 6974006c 7473656d 00706d61 
0000000100dc0b10	63736964 65647261 65764564 0073746e 
0000000100dc0b20	6f666e69 73696c50 61725774 72657070 
0000000100dc0b30	62756800 74616400 6f725065 65646976 
0000000100dc0b40	61620072 65686374 61700072 68006874 
0000000100dc0b50	68676965 69770074 00687464 61727564 
0000000100dc0b60	6e6f6974 61726600 6f43656d 00746e75 
0000000100dc0b70	6d617266 74615265 74730065 00747261 
0000000100dc0b80	00646e65 656c6966 657a6953 72637300 
0000000100dc0b90	736e6565 67697300 006c616e 6863616d 
0000000100dc0ba0	65637845 6f697470 7265006e 00726f72 
0000000100dc0bb0	56776152 65756c61 61726600 0073656d 
0000000100dc0bc0	69676572 72657473 6e730073 68737061 
0000000100dc0bd0	5200746f 61567761 0065756c 6576656c 
0000000100dc0be0	6163006c 6f676574 74007972 73656d69 
0000000100dc0bf0	706d6174 70797400 656d0065 67617373 
0000000100dc0c00	61640065 6f006174 69676972 6152006e 
0000000100dc0c10	6c615677 62006575 6c646e75 00000065 
0000000100dc0c20	56776152 65756c61 00000000 00000000 
0000000100dc0c30	73736573 536e6f69 6c706d61 74615265 
0000000100dc0c40	00000065 00000000 00000000 00000000 
0000000100dc0c50	72456e6f 53726f72 6c706d61 74615265 
0000000100dc0c60	616d0065 6c416b73 7865546c 616d0074 
0000000100dc0c70	6c416b73 616d496c 00736567 6c617571 
0000000100dc0c80	00797469 00000000 00000000 00000000 
0000000100dc0c90	6b73616d 69566465 6c437765 65737361 
0000000100dc0ca0	00000073 00000000 00000000 00000000 
0000000100dc0cb0	616d6e75 64656b73 77656956 73616c43 
0000000100dc0cc0	00736573 00000000 00000000 00000000 
0000000100dc0cd0	6c637865 64656475 77656956 73616c43 
0000000100dc0ce0	00736573 00000000 00000000 00000000 
0000000100dc0cf0	6c636e69 64656475 77656956 73616c43 
0000000100dc0d00	00736573 00000000 00000000 00000000 
0000000100dc0d10	62616e65 6956656c 65527765 7265646e 
0000000100dc0d20	32567265 00000000 00000000 00000000 
0000000100dc0d30	62616e65 6146656c 69567473 65527765 
0000000100dc0d40	7265646e 00676e69 6d617266 74615265 
0000000100dc0d50	00000065 00000000 00000000 00000000 
0000000100dc0d60	6f727265 70655272 4479616c 74617275 
0000000100dc0d70	006e6f69 00000000 00000000 00000000 
0000000100dc0d80	73736573 536e6f69 656d6765 7544746e 
0000000100dc0d90	69746172 6d006e6f 6d697861 75446d75 
0000000100dc0da0	69746172 73006e6f 6e496b64 74006f66 
0000000100dc0db0	00657079 646e6168 0064656c 746e7973 
0000000100dc0dc0	69746568 65640063 64006373 00617461 
0000000100dc0dd0	706c6568 6b6e694c 74656d00 61520061 
0000000100dc0de0	6c615677 66006575 616d726f 64657474 
0000000100dc0df0	73656d00 65676173 72617000 00736d61 
0000000100dc0e00	56776152 65756c61 00000000 00000000 
0000000100dc0e10	636f7270 49737365 576f666e 70706172 
0000000100dc0e20	00007265 00000000 00000000 00000000 
0000000100dc0e30	6c5f5f24 5f797a61 726f7473 5f656761 
0000000100dc0e40	79735f24 6d657473 6f666e49 00000000 
0000000100dc0e50	56776152 65756c61 66696c00 63796365 
0000000100dc0e60	0000656c 00000000 00000000 00000000 
0000000100dc0e70	73736573 536e6f69 6c706d61 74615265 
0000000100dc0e80	00000065 00000000 00000000 00000000 
0000000100dc0e90	666f7270 41656c69 74537070 73747261 
0000000100dc0ea0	416e6900 6e497070 64756c63 69007365 
0000000100dc0eb0	7070416e 6c637845 73656475 00646900 
0000000100dc0ec0	61736964 43656c62 68736172 67616944 
0000000100dc0ed0	74736f6e 00736369 656c6564 65746167 
0000000100dc0ee0	00000000 00000000 00000000 00000000 
0000000100dc0ef0	6c6c6163 63617453 0000736b 00000000 
0000000100dc0f00	6c6c6163 63617453 7265506b 65726854 
0000000100dc0f10	00006461 00000000 00000000 00000000 
0000000100dc0f20	65726874 74416461 62697274 64657475 
0000000100dc0f30	00000000 00000000 00000000 00000000 
0000000100dc0f40	6c6c6163 63617453 6f6f526b 61724674 
0000000100dc0f50	0073656d 616e6962 55557972 00004449 
0000000100dc0f60	7366666f 6e497465 69426f74 7972616e 
0000000100dc0f70	74786554 6d676553 00746e65 616e6962 
0000000100dc0f80	614e7972 6100656d 65726464 73007373 
0000000100dc0f90	72466275 73656d61 6d617300 43656c70 
0000000100dc0fa0	746e756f 77615200 756c6156 65730065 
0000000100dc0fb0	6f697373 6152006e 6c615677 6f006575 
0000000100dc0fc0	61726570 6e6f6974 656d614e 74617000 
0000000100dc0fd0	6f630068 6e65746e 52007374 61567761 
0000000100dc0fe0	0065756c 75657571 61725765 72657070 
0000000100dc0ff0	756f7300 00656372 00000000 00000000 
0000000100dc1000	656c6572 4e657361 00656d61 6556736f 
0000000100dc1010	6f697372 6576006e 726f646e 69006449 
0000000100dc1020	62654473 69676775 0000676e 00000000 
0000000100dc1030	74737973 6f426d65 6954746f 7473656d 
0000000100dc1040	00706d61 63417369 65766974 73617700 
0000000100dc1050	6d726554 74616e69 69006465 524e4173 
0000000100dc1060	6f676e4f 00676e69 44537369 6e75524b 
0000000100dc1070	676e696e 00000000 00000000 00000000 
0000000100dc1080	62616e65 6144656c 77536174 6c7a7a69 
0000000100dc1090	00676e69 00000000 00000000 00000000 
0000000100dc10a0	62616e65 6946656c 614d656c 6567616e 
0000000100dc10b0	69775372 696c7a7a 0000676e 00000000 
0000000100dc10c0	62616e65 6e55656c 646e6168 4364656c 
0000000100dc10d0	78455050 74706563 736e6f69 00003256 
0000000100dc10e0	62616e65 6553656c 6f697373 7065526e 
0000000100dc10f0	4979616c 726e556e 61696c65 45656c62 
0000000100dc1100	7269766e 656d6e6f 6500746e 6c62616e 
0000000100dc1110	676f4c65 6f630073 6e6f706d 73746e65 
0000000100dc1120	65766500 6449746e 6b647300 6f666e49 
0000000100dc1130	61727400 6f436563 7865746e 65730074 
0000000100dc1140	7441746e 646f6200 7a695379 6f630065 
0000000100dc1150	65696b6f 65680073 72656461 72660073 
0000000100dc1160	656d6761 6d00746e 6f687465 75710064 
0000000100dc1170	53797265 6e697274 72750067 6152006c 
0000000100dc1180	6c615677 64006575 69616d6f 6f63006e 
0000000100dc1190	52006564 61567761 0065756c 656d616e 
0000000100dc11a0	69757500 6d760064 72646441 00737365 
0000000100dc11b0	72646461 00737365 657a6973 63616300 
0000000100dc11c0	69006568 62654473 6c006775 006b636f 
0000000100dc11d0	00676174 636f7270 6f737365 6f007372 
0000000100dc11e0	48636a62 65706c65 61520072 6c615677 
0000000100dc11f0	74006575 00657079 756c6176 61520065 
0000000100dc1200	6c615677 72006575 6f736165 6163006e 
0000000100dc1210	6f676574 71007972 746e6175 00797469 
0000000100dc1220	656c6966 616e614d 00726567 436c6c41 
0000000100dc1230	73657361 77615200 756c6156 00000065 
0000000100dc1240	6c706572 74537961 54747261 73656d69 
0000000100dc1250	706d6174 70657200 5479616c 00657079 
0000000100dc1260	6d676573 49746e65 72750064 0000736c 
0000000100dc1270	766f7270 6f697369 6c41736e 7665446c 
0000000100dc1280	73656369 00000000 00000000 00000000 
0000000100dc1290	65626d65 64656464 666f7250 50656c69 
0000000100dc12a0	00687461 64616568 64007265 00617461 
0000000100dc12b0	70707573 6574726f 74654e64 6b726f77 
0000000100dc12c0	61746144 6c617600 75006575 0074696e 
0000000100dc12d0	65746e69 6c616e72 70617257 00726570 
0000000100dc12e0	65696c63 6600746e 6873756c 656d6954 
0000000100dc12f0	0074756f 00000000 00000000 00000000 
0000000100dc1300	4278616d 65666675 7a695372 74794265 
0000000100dc1310	64007365 61707369 51686374 65756575 
0000000100dc1320	74706f00 736e6f69 636e6500 6465646f 
0000000100dc1330	73676f4c 636e6500 6465646f 73676f4c 
0000000100dc1340	657a6953 6d697400 6f577265 74496b72 
0000000100dc1350	00006d65 00000000 00000000 00000000 
0000000100dc1360	4e79656b 6f46746f 00646e75 00000000 
0000000100dc1370	62616e75 6f54656c 74736143 756c6156 
0000000100dc1380	00000065 00000000 00000000 00000000 
0000000100dc1390	6e69616d 6f666e49 73696c50 746f4e74 
0000000100dc13a0	6e756f46 75750064 64006469 67756265 
0000000100dc13b0	74004449 00657079 656d616e 616d6900 
0000000100dc13c0	69536567 6900657a 6567616d 72646441 
0000000100dc13d0	00737365 67616d69 416d5665 65726464 
0000000100dc13e0	63007373 4665646f 00656c69 56776152 
0000000100dc13f0	65756c61 6c617600 74006575 00657079 
0000000100dc1400	6863656d 73696e61 6f6d006d 656c7564 
0000000100dc1410	72687400 49646165 74730064 746b6361 
0000000100dc1420	65636172 77615200 756c6156 65 00 
